Date,AAPL,BA,CAT,CVX,GS,JNJ,JPM,KO,MA,MSFT,NVDA,PFE,TSLA,V,WMT,XOM
2019-01-02,39.47999954223633,323.80999755859375,126.37999725341797,110.69000244140625,172.02999877929688,127.75,99.30999755859375,46.93000030517578,189.74000549316406,101.12000274658203,3.4054999351501465,41.034156799316406,20.674667358398438,132.9199981689453,31.113332748413086,69.69000244140625
2019-01-03,35.54750061035156,310.8999938964844,121.51000213623047,108.56999969482422,169.50999450683594,125.72000122070312,97.11000061035156,46.63999938964844,181.17999267578125,97.4000015258789,3.1997499465942383,39.886146545410156,20.02400016784668,128.1300048828125,30.953332901000977,68.62000274658203
2019-01-04,37.064998626708984,327.0799865722656,128.14999389648438,110.81999969482422,175.0500030517578,127.83000183105469,100.69000244140625,47.56999969482422,189.75999450683594,101.93000030517578,3.404750108718872,40.79696273803711,21.179332733154297,133.64999389648438,31.14666748046875,71.1500015258789
2019-01-07,36.98249816894531,328.1099853515625,128.22999572753906,112.26000213623047,176.02000427246094,127.01000213623047,100.76000213623047,46.95000076293945,191.22000122070312,102.05999755859375,3.5850000381469727,41.01517868041992,22.33066749572754,136.05999755859375,31.51333236694336,71.5199966430664
2019-01-08,37.6875,340.5299987792969,129.77000427246094,111.7699966430664,175.3699951171875,129.9600067138672,100.56999969482422,47.47999954223633,192.27999877929688,102.80000305175781,3.4957499504089355,41.204933166503906,22.356666564941406,136.8000030517578,31.733333587646484,72.04000091552734
2019-01-09,38.32749938964844,343.8299865722656,130.27000427246094,113.2699966430664,176.47000122070312,128.92999267578125,100.4000015258789,46.56999969482422,195.77000427246094,104.2699966430664,3.564500093460083,41.119544982910156,22.568666458129883,138.41000366210938,31.6299991607666,72.41999816894531
2019-01-10,38.45000076293945,352.6099853515625,132.9600067138672,113.44999694824219,176.0,129.7100067138672,100.38999938964844,47.06999969482422,196.9499969482422,103.5999984741211,3.6307499408721924,40.14231491088867,22.99799919128418,138.6699981689453,31.65333366394043,72.05000305175781
2019-01-11,38.0724983215332,352.8999938964844,132.10000610351562,112.54000091552734,176.92999267578125,129.75,99.91000366210938,47.34000015258789,195.89999389648438,102.80000305175781,3.720750093460083,40.68311309814453,23.150667190551758,138.05999755859375,31.613332748413086,71.72000122070312
2019-01-14,37.5,350.3599853515625,131.8000030517578,111.72000122070312,178.72000122070312,128.27999877929688,100.94000244140625,47.150001525878906,195.42999267578125,102.05000305175781,3.760999917984009,40.199241638183594,22.293333053588867,137.10000610351562,31.649999618530273,71.62999725341797
2019-01-15,38.26750183105469,352.239990234375,130.69000244140625,112.12000274658203,179.91000366210938,129.36000061035156,101.68000030517578,47.56999969482422,196.52000427246094,105.01000213623047,3.7467501163482666,40.54079818725586,22.961999893188477,137.33999633789062,32.08333206176758,71.66999816894531
2019-01-16,38.73500061035156,352.05999755859375,131.66000366210938,111.4000015258789,197.0800018310547,128.0399932861328,102.5,46.91999816894531,197.77000427246094,105.37999725341797,3.7209999561309814,39.95256042480469,23.06999969482422,137.33999633789062,32.116668701171875,71.63999938964844
2019-01-17,38.96500015258789,359.0899963378906,134.5399932861328,111.95999908447266,199.08999633789062,129.08999633789062,102.91999816894531,47.060001373291016,199.30999755859375,106.12000274658203,3.7929999828338623,40.29411697387695,23.15399932861328,137.27999877929688,32.246665954589844,72.12999725341797
2019-01-18,39.20500183105469,364.7300109863281,136.60000610351562,114.37000274658203,202.5399932861328,130.69000244140625,104.58999633789062,47.61000061035156,202.0,107.70999908447266,3.9232499599456787,40.351043701171875,20.150667190551758,138.5,32.57666778564453,72.98999786376953
2019-01-22,38.32500076293945,357.8999938964844,132.24000549316406,112.33999633789062,197.67999267578125,128.8000030517578,102.94000244140625,47.720001220703125,199.4600067138672,105.68000030517578,3.719249963760376,40.10436248779297,19.92799949645996,138.0500030517578,32.496665954589844,71.88999938964844
2019-01-23,38.47999954223633,358.6099853515625,131.82000732421875,111.38999938964844,196.89999389648438,128.8000030517578,102.68000030517578,48.27000045776367,198.35000610351562,106.70999908447266,3.7322499752044678,40.0,19.172666549682617,137.00999450683594,32.9033317565918,71.30000305175781
2019-01-24,38.17499923706055,358.2699890136719,132.72999572753906,113.51000213623047,197.8000030517578,127.02999877929688,102.73999786376953,47.689998626708984,199.7899932861328,106.19999694824219,3.946000099182129,38.851993560791016,19.43400001525879,137.6999969482422,32.78666687011719,71.4000015258789
2019-01-25,39.439998626708984,364.20001220703125,136.86000061035156,113.22000122070312,200.74000549316406,128.22999572753906,103.38999938964844,47.369998931884766,202.94000244140625,107.16999816894531,4.003749847412109,38.55787658691406,19.80266761779785,138.6699981689453,32.313331604003906,71.72000122070312
2019-01-28,39.07500076293945,362.9700012207031,124.37000274658203,112.16999816894531,199.72000122070312,128.99000549316406,103.87999725341797,47.16999816894531,200.16000366210938,105.08000183105469,3.4502499103546143,37.50474548339844,19.7586669921875,135.99000549316406,32.35333251953125,71.23999786376953
2019-01-29,38.66999816894531,364.9100036621094,126.52999877929688,111.83000183105469,200.5,130.3300018310547,104.16999816894531,47.400001525878906,199.24000549316406,102.94000244140625,3.2899999618530273,38.68121337890625,19.83066749572754,135.0,32.23666763305664,71.51000213623047
2019-01-30,41.3125,387.7200012207031,130.11000061035156,113.01000213623047,202.47999572753906,131.63999938964844,104.41000366210938,47.86000061035156,204.02000427246094,106.37999725341797,3.4347500801086426,39.44971466064453,20.584667205810547,137.60000610351562,31.600000381469727,72.29000091552734
2019-01-31,41.61000061035156,385.6199951171875,133.16000366210938,114.6500015258789,198.00999450683594,133.0800018310547,103.5,48.130001068115234,211.1300048828125,104.43000030517578,3.59375,40.275142669677734,20.468000411987305,135.00999450683594,31.94333267211914,73.27999877929688
2019-02-01,41.630001068115234,387.42999267578125,130.91000366210938,118.37000274658203,196.5399932861328,134.1999969482422,103.87999725341797,48.70000076293945,213.77000427246094,102.77999877929688,3.6182498931884766,40.68311309814453,20.81399917602539,140.14999389648438,31.286666870117188,75.91999816894531
2019-02-04,42.8125,397.0,130.8800048828125,119.73999786376953,197.72000122070312,132.8800048828125,104.25,49.25,214.91000366210938,105.73999786376953,3.7295000553131104,40.265655517578125,20.859333038330078,141.5,31.59000015258789,74.81999969482422
2019-02-05,43.54499816894531,410.17999267578125,132.0,119.4800033569336,198.00999450683594,132.8800048828125,103.79000091552734,49.2599983215332,215.86000061035156,107.22000122070312,3.7487499713897705,39.95256042480469,21.42333221435547,142.52999877929688,31.866666793823242,75.58999633789062
2019-02-06,43.560001373291016,411.1099853515625,130.5399932861328,118.87999725341797,196.6199951171875,133.0,103.73999786376953,49.2599983215332,215.3000030517578,106.02999877929688,3.825000047683716,40.16128921508789,21.148000717163086,141.49000549316406,31.8799991607666,75.26000213623047
2019-02-07,42.73500061035156,405.1700134277344,128.77999877929688,118.2300033569336,193.07000732421875,132.0500030517578,102.37999725341797,49.41999816894531,213.97000122070312,105.2699966430664,3.685499906539917,39.563568115234375,20.500667572021484,140.1699981689453,32.24333190917969,74.68000030517578
2019-02-08,42.602500915527344,404.9100036621094,128.60000610351562,117.58000183105469,191.6699981689453,132.39999389648438,101.36000061035156,49.5,216.5800018310547,105.66999816894531,3.7042500972747803,40.06641387939453,20.386667251586914,140.3800048828125,31.860000610351562,73.9800033569336
2019-02-11,42.35749816894531,403.95001220703125,128.92999267578125,116.94999694824219,191.3300018310547,132.0,100.87999725341797,49.61000061035156,217.10000610351562,105.25,3.661250114440918,39.544593811035156,20.856000900268555,140.8000030517578,32.06666564941406,74.0999984741211
2019-02-12,42.72249984741211,410.7200012207031,132.6699981689453,118.72000122070312,194.49000549316406,134.16000366210938,102.5999984741211,49.65999984741211,218.91000366210938,106.88999938964844,3.779249906539917,39.724857330322266,20.78733253479004,141.99000549316406,32.323333740234375,75.4000015258789
2019-02-13,42.54499816894531,410.5799865722656,133.10000610351562,119.56999969482422,194.69000244140625,134.4499969482422,103.08999633789062,49.790000915527344,220.5399932861328,106.80999755859375,3.822000026702881,39.563568115234375,20.544666290283203,143.49000549316406,32.64666748046875,76.25
2019-02-14,42.70000076293945,409.82000732421875,132.6199951171875,118.16000366210938,192.52999877929688,134.30999755859375,102.41999816894531,45.59000015258789,219.80999755859375,106.9000015258789,3.8632500171661377,39.819732666015625,20.251333236694336,143.16000366210938,32.84000015258789,76.2699966430664
2019-02-15,42.60499954223633,417.9700012207031,136.1999969482422,119.3499984741211,198.5,136.3800048828125,105.55000305175781,45.2400016784668,222.11000061035156,108.22000122070312,3.933500051498413,40.22770309448242,20.525333404541016,144.91000366210938,33.33000183105469,77.70999908447266
2019-02-19,42.73249816894531,416.260009765625,135.8000030517578,119.30999755859375,198.6699981689453,135.69000244140625,105.18000030517578,44.83000183105469,220.58999633789062,108.16999816894531,3.9159998893737793,40.417457580566406,20.375999450683594,144.44000244140625,34.06666564941406,78.2300033569336
2019-02-20,43.00749969482422,421.54998779296875,140.30999755859375,120.27999877929688,198.60000610351562,136.35000610351562,105.69000244140625,45.099998474121094,221.11000061035156,107.1500015258789,3.963749885559082,40.0379524230957,20.17066764831543,144.72999572753906,33.293331146240234,78.52999877929688
2019-02-21,42.76499938964844,417.5799865722656,138.8800048828125,119.13999938964844,196.36000061035156,135.4199981689453,105.47000122070312,45.86000061035156,219.30999755859375,109.41000366210938,3.89424991607666,39.98102569580078,19.415332794189453,144.0,33.130001068115234,77.81999969482422
2019-02-22,43.24250030517578,424.04998779296875,138.67999267578125,119.38999938964844,196.0,136.60000610351562,105.0,45.279998779296875,223.32000732421875,110.97000122070312,3.979749917984009,40.75901412963867,19.6473331451416,145.8699951171875,33.18333435058594,78.41999816894531
2019-02-25,43.557498931884766,426.8699951171875,141.41000366210938,119.62000274658203,198.64999389648438,136.1999969482422,106.0999984741211,44.939998626708984,223.32000732421875,111.58999633789062,3.967250108718872,40.87286376953125,19.917999267578125,146.05999755859375,33.040000915527344,78.5
2019-02-26,43.58250045776367,426.7699890136719,137.97999572753906,119.94000244140625,198.89999389648438,136.11000061035156,105.29000091552734,44.689998626708984,224.0,112.36000061035156,3.927500009536743,40.815940856933594,19.857332229614258,147.0399932861328,32.89666748046875,78.66000366210938
2019-02-27,43.717498779296875,435.44000244140625,139.5800018310547,120.08000183105469,198.10000610351562,135.8699951171875,105.16000366210938,44.939998626708984,224.57000732421875,112.16999816894531,3.8852500915527344,40.73054885864258,20.982667922973633,147.22000122070312,32.70333480834961,79.47000122070312
2019-02-28,43.287498474121094,439.9599914550781,137.33999633789062,119.58000183105469,196.6999969482422,136.63999938964844,104.36000061035156,45.34000015258789,224.77000427246094,112.02999877929688,3.8564999103546143,41.129032135009766,21.325332641601562,148.1199951171875,32.996665954589844,79.02999877929688
2019-03-01,43.74250030517578,440.6199951171875,137.47000122070312,122.02999877929688,198.1999969482422,138.35000610351562,104.43000030517578,45.380001068115234,227.25,112.52999877929688,3.911250114440918,41.138519287109375,19.652666091918945,149.47000122070312,32.643333435058594,80.0
2019-03-04,43.962501525878906,432.69000244140625,138.35000610351562,122.12000274658203,195.97999572753906,138.47999572753906,104.19000244140625,45.650001525878906,226.2899932861328,112.26000213623047,3.9195001125335693,40.86337661743164,19.02400016784668,147.9600067138672,32.616668701171875,80.30999755859375
2019-03-05,43.88249969482422,430.1199951171875,137.13999938964844,123.29000091552734,196.0,138.77000427246094,104.11000061035156,45.599998474121094,226.22000122070312,111.69999694824219,3.9130001068115234,40.69260025024414,18.43600082397461,147.9499969482422,32.779998779296875,80.19000244140625
2019-03-06,43.630001068115234,424.4599914550781,134.8300018310547,123.52999877929688,194.74000549316406,139.08999633789062,103.72000122070312,45.45000076293945,224.47000122070312,111.75,3.8012499809265137,39.715370178222656,18.416000366210938,147.80999755859375,32.753334045410156,79.27999877929688
2019-03-07,43.125,422.55999755859375,132.8000030517578,121.94000244140625,192.77000427246094,138.24000549316406,102.97000122070312,45.279998779296875,222.41000366210938,110.38999938964844,3.7314999103546143,39.26945114135742,18.439332962036133,146.8300018310547,32.483333587646484,80.16000366210938
2019-03-08,43.227500915527344,422.5400085449219,131.35000610351562,121.62000274658203,195.24000549316406,138.05999755859375,103.01000213623047,44.84000015258789,221.8699951171875,110.51000213623047,3.7660000324249268,38.795066833496094,18.94266700744629,147.35000610351562,32.529998779296875,79.01000213623047
2019-03-11,44.724998474121094,400.010009765625,133.11000061035156,123.62000274658203,195.97000122070312,138.55999755859375,104.3499984741211,46.18000030517578,225.63999938964844,112.83000183105469,4.028500080108643,39.37381362915039,19.39466667175293,150.6699981689453,32.82666778564453,79.77999877929688
2019-03-12,45.227500915527344,375.4100036621094,132.47999572753906,123.9000015258789,196.6300048828125,139.17999267578125,104.04000091552734,46.04999923706055,226.94000244140625,113.62000274658203,4.063000202178955,39.5920295715332,18.890666961669922,151.72999572753906,32.790000915527344,80.0
2019-03-13,45.4275016784668,377.1400146484375,133.5,124.66999816894531,197.25,139.41000366210938,104.38999938964844,46.220001220703125,228.5,114.5,4.2154998779296875,39.85768508911133,19.263999938964844,152.47000122070312,33.0099983215332,80.70999908447266
2019-03-14,45.932498931884766,373.29998779296875,133.69000244140625,124.5999984741211,197.47000122070312,138.02000427246094,105.33999633789062,45.70000076293945,229.50999450683594,114.58999633789062,4.138999938964844,39.07969665527344,19.33066749572754,154.1999969482422,32.7400016784668,80.44000244140625
2019-03-15,46.529998779296875,378.989990234375,132.6699981689453,125.30999755859375,198.25999450683594,137.60000610351562,106.55000305175781,45.29999923706055,231.1699981689453,115.91000366210938,4.245250225067139,39.639469146728516,18.36199951171875,155.4600067138672,32.80666732788086,80.1500015258789
2019-03-18,47.005001068115234,372.2799987792969,134.10000610351562,125.87999725341797,202.47000122070312,137.1699981689453,107.19000244140625,45.40999984741211,230.38999938964844,117.56999969482422,4.223750114440918,39.667930603027344,17.965999603271484,154.9600067138672,33.220001220703125,81.08000183105469
2019-03-19,46.63249969482422,373.42999267578125,134.14999389648438,125.27999877929688,201.1199951171875,138.44000244140625,106.80000305175781,45.560001373291016,231.00999450683594,117.6500015258789,4.392749786376953,40.13282775878906,17.83133316040039,154.58999633789062,33.28333282470703,80.87000274658203
2019-03-20,47.040000915527344,376.1600036621094,133.00999450683594,124.69000244140625,194.32000732421875,137.2899932861328,104.5199966430664,45.529998779296875,229.88999938964844,117.5199966430664,4.360000133514404,40.00948715209961,18.239999771118164,153.75,32.880001068115234,81.31999969482422
2019-03-21,48.772499084472656,372.70001220703125,134.05999755859375,125.86000061035156,194.5800018310547,138.10000610351562,102.87000274658203,45.5099983215332,235.8699951171875,120.22000122070312,4.598499774932861,40.180267333984375,18.26799964904785,155.8000030517578,33.02000045776367,81.79000091552734
2019-03-22,47.76250076293945,362.1700134277344,129.77000427246094,123.08999633789062,188.9600067138672,136.91000366210938,99.76000213623047,45.93000030517578,230.75999450683594,117.05000305175781,4.4375,39.70588302612305,17.635332107543945,153.07000732421875,32.7599983215332,80.4800033569336
2019-03-25,47.185001373291016,370.4599914550781,131.3800048828125,122.88999938964844,188.50999450683594,136.61000061035156,98.93000030517578,46.029998779296875,230.4199981689453,117.66000366210938,4.3445000648498535,39.743831634521484,17.3613338470459,153.02999877929688,32.723331451416016,79.91999816894531
2019-03-26,46.6974983215332,370.3800048828125,131.83999633789062,124.12999725341797,190.69000244140625,138.57000732421875,99.91999816894531,46.63999938964844,233.2899932861328,117.91000366210938,4.421750068664551,40.24667739868164,17.851333618164062,155.3000030517578,32.77333450317383,80.95999908447266
2019-03-27,47.11750030517578,374.2099914550781,131.1999969482422,122.79000091552734,190.02999877929688,138.6999969482422,99.58000183105469,46.61000061035156,232.52000427246094,116.7699966430664,4.412499904632568,39.86717224121094,18.32200050354004,154.22000122070312,32.4033317565918,80.33999633789062
2019-03-28,47.18000030517578,374.44000244140625,132.3699951171875,123.0199966430664,191.17999267578125,138.8800048828125,100.70999908447266,46.58000183105469,234.86000061035156,116.93000030517578,4.431250095367432,40.12334060668945,18.57466697692871,154.6699981689453,32.37666702270508,80.73999786376953
2019-03-29,47.48749923706055,381.4200134277344,135.49000549316406,123.18000030517578,191.99000549316406,139.7899932861328,101.2300033569336,46.86000061035156,235.4499969482422,117.94000244140625,4.488999843597412,40.29411697387695,18.657333374023438,156.19000244140625,32.5099983215332,80.80000305175781
2019-04-01,47.810001373291016,391.5400085449219,140.25,124.94000244140625,196.74000549316406,138.97999572753906,104.63999938964844,46.720001220703125,239.0500030517578,119.0199966430664,4.557000160217285,40.64516067504883,19.278667449951172,157.25999450683594,32.606666564941406,81.7300033569336
2019-04-02,48.505001068115234,390.75,140.19000244140625,124.93000030517578,197.5,137.7100067138672,105.13999938964844,46.56999969482422,239.25999450683594,119.19000244140625,4.574999809265137,40.71157455444336,19.058666229248047,157.77999877929688,32.313331604003906,81.37999725341797
2019-04-03,48.837501525878906,384.739990234375,139.25999450683594,123.88999938964844,200.86000061035156,137.1699981689453,105.3499984741211,46.18000030517578,238.92999267578125,119.97000122070312,4.7154998779296875,40.64516067504883,19.45400047302246,158.4600067138672,32.39666748046875,80.9000015258789
2019-04-04,48.92250061035156,395.8599853515625,140.1300048828125,124.80000305175781,202.22999572753906,135.57000732421875,105.55999755859375,46.47999954223633,236.05999755859375,119.36000061035156,4.706500053405762,40.55028533935547,17.851999282836914,157.63999938964844,32.70333480834961,82.05000305175781
2019-04-05,49.25,391.92999267578125,140.36000061035156,126.41999816894531,202.3800048828125,136.17999267578125,105.30999755859375,46.470001220703125,236.6300048828125,119.88999938964844,4.773749828338623,40.7874755859375,18.33066749572754,157.64999389648438,32.94333267211914,82.48999786376953
2019-04-08,50.025001525878906,374.5199890136719,139.82000732421875,126.68000030517578,202.5399932861328,136.13999938964844,105.6500015258789,46.54999923706055,236.27000427246094,119.93000030517578,4.794750213623047,40.92979049682617,18.213333129882812,157.75,33.07666778564453,83.0
2019-04-09,49.875,369.0400085449219,136.35000610351562,125.54000091552734,200.6199951171875,135.57000732421875,104.87000274658203,46.66999816894531,235.91000366210938,119.27999877929688,4.731500148773193,40.64516067504883,18.15399932861328,157.49000549316406,32.89666748046875,81.93000030517578
2019-04-10,50.154998779296875,364.94000244140625,137.52999877929688,125.48999786376953,202.97999572753906,135.5800018310547,105.33999633789062,46.63999938964844,237.05999755859375,120.19000244140625,4.802499771118164,40.54079818725586,18.40399932861328,158.55999755859375,33.20000076293945,81.55999755859375
2019-04-11,49.73749923706055,370.1600036621094,138.8699951171875,125.98999786376953,202.8300018310547,135.2100067138672,106.2300033569336,46.709999084472656,236.0399932861328,120.33000183105469,4.78849983215332,40.10436248779297,17.89466667175293,157.86000061035156,33.599998474121094,81.94999694824219
2019-04-12,49.717498779296875,379.6400146484375,141.1999969482422,119.76000213623047,207.83999633789062,135.97999572753906,111.20999908447266,46.7400016784668,238.8300018310547,120.94999694824219,4.750249862670898,39.573055267333984,17.84666633605957,159.63999938964844,33.85333251953125,80.91999816894531
2019-04-15,49.807498931884766,375.4599914550781,140.25,120.13999938964844,199.91000366210938,136.52000427246094,109.94000244140625,47.0,239.14999389648438,121.05000305175781,4.617499828338623,39.93358612060547,17.7586669921875,160.44000244140625,34.143333435058594,80.6500015258789
2019-04-16,49.8125,381.7200012207031,142.02999877929688,121.16999816894531,201.83999633789062,138.02000427246094,111.0999984741211,46.95000076293945,240.08999633789062,120.7699966430664,4.705249786376953,38.82352828979492,18.224000930786133,160.22999572753906,34.310001373291016,81.19999694824219
2019-04-17,50.782501220703125,377.5199890136719,142.74000549316406,120.2699966430664,207.89999389648438,138.52000427246094,114.30000305175781,47.279998779296875,241.0,121.7699966430664,4.682250022888184,37.83681106567383,18.082000732421875,160.44000244140625,34.38666534423828,81.43000030517578
2019-04-18,50.96500015258789,380.07000732421875,143.36000061035156,119.86000061035156,205.91000366210938,137.52000427246094,113.45999908447266,47.47999954223633,240.88999938964844,123.37000274658203,4.65749979019165,37.362430572509766,18.21733283996582,160.16000366210938,34.393333435058594,81.12999725341797
2019-04-22,51.13249969482422,375.1700134277344,142.3800048828125,121.9000015258789,204.60000610351562,137.8300018310547,113.5999984741211,47.400001525878906,243.0500030517578,123.76000213623047,4.711750030517578,36.9829216003418,17.516666412353516,160.39999389648438,34.12333297729492,82.9000015258789
2019-04-23,51.869998931884766,374.0199890136719,142.02999877929688,122.0199966430664,204.13999938964844,139.89999389648438,113.73999786376953,48.209999084472656,243.49000549316406,125.44000244140625,4.766749858856201,37.4003791809082,17.593332290649414,161.66000366210938,34.356666564941406,83.37999725341797
2019-04-24,51.790000915527344,375.4599914550781,137.72999572753906,118.27999877929688,200.5399932861328,139.1999969482422,113.55000305175781,47.97999954223633,245.2899932861328,125.01000213623047,4.779250144958496,37.35293960571289,17.243999481201172,161.49000549316406,34.5099983215332,81.76000213623047
2019-04-25,51.31999969482422,382.79998779296875,136.1300048828125,117.9000015258789,201.39999389648438,139.64999389648438,113.61000061035156,47.84000015258789,245.61000061035156,129.14999389648438,4.672749996185303,37.58064651489258,16.5086669921875,161.02000427246094,34.50666809082031,82.22000122070312
2019-04-26,51.07500076293945,380.7900085449219,139.02999877929688,117.0999984741211,203.0800018310547,140.38999938964844,114.47000122070312,48.2599983215332,246.67999267578125,129.88999938964844,4.452250003814697,37.92219924926758,15.675999641418457,162.92999267578125,33.84333419799805,80.48999786376953
2019-04-29,51.15250015258789,379.04998779296875,139.02000427246094,117.72000122070312,206.9199981689453,139.83999633789062,116.12000274658203,48.41999816894531,247.1300048828125,129.77000427246094,4.483250141143799,37.561668395996094,16.097999572753906,164.14999389648438,33.85333251953125,79.97000122070312
2019-04-30,50.16749954223633,377.69000244140625,139.4199981689453,120.05999755859375,205.9199981689453,141.1999969482422,116.05000305175781,49.060001373291016,254.24000549316406,130.60000610351562,4.525000095367432,38.52941131591797,15.912667274475098,164.42999267578125,34.279998779296875,80.27999877929688
2019-05-01,52.630001068115234,376.79998779296875,138.14999389648438,117.80999755859375,204.72999572753906,141.9499969482422,115.16000366210938,48.59000015258789,248.75,127.87999725341797,4.511750221252441,38.68121337890625,15.600666999816895,162.7899932861328,33.78666687011719,78.66999816894531
2019-05-02,52.287498474121094,375.79998779296875,135.1699981689453,116.37999725341797,204.99000549316406,141.27999877929688,115.41000366210938,48.38999938964844,247.19000244140625,126.20999908447266,4.579750061035156,38.90891647338867,16.273332595825195,161.1199951171875,33.71666717529297,77.29000091552734
2019-05-03,52.9375,376.4599914550781,139.05999755859375,117.2699966430664,207.52000427246094,142.00999450683594,116.12000274658203,48.720001220703125,247.9499969482422,128.89999389648438,4.575250148773193,39.26945114135742,17.00200080871582,162.0399932861328,34.026668548583984,77.47000122070312
2019-05-06,52.119998931884766,371.6000061035156,136.75999450683594,118.4000015258789,206.42999267578125,142.08999633789062,115.08999633789062,48.470001220703125,248.63999938964844,128.14999389648438,4.496250152587891,39.51612854003906,17.022666931152344,162.27999877929688,34.1533317565918,77.12999725341797
2019-05-07,50.71500015258789,357.2300109863281,133.6699981689453,118.2699966430664,202.6300048828125,139.97000122070312,113.20999908447266,48.0,245.05999755859375,125.5199966430664,4.327750205993652,38.73814010620117,16.470666885375977,160.2100067138672,33.766666412353516,76.72000122070312
2019-05-08,50.724998474121094,359.75,131.9499969482422,117.5,200.9499969482422,139.7899932861328,112.61000061035156,47.849998474121094,245.3300018310547,125.51000213623047,4.3480000495910645,38.851993560791016,16.32266616821289,160.75999450683594,33.43333435058594,76.83999633789062
2019-05-09,50.18000030517578,354.1300048828125,131.1999969482422,121.19000244140625,201.6300048828125,138.72999572753906,112.5199966430664,47.400001525878906,245.30999755859375,125.5,4.254749774932861,38.55787658691406,16.131999969482422,159.80999755859375,33.18000030517578,76.7699966430664
2019-05-10,49.29499816894531,354.6700134277344,131.33999633789062,121.98999786376953,202.0500030517578,139.0500030517578,112.51000213623047,48.189998626708984,247.42999267578125,127.12999725341797,4.2204999923706055,38.6337776184082,15.968000411987305,160.7100067138672,33.970001220703125,76.55999755859375
2019-05-13,46.43000030517578,337.3699951171875,125.30000305175781,120.44000244140625,194.97000122070312,137.1999969482422,109.44999694824219,48.04999923706055,241.3800048828125,123.3499984741211,3.961250066757202,38.49146270751953,15.133999824523926,157.3300018310547,33.29666519165039,75.70999908447266
2019-05-14,47.165000915527344,343.0400085449219,127.47000122070312,121.63999938964844,196.27999877929688,136.82000732421875,110.31999969482422,48.689998626708984,245.94000244140625,124.7300033569336,4.051000118255615,38.57685089111328,15.487333297729492,160.2100067138672,33.43000030517578,75.80999755859375
2019-05-15,47.72999954223633,345.6400146484375,127.30000305175781,122.13999938964844,196.39999389648438,136.91000366210938,109.9000015258789,49.18000030517578,249.14999389648438,126.0199966430664,3.989500045776367,39.041744232177734,15.463333129882812,162.7899932861328,33.293331146240234,76.37000274658203
2019-05-16,47.52000045776367,353.80999755859375,126.61000061035156,120.80000305175781,199.13999938964844,138.2100067138672,111.30999755859375,49.58000183105469,253.4199981689453,128.92999267578125,4.004749774932861,39.50664138793945,15.222000122070312,164.8699951171875,33.77000045776367,76.36000061035156
2019-05-17,47.25,355.0199890136719,122.76000213623047,120.5199966430664,197.42999267578125,138.61000061035156,110.7699966430664,49.20000076293945,252.5500030517578,128.07000732421875,3.913249969482422,39.34535217285156,14.0686674118042,164.08999633789062,33.619998931884766,75.91000366210938
2019-05-20,45.772499084472656,352.7900085449219,122.43000030517578,120.83999633789062,197.24000549316406,138.4199981689453,111.3499984741211,48.849998474121094,253.49000549316406,126.22000122070312,3.793750047683716,39.45920181274414,13.690667152404785,163.47000122070312,33.84000015258789,75.9000015258789
2019-05-21,46.650001525878906,358.75,124.94999694824219,121.33999633789062,199.11000061035156,138.1199951171875,111.7300033569336,48.599998474121094,255.36000061035156,126.9000015258789,3.876499891281128,39.53510284423828,13.67199993133545,163.86000061035156,33.706668853759766,76.25
2019-05-22,45.69499969482422,352.7799987792969,123.55999755859375,120.56999969482422,195.52000427246094,138.75999450683594,110.81999969482422,49.650001525878906,256.8999938964844,127.66999816894531,3.805000066757202,39.83871078491211,12.84866714477539,164.24000549316406,34.07666778564453,75.55999755859375
2019-05-23,44.915000915527344,350.54998779296875,122.26000213623047,117.87000274658203,191.97000122070312,139.7899932861328,108.63999938964844,49.849998474121094,249.72999572753906,126.18000030517578,3.683000087738037,39.77229690551758,13.03266716003418,161.50999450683594,33.95333480834961,73.79000091552734
2019-05-24,44.74250030517578,354.8999938964844,122.9000015258789,118.70999908447266,193.0,138.85000610351562,109.70999908447266,49.61000061035156,251.47999572753906,126.23999786376953,3.6287500858306885,39.800758361816406,12.708666801452637,162.63999938964844,34.223331451416016,74.0999984741211
2019-05-28,44.557498931884766,354.8800048828125,121.58999633789062,118.30999755859375,189.44000244140625,137.07000732421875,108.5199966430664,49.099998474121094,253.42999267578125,126.16000366210938,3.583250045776367,39.75332260131836,12.579999923706055,163.7100067138672,34.13999938964844,72.61000061035156
2019-05-29,44.345001220703125,348.79998779296875,121.4800033569336,116.7699966430664,188.0500030517578,131.3300018310547,108.22000122070312,48.61000061035156,253.55999755859375,124.94000244140625,3.508500099182129,39.582542419433594,12.657333374023438,162.72999572753906,34.040000915527344,72.16000366210938
2019-05-30,44.57500076293945,349.8699951171875,121.83999633789062,115.37999725341797,187.3699951171875,132.11000061035156,107.05999755859375,49.25,254.19000244140625,125.7300033569336,3.477750062942505,39.75332260131836,12.54800033569336,162.75999450683594,34.063331604003906,71.97000122070312
2019-05-31,43.76750183105469,341.6099853515625,119.80999755859375,113.8499984741211,182.49000549316406,131.14999389648438,105.95999908447266,49.130001068115234,251.49000549316406,123.68000030517578,3.3864998817443848,39.39278793334961,12.343999862670898,161.3300018310547,33.813331604003906,70.7699966430664
2019-06-03,43.32500076293945,338.8900146484375,120.6500015258789,115.98999786376953,183.19000244140625,131.44000244140625,106.45999908447266,49.97999954223633,242.25999450683594,119.83999633789062,3.3445000648498535,39.77229690551758,11.9313325881958,158.60000610351562,33.98666763305664,71.87999725341797
2019-06-04,44.90999984741211,344.6199951171875,122.08000183105469,117.30000305175781,189.8800048828125,133.72999572753906,109.73999786376953,50.0,249.17999267578125,123.16000366210938,3.575000047683716,40.06641387939453,12.90666675567627,162.3300018310547,34.186668395996094,73.58999633789062
2019-06-05,45.6349983215332,348.75,123.12000274658203,117.6500015258789,188.44000244140625,134.3800048828125,110.12999725341797,50.779998779296875,256.260009765625,125.83000183105469,3.5320000648498535,40.30360412597656,13.105999946594238,165.38999938964844,34.80666732788086,72.9800033569336
2019-06-06,46.30500030517578,350.6400146484375,123.38999938964844,120.68000030517578,189.80999755859375,136.67999267578125,110.37000274658203,51.400001525878906,257.8299865722656,127.81999969482422,3.5945000648498535,40.52182388305664,13.729999542236328,166.9199981689453,35.03666687011719,74.30999755859375
2019-06-07,47.537498474121094,353.70001220703125,124.45999908447266,121.4800033569336,189.80999755859375,138.5500030517578,109.16000366210938,51.4900016784668,265.79998779296875,131.39999389648438,3.637500047683716,40.72106170654297,13.633333206176758,170.0500030517578,35.35333251953125,74.58000183105469
2019-06-10,48.14500045776367,353.79998779296875,125.73999786376953,122.29000091552734,194.1199951171875,139.02000427246094,110.33999633789062,51.380001068115234,266.1000061035156,132.60000610351562,3.710750102996826,40.86337661743164,14.192000389099121,170.82000732421875,35.84000015258789,74.91000366210938
2019-06-11,48.70249938964844,349.3299865722656,127.27999877929688,121.16999816894531,194.72999572753906,139.77999877929688,110.68000030517578,51.33000183105469,263.6600036621094,132.10000610351562,3.768749952316284,40.48387145996094,14.473333358764648,170.30999755859375,35.97999954223633,74.83999633789062
2019-06-12,48.54750061035156,347.0299987792969,127.0999984741211,120.19000244140625,190.22000122070312,141.67999267578125,109.2699966430664,51.63999938964844,263.8500061035156,131.49000549316406,3.6549999713897705,40.87286376953125,13.950667381286621,171.58999633789062,36.27333450317383,74.02999877929688
2019-06-13,48.537498474121094,348.8599853515625,127.16999816894531,120.91000366210938,191.4499969482422,140.7100067138672,109.54000091552734,51.130001068115234,261.20001220703125,132.32000732421875,3.7065000534057617,40.32258224487305,14.260666847229004,169.35000610351562,36.21666717529297,74.68000030517578
2019-06-14,48.185001373291016,347.1600036621094,127.2300033569336,120.80999755859375,191.66000366210938,140.08999633789062,109.81999969482422,51.310001373291016,260.1000061035156,132.4499969482422,3.615999937057495,40.56925964355469,14.32800006866455,169.66000366210938,36.356666564941406,74.3499984741211
2019-06-17,48.47249984741211,354.8999938964844,127.31999969482422,121.38999938964844,190.8300018310547,139.44000244140625,109.22000122070312,50.869998931884766,259.20001220703125,132.85000610351562,3.6257500648498535,40.68311309814453,15.001999855041504,169.55999755859375,36.38666534423828,75.08999633789062
2019-06-18,49.61249923706055,373.9599914550781,130.3300018310547,122.93000030517578,194.97999572753906,140.22999572753906,110.70999908447266,50.63999938964844,258.80999755859375,135.16000366210938,3.822000026702881,40.86337661743164,14.982666969299316,169.27999877929688,36.54999923706055,75.73999786376953
2019-06-19,49.467498779296875,368.55999755859375,130.61000061035156,122.88999938964844,195.63999938964844,140.4499969482422,109.91000366210938,51.119998931884766,259.8699951171875,135.69000244140625,3.828000068664551,41.27134704589844,15.095333099365234,170.69000244140625,36.540000915527344,75.31999969482422
2019-06-20,49.8650016784668,374.8800048828125,133.6300048828125,124.27999877929688,195.6999969482422,142.2100067138672,110.19000244140625,51.65999984741211,266.7900085449219,136.9499969482422,3.8524999618530273,41.3662223815918,14.641332626342773,173.74000549316406,36.77333450317383,76.61000061035156
2019-06-21,49.69499969482422,371.8399963378906,133.88999938964844,124.93000030517578,195.94000244140625,142.08999633789062,109.44000244140625,51.54999923706055,264.4700012207031,136.97000122070312,3.7939999103546143,41.43263626098633,14.790666580200195,173.44000244140625,37.043331146240234,77.69000244140625
2019-06-24,49.64500045776367,373.989990234375,134.3699951171875,124.91000366210938,197.49000549316406,143.05999755859375,108.66000366210938,51.91999816894531,265.29998779296875,137.77999877929688,3.816499948501587,41.518028259277344,14.909333229064941,173.85000610351562,37.08000183105469,76.94999694824219
2019-06-25,48.89250183105469,369.32000732421875,133.7100067138672,123.63999938964844,196.05999755859375,144.24000549316406,107.76000213623047,51.7599983215332,259.7300109863281,133.42999267578125,3.7869999408721924,41.518028259277344,14.650667190551758,171.27999877929688,36.90666580200195,76.2699966430664
2019-06-26,49.95000076293945,374.94000244140625,135.14999389648438,123.93000030517578,197.00999450683594,141.85000610351562,108.4800033569336,51.119998931884766,261.29998779296875,133.92999267578125,3.9814999103546143,40.7874755859375,14.618000030517578,171.05999755859375,36.720001220703125,76.5999984741211
2019-06-27,49.935001373291016,364.0199890136719,135.5,123.11000061035156,199.32000732421875,140.69000244140625,108.83999633789062,51.08000183105469,261.1000061035156,134.14999389648438,4.080749988555908,41.204933166503906,14.855999946594238,171.22999572753906,36.70000076293945,75.81999969482422
2019-06-28,49.47999954223633,364.010009765625,136.2899932861328,124.44000244140625,204.60000610351562,139.27999877929688,111.80000305175781,50.91999816894531,264.5299987792969,133.9600067138672,4.10575008392334,41.10057067871094,14.897333145141602,173.5500030517578,36.83000183105469,76.62999725341797
2019-07-01,50.38750076293945,356.4599914550781,136.60000610351562,124.83999633789062,206.86000061035156,139.36000061035156,113.68000030517578,51.599998474121094,266.7699890136719,135.67999267578125,4.154250144958496,41.52751541137695,15.14466667175293,173.94000244140625,36.87333297729492,76.55999755859375
2019-07-02,50.682498931884766,354.1600036621094,135.85000610351562,122.93000030517578,205.97999572753906,140.02999877929688,113.80000305175781,51.97999954223633,270.57000732421875,136.5800018310547,4.055749893188477,41.95446014404297,14.970000267028809,175.27999877929688,37.20000076293945,75.72000122070312
2019-07-03,51.102500915527344,354.4700012207031,135.58999633789062,123.3499984741211,206.0399932861328,142.13999938964844,112.81999969482422,52.099998474121094,273.0799865722656,137.4600067138672,4.068749904632568,42.12523651123047,15.65999984741211,176.8699951171875,37.439998626708984,76.44000244140625
2019-07-05,51.057498931884766,355.8599853515625,135.49000549316406,123.54000091552734,207.89999389648438,140.57000732421875,113.48999786376953,52.11000061035156,272.1400146484375,137.05999755859375,4.0057501792907715,41.669830322265625,15.539999961853027,176.66000366210938,37.32666778564453,76.12999725341797
2019-07-08,50.005001068115234,351.1199951171875,134.83999633789062,123.5999984741211,205.75,140.97000122070312,112.87000274658203,52.0,271.2300109863281,136.9600067138672,3.9302499294281006,41.08159255981445,15.355999946594238,176.19000244140625,37.573333740234375,76.4800033569336
2019-07-09,50.310001373291016,353.0899963378906,134.2899932861328,123.3499984741211,207.77000427246094,141.41000366210938,113.3499984741211,51.59000015258789,273.3399963378906,136.4600067138672,3.9327499866485596,41.148006439208984,15.337332725524902,177.72999572753906,37.62666702270508,76.43000030517578
2019-07-10,50.807498931884766,352.29998779296875,132.63999938964844,125.44000244140625,205.97000122070312,141.2100067138672,113.0199966430664,51.81999969482422,275.3800048828125,137.85000610351562,4.001500129699707,41.80265808105469,15.928000450134277,179.30999755859375,37.65999984741211,77.51000213623047
2019-07-11,50.4375,359.0,133.9600067138672,125.43000030517578,211.35000610351562,140.11000061035156,114.0999984741211,52.040000915527344,278.32000732421875,138.39999389648438,4.1570000648498535,40.77798843383789,15.90666675567627,180.74000549316406,37.973331451416016,77.56999969482422
2019-07-12,50.82500076293945,365.3299865722656,138.36000061035156,125.9800033569336,213.94000244140625,134.3000030517578,115.30000305175781,52.119998931884766,279.5400085449219,138.89999389648438,4.190249919891357,40.22770309448242,16.338666915893555,180.3300018310547,38.20000076293945,77.62999725341797
2019-07-15,51.3025016784668,361.6099853515625,139.63999938964844,125.72000122070312,211.5800018310547,134.7100067138672,113.9000015258789,52.130001068115234,279.3699951171875,138.89999389648438,4.1817498207092285,40.55977249145508,16.899999618530273,180.57000732421875,38.32666778564453,77.08000183105469
2019-07-16,51.125,362.75,139.08999633789062,124.76000213623047,215.52000427246094,132.5,115.12000274658203,52.13999938964844,276.6199951171875,137.0800018310547,4.177000045776367,40.65464782714844,16.825332641601562,179.30999755859375,38.253334045410156,75.93000030517578
2019-07-17,50.837501525878906,369.5199890136719,135.72999572753906,124.13999938964844,213.3000030517578,131.86000061035156,113.98999786376953,52.18000030517578,275.2799987792969,136.27000427246094,4.24275016784668,40.55028533935547,16.99066734313965,179.14999389648438,38.20000076293945,75.4800033569336
2019-07-18,51.415000915527344,361.1099853515625,134.88999938964844,124.68000030517578,214.52000427246094,132.07000732421875,114.66999816894531,52.029998779296875,276.7799987792969,136.4199981689453,4.254499912261963,40.85388946533203,16.902666091918945,180.52999877929688,38.2400016784668,74.83999633789062
2019-07-19,50.647499084472656,377.3599853515625,136.22999572753906,125.04000091552734,213.52000427246094,130.30999755859375,113.54000091552734,51.38999938964844,275.6000061035156,136.6199951171875,4.210999965667725,40.5787467956543,17.211999893188477,179.24000549316406,37.96666717529297,74.98999786376953
2019-07-22,51.80500030517578,373.4200134277344,135.24000549316406,125.30999755859375,214.0,128.63999938964844,114.2699966430664,51.220001220703125,278.6099853515625,138.42999267578125,4.2829999923706055,40.62618637084961,17.045333862304688,180.57000732421875,37.606666564941406,75.06999969482422
2019-07-23,52.209999084472656,373.07000732421875,138.10000610351562,125.81999969482422,219.42999267578125,128.83999633789062,116.36000061035156,54.33000183105469,278.9700012207031,139.2899932861328,4.391499996185303,40.882354736328125,17.344667434692383,180.89999389648438,37.36333465576172,75.37000274658203
2019-07-24,52.16749954223633,361.42999267578125,131.91000366210938,126.54000091552734,222.02999877929688,129.77999877929688,116.83000183105469,53.779998779296875,280.25,140.72000122070312,4.4664998054504395,40.69260025024414,17.658666610717773,183.3300018310547,37.33333206176758,75.36000061035156
2019-07-25,51.755001068115234,348.0899963378906,134.7100067138672,125.62999725341797,219.97999572753906,131.1199951171875,115.70999908447266,53.06999969482422,279.3500061035156,140.19000244140625,4.334499835968018,40.48387145996094,15.254667282104492,181.58999633789062,37.40666580200195,74.93000030517578
2019-07-26,51.935001373291016,345.0,132.9199981689453,123.72000122070312,222.13999938964844,130.72999572753906,116.22000122070312,54.16999816894531,282.07000732421875,141.33999633789062,4.3767499923706055,40.882354736328125,15.202667236328125,183.69000244140625,37.67333221435547,74.80999755859375
2019-07-29,52.41999816894531,340.2099914550781,134.4600067138672,124.2300033569336,220.32000732421875,133.02000427246094,115.8499984741211,53.9900016784668,281.44000244140625,141.02999877929688,4.370500087738037,39.326377868652344,15.718000411987305,183.2100067138672,37.42333221435547,75.33999633789062
2019-07-30,52.19499969482422,347.4599914550781,132.9499969482422,124.33999633789062,221.39999389648438,132.0800018310547,115.58999633789062,53.720001220703125,278.1600036621094,140.35000610351562,4.386250019073486,36.80265808105469,16.150667190551758,181.52999877929688,37.35333251953125,75.3499984741211
2019-07-31,53.2599983215332,341.17999267578125,131.6699981689453,123.11000061035156,220.1300048828125,130.22000122070312,116.0,52.630001068115234,272.2699890136719,136.27000427246094,4.2179999351501465,36.850093841552734,16.107332229614258,178.0,36.793331146240234,74.36000061035156
2019-08-01,52.10749816894531,334.2900085449219,126.79000091552734,120.73999786376953,211.60000610351562,130.2899932861328,112.94000244140625,52.029998779296875,274.1600036621094,138.05999755859375,4.123000144958496,36.290321350097656,15.59000015258789,179.1699981689453,36.459999084472656,72.45999908447266
2019-08-02,51.005001068115234,339.55999755859375,124.54000091552734,120.7300033569336,209.3699951171875,131.07000732421875,112.93000030517578,52.33000183105469,269.45001220703125,136.89999389648438,4.029749870300293,36.053131103515625,15.62266731262207,177.4199981689453,36.46666717529297,71.75
2019-08-05,48.334999084472656,331.05999755859375,121.6500015258789,118.73999786376953,201.67999267578125,130.16000366210938,109.56999969482422,51.650001525878906,256.8399963378906,132.2100067138672,3.7697501182556152,35.06641387939453,15.221332550048828,168.86000061035156,35.27333450317383,70.27999877929688
2019-08-06,49.25,332.45001220703125,122.08000183105469,119.37999725341797,206.00999450683594,130.77000427246094,110.43000030517578,52.27000045776367,264.67999267578125,134.69000244140625,3.8087499141693115,35.05692672729492,15.383333206176758,172.47999572753906,35.75666809082031,70.95999908447266
2019-08-07,49.7599983215332,331.3800048828125,120.77999877929688,119.0999984741211,205.74000549316406,130.2100067138672,108.02999877929688,53.18000030517578,269.30999755859375,135.27999877929688,3.847249984741211,34.70588302612305,15.561332702636719,175.32000732421875,36.06666564941406,70.5
2019-08-08,50.85749816894531,336.3500061035156,122.0199966430664,123.2300033569336,207.0,131.67999267578125,109.86000061035156,53.689998626708984,278.0400085449219,138.88999938964844,3.9565000534057617,34.98102569580078,15.886667251586914,179.89999389648438,36.17333221435547,72.37999725341797
2019-08-09,50.247501373291016,337.54998779296875,119.37999725341797,122.41999816894531,206.89999389648438,132.0399932861328,109.73999786376953,53.41999816894531,274.95001220703125,137.7100067138672,3.8545000553131104,34.487667083740234,15.667332649230957,179.0500030517578,35.7599983215332,70.83999633789062
2019-08-12,50.119998931884766,332.94000244140625,116.72000122070312,121.55000305175781,201.52000427246094,131.92999267578125,107.68000030517578,53.20000076293945,270.0,135.7899932861328,3.786250114440918,33.57685089111328,15.267333030700684,176.33999633789062,35.073333740234375,69.62999725341797
2019-08-13,52.24250030517578,332.8599853515625,119.01000213623047,122.38999938964844,204.11000061035156,133.4199981689453,109.33999633789062,53.5,274.5299987792969,138.60000610351562,3.901249885559082,33.396583557128906,15.666666984558105,178.61000061035156,35.8033332824707,70.48999786376953
2019-08-14,50.6875,320.4200134277344,115.20999908447266,117.73999786376953,195.55999755859375,130.25999450683594,104.80000305175781,52.9900016784668,267.1499938964844,133.97999572753906,3.7517499923706055,32.48576736450195,14.641332626342773,173.50999450683594,35.400001525878906,67.6500015258789
2019-08-15,50.435001373291016,328.0,115.25,116.94999694824219,196.17999267578125,130.5399932861328,105.19999694824219,53.869998931884766,271.8900146484375,133.67999267578125,3.719249963760376,32.713470458984375,14.37600040435791,176.27000427246094,37.563331604003906,67.25
2019-08-16,51.625,330.45001220703125,116.43000030517578,115.80999755859375,199.4199981689453,131.36000061035156,107.72000122070312,54.40999984741211,274.3599853515625,136.1300048828125,3.989000082015991,32.87476348876953,14.662667274475098,178.22999572753906,37.663333892822266,68.30000305175781
2019-08-19,52.587501525878906,333.7799987792969,117.36000061035156,117.30999755859375,202.1999969482422,132.25,108.69000244140625,54.689998626708984,278.07000732421875,138.41000366210938,4.269499778747559,33.37760925292969,15.121999740600586,179.74000549316406,37.936668395996094,69.44999694824219
2019-08-20,52.59000015258789,331.75,116.66999816894531,116.12999725341797,199.97999572753906,130.60000610351562,107.30999755859375,53.880001068115234,277.0400085449219,137.25999450683594,4.196750164031982,32.83681106567383,15.057332992553711,179.24000549316406,37.349998474121094,69.02999877929688
2019-08-21,53.15999984741211,339.989990234375,117.68000030517578,117.87999725341797,200.67999267578125,131.52999877929688,107.61000061035156,54.099998474121094,282.010009765625,138.7899932861328,4.280749797821045,33.083492279052734,14.722000122070312,180.94000244140625,37.34000015258789,69.72000122070312
2019-08-22,53.1150016784668,354.4100036621094,117.88999938964844,117.7300033569336,202.4199981689453,131.27000427246094,108.72000122070312,54.4900016784668,280.7699890136719,137.77999877929688,4.2870001792907715,33.28273010253906,14.8100004196167,180.08999633789062,37.3033332824707,69.56999969482422
2019-08-23,50.65999984741211,356.010009765625,114.05999755859375,115.18000030517578,196.1999969482422,127.7300033569336,106.0199966430664,53.7400016784668,271.8900146484375,133.38999938964844,4.060999870300293,32.58064651489258,14.09333324432373,175.22999572753906,36.94333267211914,67.48999786376953
2019-08-26,51.622501373291016,359.0400085449219,114.41999816894531,115.73999786376953,199.64999389648438,127.80000305175781,106.87000274658203,54.540000915527344,276.42999267578125,135.4499969482422,4.136250019073486,33.05502700805664,14.333333015441895,177.58999633789062,37.33000183105469,67.8499984741211
2019-08-27,51.040000915527344,354.7300109863281,113.37999725341797,115.83000183105469,198.07000732421875,129.63999938964844,105.73999786376953,54.720001220703125,276.6400146484375,135.74000549316406,4.045000076293945,32.58064651489258,14.272000312805176,178.3800048828125,37.473331451416016,67.19000244140625
2019-08-28,51.38249969482422,359.9700012207031,114.86000061035156,116.83000183105469,200.4199981689453,128.67999267578125,106.80000305175781,55.11000061035156,278.239990234375,135.55999755859375,4.0304999351501465,33.28273010253906,14.37266731262207,178.6699981689453,37.573333740234375,67.68000030517578
2019-08-29,52.252498626708984,362.739990234375,117.7699966430664,117.5199966430664,203.44000244140625,128.24000549316406,109.22000122070312,55.04999923706055,281.3800048828125,138.1199951171875,4.175000190734863,33.51992416381836,14.780667304992676,181.1699981689453,38.026668548583984,68.43000030517578
2019-08-30,52.185001373291016,364.0899963378906,119.0,117.72000122070312,203.91000366210938,128.36000061035156,109.86000061035156,55.040000915527344,281.3699951171875,137.86000061035156,4.187749862670898,33.72865295410156,15.040666580200195,180.82000732421875,38.086666107177734,68.4800033569336
2019-09-03,51.42499923706055,354.4200134277344,117.02999877929688,116.2699966430664,198.97000122070312,128.74000549316406,108.55999755859375,55.29999923706055,280.1099853515625,136.0399932861328,4.104249954223633,34.26945114135742,15.000666618347168,179.1999969482422,38.21333312988281,68.55999755859375
2019-09-04,52.29750061035156,356.5299987792969,119.0999984741211,117.25,201.72999572753906,128.86000061035156,109.87000274658203,55.77000045776367,286.1000061035156,137.6300048828125,4.218999862670898,33.99430847167969,14.711999893188477,181.77000427246094,38.63666534423828,69.29000091552734
2019-09-05,53.31999969482422,360.29998779296875,122.98999786376953,117.63999938964844,207.0500030517578,128.5800018310547,112.37000274658203,55.119998931884766,292.0799865722656,140.0500030517578,4.493500232696533,34.47817611694336,15.305333137512207,184.72999572753906,38.47999954223633,70.2699966430664
2019-09-06,53.314998626708984,363.0,122.69999694824219,118.26000213623047,207.2100067138672,128.2100067138672,112.61000061035156,55.22999954223633,291.3800048828125,139.10000610351562,4.466249942779541,34.629981994628906,15.16333293914795,185.74000549316406,38.24333190917969,70.93000030517578
2019-09-09,53.54249954223633,358.7799987792969,127.25,119.38999938964844,211.97999572753906,126.94999694824219,115.4000015258789,54.52000045776367,283.3599853515625,137.52000427246094,4.512499809265137,34.94307327270508,15.452667236328125,181.5500030517578,38.776668548583984,71.48999786376953
2019-09-10,54.17499923706055,369.489990234375,130.2899932861328,121.8499984741211,215.6300048828125,129.5500030517578,116.87000274658203,54.400001525878906,272.3299865722656,136.0800018310547,4.579500198364258,35.46489715576172,15.702667236328125,176.35000610351562,38.68333435058594,72.06999969482422
2019-09-11,55.897499084472656,382.94000244140625,133.08999633789062,121.27999877929688,216.8000030517578,131.1699981689453,117.19000244140625,54.77000045776367,269.95001220703125,136.1199951171875,4.608250141143799,35.49335861206055,16.47333335876465,174.97999572753906,38.67333221435547,71.93000030517578
2019-09-12,55.772499084472656,375.6300048828125,131.75,121.41999816894531,218.74000549316406,130.42999267578125,117.91000366210938,55.11000061035156,276.3999938964844,137.52000427246094,4.606750011444092,35.370018005371094,16.391332626342773,177.97999572753906,38.973331451416016,71.9800033569336
2019-09-13,54.6875,379.760009765625,133.77999877929688,121.5,219.89999389648438,130.77999877929688,120.2300033569336,54.2599983215332,276.32000732421875,137.32000732421875,4.548500061035156,35.01897430419922,16.34666633605957,177.27000427246094,39.143333435058594,72.63999938964844
2019-09-16,54.974998474121094,378.8500061035156,133.14999389648438,124.12000274658203,217.22000122070312,129.5399932861328,119.16000366210938,53.959999084472656,274.0799865722656,136.3300018310547,4.505249977111816,34.94307327270508,16.187332153320312,176.11000061035156,38.52333450317383,73.7300033569336
2019-09-17,55.17499923706055,384.20001220703125,132.1699981689453,123.88999938964844,215.91000366210938,129.6699981689453,118.56999969482422,54.2400016784668,276.25,137.38999938964844,4.526750087738037,34.629981994628906,16.319332122802734,176.4499969482422,38.836666107177734,73.16999816894531
2019-09-18,55.692501068115234,386.4100036621094,131.07000732421875,124.18000030517578,217.0800018310547,130.41000366210938,119.76000213623047,54.22999954223633,275.1000061035156,138.52000427246094,4.499499797821045,34.51612854003906,16.232667922973633,175.2899932861328,39.0533332824707,72.81999969482422
2019-09-19,55.2400016784668,384.44000244140625,130.1199951171875,123.66000366210938,215.22999572753906,130.11000061035156,119.37999725341797,54.52000045776367,275.9100036621094,141.07000732421875,4.423500061035156,34.639469146728516,16.440000534057617,175.9600067138672,39.03666687011719,72.33000183105469
2019-09-20,54.432498931884766,379.3900146484375,128.16000366210938,124.31999969482422,213.74000549316406,131.64999389648438,118.9000015258789,53.90999984741211,271.1700134277344,139.44000244140625,4.317249774932861,34.810245513916016,16.041332244873047,174.05999755859375,38.99333190917969,72.08000183105469
2019-09-23,54.68000030517578,377.0299987792969,128.4199981689453,124.9000015258789,213.4600067138672,131.74000549316406,118.87999725341797,54.13999938964844,273.1499938964844,139.13999938964844,4.370999813079834,34.38330078125,16.082000732421875,174.91000366210938,39.206668853759766,72.12999725341797
2019-09-24,54.41999816894531,381.6499938964844,125.98999786376953,123.73999786376953,207.75,131.5500030517578,117.33000183105469,54.29999923706055,271.1199951171875,137.3800048828125,4.3132500648498535,34.16508483886719,14.880666732788086,174.47999572753906,39.46666717529297,71.13999938964844
2019-09-25,55.25749969482422,386.20001220703125,126.61000061035156,123.51000213623047,210.02999877929688,130.99000549316406,118.0,54.16999816894531,272.75,139.36000061035156,4.455749988555908,34.06072235107422,15.24666690826416,175.27999877929688,39.4900016784668,71.3499984741211
2019-09-26,54.97249984741211,386.8900146484375,126.38999938964844,120.16000366210938,208.22000122070312,128.85000610351562,117.02999877929688,54.38999938964844,273.8900146484375,139.5399932861328,4.433499813079834,33.946868896484375,16.17066764831543,175.64999389648438,39.43333435058594,70.97000122070312
2019-09-27,54.70500183105469,382.8599853515625,126.58999633789062,118.5999984741211,208.97000122070312,128.60000610351562,117.72000122070312,54.310001373291016,269.1300048828125,137.72999572753906,4.294000148773193,34.36432647705078,16.142000198364258,174.0,39.483333587646484,71.4800033569336
2019-09-30,55.99250030517578,380.4700012207031,126.30999755859375,118.5999984741211,207.22999572753906,129.3800048828125,117.69000244140625,54.439998626708984,271.57000732421875,139.02999877929688,4.351749897003174,34.08918380737305,16.058000564575195,172.00999450683594,39.560001373291016,70.61000061035156
2019-10-01,56.147499084472656,374.94000244140625,122.37000274658203,116.01000213623047,202.69000244140625,129.99000549316406,115.55000305175781,54.650001525878906,270.94000244140625,137.07000732421875,4.349999904632568,33.61479949951172,16.312667846679688,174.2899932861328,39.28333282470703,68.94999694824219
2019-10-02,54.7400016784668,367.3599853515625,119.95999908447266,112.29000091552734,198.25,132.0,113.25,53.08000183105469,264.4800109863281,134.64999389648438,4.326000213623047,32.92219924926758,16.208667755126953,169.8300018310547,38.706668853759766,67.1500015258789
2019-10-03,55.20500183105469,372.07000732421875,120.04000091552734,113.1500015258789,197.24000549316406,131.19000244140625,112.19000244140625,53.84000015258789,268.2900085449219,136.27999877929688,4.532750129699707,33.6337776184082,15.535332679748535,172.8699951171875,38.77000045776367,67.9800033569336
2019-10-04,56.752498626708984,375.70001220703125,121.04000091552734,113.8499984741211,200.8000030517578,133.66000366210938,114.62000274658203,54.540000915527344,274.05999755859375,138.1199951171875,4.54925012588501,34.08918380737305,15.428667068481445,175.97999572753906,39.38666534423828,68.97000122070312
2019-10-07,56.76499938964844,376.5400085449219,120.25,113.26000213623047,200.39999389648438,133.16000366210938,114.37000274658203,53.869998931884766,272.19000244140625,137.1199951171875,4.608250141143799,33.99430847167969,15.847999572753906,174.89999389648438,39.07666778564453,68.0199966430664
2019-10-08,56.099998474121094,374.1000061035156,117.97000122070312,111.70999908447266,197.3699951171875,131.83999633789062,111.81999969482422,53.58000183105469,267.07000732421875,135.6699981689453,4.430749893188477,33.61479949951172,16.003332138061523,172.4199981689453,39.19333267211914,66.69999694824219
2019-10-09,56.75749969482422,374.9599914550781,119.44000244140625,113.13999938964844,196.85000610351562,129.22000122070312,112.62999725341797,53.83000183105469,272.239990234375,138.24000549316406,4.517749786376953,33.861480712890625,16.302000045776367,174.8800048828125,39.643333435058594,67.44000244140625
2019-10-10,57.522499084472656,371.0,122.69000244140625,114.58999633789062,199.8699951171875,129.05999755859375,114.20999908447266,53.65999984741211,273.8299865722656,139.10000610351562,4.57574987411499,33.956356048583984,16.31599998474121,174.8800048828125,39.869998931884766,68.25
2019-10-11,59.0525016784668,374.9200134277344,128.39999389648438,116.1500015258789,204.67999267578125,131.3300018310547,116.13999938964844,53.29999923706055,275.9100036621094,139.67999267578125,4.649750232696533,34.25996017456055,16.525999069213867,177.05999755859375,40.08000183105469,68.9800033569336
2019-10-14,58.967498779296875,373.17999267578125,128.3800048828125,116.18000030517578,205.82000732421875,130.72000122070312,116.44999694824219,53.29999923706055,276.3800048828125,139.5500030517578,4.663249969482422,34.44022750854492,17.130666732788086,177.36000061035156,39.723331451416016,69.18000030517578
2019-10-15,58.83000183105469,370.9599914550781,131.02999877929688,116.30999755859375,206.4600067138672,132.83999633789062,119.95999908447266,53.5099983215332,278.55999755859375,141.57000732421875,4.909249782562256,34.629981994628906,17.19266700744629,178.75,39.84333419799805,69.41999816894531
2019-10-16,58.592498779296875,372.42999267578125,130.19000244140625,115.11000061035156,207.4199981689453,135.1699981689453,119.68000030517578,53.4900016784668,278.2699890136719,140.41000366210938,4.855249881744385,34.47817611694336,17.316667556762695,177.8699951171875,39.80666732788086,68.2300033569336
2019-10-17,58.81999969482422,369.05999755859375,132.07000732421875,115.3499984741211,206.4600067138672,136.1699981689453,120.3499984741211,53.790000915527344,276.510009765625,139.69000244140625,4.857250213623047,34.5920295715332,17.46466636657715,177.94000244140625,39.9466667175293,68.13999938964844
2019-10-18,59.102500915527344,344.0,130.7100067138672,114.73999786376953,206.52000427246094,127.69999694824219,120.55999755859375,54.779998779296875,270.6300048828125,137.41000366210938,4.762249946594238,34.5920295715332,17.1299991607666,175.7100067138672,39.71333312988281,67.61000061035156
2019-10-21,60.127498626708984,331.05999755859375,132.22999572753906,116.61000061035156,209.25,128.02000427246094,123.55000305175781,54.22999954223633,274.29998779296875,138.42999267578125,4.90024995803833,34.5920295715332,16.899999618530273,176.42999267578125,39.913333892822266,68.73999786376953
2019-10-22,59.9900016784668,337.0,133.69000244140625,117.80000305175781,209.60000610351562,129.1999969482422,124.79000091552734,53.849998474121094,261.260009765625,136.3699951171875,4.890250205993652,34.563568115234375,17.038667678833008,170.86000061035156,39.86000061035156,69.08999633789062
2019-10-23,60.79499816894531,340.5,135.33999633789062,117.9800033569336,211.32000732421875,129.89999389648438,125.12000274658203,54.63999938964844,260.8500061035156,137.24000549316406,4.8772501945495605,34.886146545410156,16.978666305541992,171.32000732421875,39.78333282470703,69.75
2019-10-24,60.89500045776367,344.54998779296875,133.85000610351562,117.58000183105469,211.0500030517578,127.5,125.02999877929688,54.61000061035156,268.75,139.94000244140625,4.921500205993652,34.52561569213867,19.978666305541992,176.16000366210938,39.70000076293945,69.08999633789062
2019-10-25,61.64500045776367,339.8299865722656,139.72999572753906,118.66999816894531,214.22999572753906,128.35000610351562,126.02999877929688,53.75,270.19000244140625,140.72999572753906,5.113500118255615,34.886146545410156,21.875333786010742,177.85000610351562,39.68000030517578,69.25
2019-10-28,62.26250076293945,340.8800048828125,140.05999755859375,118.4800033569336,217.75,129.17999267578125,126.51000213623047,53.56999969482422,275.92999267578125,144.19000244140625,5.169750213623047,35.370018005371094,21.847333908081055,179.83999633789062,39.7400016784668,68.63999938964844
2019-10-29,60.8224983215332,348.92999267578125,141.3300018310547,118.12999725341797,217.63999938964844,129.1199951171875,126.43000030517578,53.40999984741211,274.2900085449219,142.8300018310547,5.072999954223633,36.25237274169922,21.08133316040039,177.6300048828125,39.04999923706055,68.44000244140625
2019-10-30,60.814998626708984,346.05999755859375,140.33999633789062,116.36000061035156,215.80999755859375,132.83999633789062,125.7300033569336,53.939998626708984,277.1499938964844,144.61000061035156,5.074999809265137,36.50853729248047,21.000667572021484,179.25,39.366668701171875,67.72000122070312
2019-10-31,62.189998626708984,339.9100036621094,137.8000030517578,116.13999938964844,213.3800048828125,132.0399932861328,124.91999816894531,54.43000030517578,276.80999755859375,143.3699951171875,5.0254998207092285,36.4041748046875,20.994667053222656,178.86000061035156,39.086666107177734,67.56999969482422
2019-11-01,63.95500183105469,345.19000244140625,144.49000549316406,116.20999908447266,217.38999938964844,131.1999969482422,127.80000305175781,53.900001525878906,279.04998779296875,143.72000122070312,5.0647501945495605,36.42314910888672,20.887332916259766,180.92999267578125,39.206668853759766,69.5999984741211
2019-11-04,64.375,351.0899963378906,146.9199981689453,121.56999969482422,219.8699951171875,130.22999572753906,128.82000732421875,53.13999938964844,276.3299865722656,144.5500030517578,5.262499809265137,36.08159255981445,21.1646671295166,178.9499969482422,39.189998626708984,71.66999816894531
2019-11-05,64.28250122070312,358.2900085449219,146.3699951171875,121.94000244140625,218.63999938964844,130.4199981689453,129.10000610351562,52.41999816894531,269.0,144.4600067138672,5.240250110626221,35.55977249145508,21.148000717163086,176.3699951171875,39.619998931884766,73.08999633789062
2019-11-06,64.30999755859375,354.19000244140625,145.49000549316406,119.9000015258789,218.4199981689453,130.9600067138672,129.3000030517578,52.79999923706055,269.8599853515625,144.05999755859375,5.1907501220703125,35.68311309814453,21.77199935913086,176.77000427246094,39.83333206176758,71.48999786376953
2019-11-07,64.85749816894531,357.30999755859375,147.00999450683594,121.88999938964844,223.2899932861328,131.42999267578125,130.0,52.290000915527344,272.7900085449219,144.25999450683594,5.208499908447266,35.01897430419922,22.369333267211914,178.42999267578125,40.07666778564453,73.01000213623047
2019-11-08,65.03500366210938,351.0,148.16000366210938,120.93000030517578,222.91000366210938,133.0,130.3800048828125,52.209999084472656,274.8900146484375,145.9600067138672,5.194499969482422,35.15180206298828,22.47599983215332,178.97000122070312,39.813331604003906,70.7699966430664
2019-11-11,65.55000305175781,366.9599914550781,148.0,120.80999755859375,219.02999877929688,131.97999572753906,129.9199981689453,51.84000015258789,277.0,146.11000061035156,5.204500198364258,35.0379524230957,23.006000518798828,179.5399932861328,39.68000030517578,70.33999633789062
2019-11-12,65.48999786376953,362.8800048828125,146.33999633789062,120.95999908447266,220.41000366210938,131.35000610351562,129.16000366210938,51.709999084472656,277.1400146484375,147.07000732421875,5.240250110626221,35.07590103149414,23.32866668701172,179.74000549316406,39.706668853759766,69.37000274658203
2019-11-13,66.11750030517578,362.5,144.49000549316406,122.27999877929688,219.32000732421875,131.27000427246094,128.47999572753906,52.40999984741211,278.07000732421875,147.30999755859375,5.214250087738037,34.724857330322266,23.073999404907227,179.41000366210938,40.32666778564453,68.80000305175781
2019-11-14,65.66000366210938,367.44000244140625,143.44000244140625,121.95999908447266,219.42999267578125,130.9600067138672,128.60000610351562,52.630001068115234,279.6300048828125,148.05999755859375,5.244750022888184,34.67741775512695,23.290000915527344,179.75,40.21666717529297,68.5
2019-11-15,66.44000244140625,371.67999267578125,145.30999755859375,120.63999938964844,220.25,134.94000244140625,129.52999877929688,52.66999816894531,280.7799987792969,149.97000122070312,5.104750156402588,35.370018005371094,23.47800064086914,179.77000427246094,39.62333297729492,69.19000244140625
2019-11-18,66.7750015258789,369.4599914550781,143.58999633789062,118.55000305175781,219.72999572753906,134.8300018310547,130.6199951171875,53.029998779296875,280.8599853515625,150.33999633789062,5.307000160217285,35.31309127807617,23.332666397094727,179.66000366210938,40.08333206176758,68.5199966430664
2019-11-19,66.57250213623047,367.0,143.17999267578125,116.44999694824219,220.0399932861328,134.82000732421875,130.5800018310547,53.08000183105469,285.30999755859375,150.38999938964844,5.199749946594238,35.73054885864258,23.968000411987305,182.77000427246094,39.96333312988281,67.81999969482422
2019-11-20,65.79750061035156,370.9100036621094,141.52000427246094,117.33999633789062,217.91000366210938,135.94000244140625,129.6300048828125,53.220001220703125,285.3800048828125,149.6199951171875,5.2795000076293945,35.15180206298828,23.481332778930664,181.66000366210938,39.709999084472656,68.02999877929688
2019-11-21,65.50250244140625,366.44000244140625,143.36000061035156,118.7699966430664,218.22999572753906,136.44000244140625,129.92999267578125,52.959999084472656,284.45001220703125,149.47999572753906,5.254499912261963,35.806453704833984,23.655332565307617,179.88999938964844,39.95333480834961,69.66999816894531
2019-11-22,65.44499969482422,371.3399963378906,143.8800048828125,118.62999725341797,220.27999877929688,138.07000732421875,130.7899932861328,53.029998779296875,282.57000732421875,149.58999633789062,5.272250175476074,36.3662223815918,22.202667236328125,179.47000122070312,39.78666687011719,69.37000274658203
2019-11-25,66.59249877929688,373.1300048828125,146.4199981689453,118.37999725341797,222.75,137.17999267578125,131.49000549316406,53.220001220703125,287.6099853515625,151.22999572753906,5.530250072479248,36.69829177856445,22.422666549682617,180.97000122070312,39.63999938964844,68.91000366210938
2019-11-26,66.07250213623047,373.510009765625,146.08999633789062,117.79000091552734,222.4499969482422,137.1699981689453,131.6699981689453,53.900001525878906,289.3800048828125,152.02999877929688,5.425000190734863,36.32827377319336,21.92799949645996,182.5500030517578,39.72999954223633,68.73999786376953
2019-11-27,66.95999908447266,368.0,145.69000244140625,118.06999969482422,222.9499969482422,137.75,132.05999755859375,53.95000076293945,291.70001220703125,152.32000732421875,5.455999851226807,36.65085220336914,22.086000442504883,184.3699951171875,39.586666107177734,68.69999694824219
2019-11-29,66.8125,366.17999267578125,144.72999572753906,117.12999725341797,221.35000610351562,137.49000549316406,131.75999450683594,53.400001525878906,292.2300109863281,151.3800048828125,5.418499946594238,36.54648971557617,21.996000289916992,184.50999450683594,39.6966667175293,68.12999725341797
2019-12-02,66.04000091552734,355.17999267578125,142.9600067138672,116.80000305175781,217.63999938964844,137.36000061035156,131.47000122070312,53.75,286.4700012207031,149.5500030517578,5.231249809265137,36.32827377319336,22.32466697692871,181.7899932861328,39.7599983215332,68.41999816894531
2019-12-03,64.86250305175781,352.0799865722656,140.05999755859375,115.88999938964844,212.24000549316406,137.16000366210938,129.77999877929688,53.79999923706055,287.0899963378906,149.30999755859375,5.191500186920166,36.10057067871094,22.413333892822266,181.89999389648438,39.55666732788086,67.87999725341797
2019-12-04,65.43499755859375,348.8399963378906,140.1199951171875,116.94000244140625,215.94000244140625,139.3800048828125,132.33999633789062,54.290000915527344,286.8399963378906,149.85000610351562,5.235499858856201,36.18595886230469,22.20199966430664,180.60000610351562,39.563331604003906,68.6500015258789
2019-12-05,66.3949966430664,345.67999267578125,141.0500030517578,116.33000183105469,217.13999938964844,139.55999755859375,133.05999755859375,54.189998626708984,289.8500061035156,149.92999267578125,5.218500137329102,36.08159255981445,22.024667739868164,181.88999938964844,39.5533332824707,68.41000366210938
2019-12-06,67.67749786376953,354.0899963378906,142.72000122070312,118.01000213623047,224.61000061035156,140.3800048828125,135.0399932861328,54.41999816894531,290.3999938964844,151.75,5.3042497634887695,36.32827377319336,22.392667770385742,182.1699981689453,39.926666259765625,69.51000213623047
2019-12-09,66.7300033569336,351.2099914550781,142.8300018310547,117.30000305175781,221.80999755859375,140.5,134.41000366210938,54.06999969482422,289.05999755859375,151.36000061035156,5.3042497634887695,36.35673522949219,22.635332107543945,182.9199981689453,39.78666687011719,69.66000366210938
2019-12-10,67.12000274658203,347.8999938964844,142.8699951171875,117.88999938964844,221.8800048828125,139.99000549316406,134.5,53.77000045776367,288.6099853515625,151.1300048828125,5.3495001792907715,36.50853729248047,23.256000518798828,182.25999450683594,39.71333312988281,69.05999755859375
2019-12-11,67.69249725341797,350.0,144.0,116.2300033569336,221.19000244140625,140.97999572753906,134.17999267578125,53.95000076293945,290.04998779296875,151.6999969482422,5.433499813079834,36.26185989379883,23.51333236694336,182.00999450683594,39.66666793823242,68.95999908447266
2019-12-12,67.86499786376953,346.2900085449219,146.77999877929688,118.80999755859375,226.0500030517578,141.33999633789062,138.02000427246094,54.13999938964844,292.2099914550781,153.24000549316406,5.601749897003174,36.56546401977539,23.978666305541992,182.63999938964844,39.91999816894531,70.33999633789062
2019-12-13,68.7874984741211,341.6700134277344,145.52999877929688,117.95999908447266,225.0,141.3800048828125,136.80999755859375,54.41999816894531,296.0899963378906,154.52999877929688,5.59975004196167,36.3662223815918,23.892667770385742,185.13999938964844,40.0966682434082,69.2300033569336
2019-12-16,69.96499633789062,327.0,145.36000061035156,119.36000061035156,228.0399932861328,141.7899932861328,137.33999633789062,54.41999816894531,296.9599914550781,155.52999877929688,5.628749847412109,37.13472366333008,25.433332443237305,186.24000549316406,40.18000030517578,70.0
2019-12-17,70.10250091552734,327.0,146.3699951171875,118.5999984741211,231.14999389648438,143.55999755859375,138.17999267578125,54.41999816894531,296.0,154.69000244140625,5.707250118255615,36.907020568847656,25.266000747680664,185.52000427246094,40.426666259765625,69.68000030517578
2019-12-18,69.93499755859375,330.67999267578125,147.1199951171875,118.55000305175781,230.4499969482422,143.19000244140625,138.0399932861328,53.90999984741211,294.739990234375,154.3699951171875,5.737750053405762,36.89753341674805,26.209999084472656,184.89999389648438,39.95333480834961,69.87000274658203
2019-12-19,70.00499725341797,333.5,145.02000427246094,118.12999725341797,229.94000244140625,145.35000610351562,137.35000610351562,54.31999969482422,297.5299987792969,155.7100067138672,5.886499881744385,36.97343444824219,26.93600082397461,186.5399932861328,40.026668548583984,69.38999938964844
2019-12-20,69.86000061035156,328.0,147.57000732421875,119.68000030517578,228.92999267578125,146.05999755859375,137.24000549316406,54.970001220703125,298.57000732421875,157.41000366210938,5.984250068664551,37.220115661621094,27.03933334350586,188.0,40.0966682434082,69.94000244140625
2019-12-23,71.0,337.54998779296875,148.5,120.33000183105469,229.08999633789062,146.44000244140625,137.1999969482422,54.90999984741211,297.2699890136719,157.41000366210938,5.9704999923706055,37.305503845214844,27.947999954223633,187.0800018310547,39.676666259765625,70.29000091552734
2019-12-24,71.06749725341797,333.0,147.47999572753906,120.33999633789062,229.91000366210938,145.92999267578125,137.5800018310547,54.709999084472656,297.4800109863281,157.3800048828125,5.9654998779296875,37.27703857421875,28.350000381469727,187.57000732421875,39.836666107177734,70.0199966430664
2019-12-26,72.47750091552734,329.9200134277344,148.22000122070312,120.5999984741211,231.2100067138672,145.8300018310547,139.0399932861328,55.02000045776367,299.20001220703125,158.6699981689453,5.979750156402588,37.362430572509766,28.729333877563477,189.16000366210938,39.84000015258789,70.12999725341797
2019-12-27,72.44999694824219,330.1400146484375,148.27999877929688,120.30000305175781,230.66000366210938,145.75,139.13999938964844,55.349998474121094,300.739990234375,158.9600067138672,5.921750068664551,37.305503845214844,28.691999435424805,189.38999938964844,39.86333465576172,69.88999938964844
2019-12-30,72.87999725341797,326.3999938964844,147.52000427246094,119.8499984741211,229.8000030517578,145.3000030517578,138.6300048828125,55.27000045776367,297.7200012207031,157.58999633789062,5.808000087738037,36.916507720947266,27.64666748046875,187.8300018310547,39.79999923706055,69.4800033569336
2019-12-31,73.4124984741211,325.760009765625,147.67999267578125,120.51000213623047,229.92999267578125,145.8699951171875,139.39999389648438,55.349998474121094,298.5899963378906,157.6999969482422,5.882500171661377,37.17267608642578,27.8886661529541,187.89999389648438,39.61333465576172,69.77999877929688
2020-01-02,75.0875015258789,333.32000732421875,150.52999877929688,121.43000030517578,234.32000732421875,145.97000122070312,141.08999633789062,54.9900016784668,303.3900146484375,160.6199951171875,5.9977498054504395,37.13472366333008,28.68400001525879,191.1199951171875,39.64666748046875,70.9000015258789
2020-01-03,74.35749816894531,332.760009765625,148.44000244140625,121.01000213623047,231.5800018310547,144.27999877929688,138.33999633789062,54.689998626708984,300.42999267578125,158.6199951171875,5.901750087738037,36.93548583984375,29.534000396728516,189.60000610351562,39.29666519165039,70.33000183105469
2020-01-06,74.94999694824219,333.739990234375,148.33999633789062,120.5999984741211,233.9499969482422,144.10000610351562,138.22999572753906,54.66999816894531,301.2300109863281,159.02999877929688,5.926499843597412,36.88804626464844,30.1026668548584,189.19000244140625,39.21666717529297,70.87000274658203
2020-01-07,74.59750366210938,337.2799987792969,146.3800048828125,119.05999755859375,235.49000549316406,144.97999572753906,135.8800048828125,54.25,300.2099914550781,157.5800018310547,5.9982500076293945,36.764705657958984,31.270666122436523,188.69000244140625,38.85333251953125,70.29000091552734
2020-01-08,75.79750061035156,331.3699951171875,147.67999267578125,117.69999694824219,237.75999450683594,144.9600067138672,136.94000244140625,54.349998474121094,305.1000061035156,160.08999633789062,6.009500026702881,37.05882263183594,32.80933380126953,191.9199981689453,38.720001220703125,69.2300033569336
2020-01-09,77.40750122070312,336.3399963378906,147.30999755859375,117.51000213623047,242.60000610351562,145.38999938964844,137.44000244140625,55.34000015258789,309.1000061035156,162.08999633789062,6.075500011444092,36.89753341674805,32.089332580566406,193.25,39.119998931884766,69.76000213623047
2020-01-10,77.5824966430664,329.9200134277344,146.1300048828125,116.44000244140625,242.11000061035156,145.05999755859375,136.07000732421875,55.529998779296875,311.1700134277344,161.33999633789062,6.107999801635742,37.466793060302734,31.876667022705078,193.77000427246094,38.793331146240234,69.13999938964844
2020-01-13,79.23999786376953,330.2200012207031,146.82000732421875,116.66000366210938,245.2100067138672,145.6999969482422,137.1999969482422,56.130001068115234,315.2099914550781,163.27999877929688,6.299499988555908,37.390892028808594,34.990665435791016,195.3300018310547,38.62666702270508,69.80000305175781
2020-01-14,78.16999816894531,332.3500061035156,146.67999267578125,116.30000305175781,245.66000366210938,146.52000427246094,138.8000030517578,56.0,310.6400146484375,162.1300048828125,6.182000160217285,38.0170783996582,35.861331939697266,196.0500030517578,38.72666549682617,69.19999694824219
2020-01-15,77.83499908447266,329.79998779296875,145.57000732421875,116.12999725341797,245.2100067138672,147.00999450683594,136.72000122070312,56.70000076293945,314.25,163.17999267578125,6.139249801635742,38.58633804321289,34.56666564941406,199.8000030517578,38.426666259765625,69.08999633789062
2020-01-16,78.80999755859375,332.0,147.8699951171875,116.88999938964844,249.72000122070312,148.1999969482422,137.25,56.81999969482422,320.29998779296875,166.1699981689453,6.223249912261963,38.52941131591797,34.232666015625,200.9499969482422,38.633331298828125,68.81999969482422
2020-01-17,79.68250274658203,324.1499938964844,147.77999877929688,115.58000183105469,249.4600067138672,149.1699981689453,138.1999969482422,56.939998626708984,323.6600036621094,167.10000610351562,6.23199987411499,38.43453598022461,34.03333282470703,204.6999969482422,38.31999969482422,68.55999755859375
2020-01-21,79.14250183105469,313.3699951171875,145.85000610351562,113.30999755859375,245.6999969482422,149.27000427246094,136.83999633789062,57.16999816894531,321.92999267578125,166.5,6.198500156402588,38.27324676513672,36.47999954223633,207.2899932861328,38.529998779296875,67.58000183105469
2020-01-22,79.42500305175781,309.0,142.6300048828125,112.9000015258789,247.0500030517578,148.25,136.67999267578125,57.61000061035156,324.30999755859375,165.6999969482422,6.252749919891357,38.13093185424805,37.97066879272461,207.89999389648438,38.70000076293945,67.19000244140625
2020-01-23,79.80750274658203,317.7900085449219,142.75,113.0999984741211,245.5800018310547,148.52999877929688,136.5399932861328,57.83000183105469,324.9800109863281,166.72000122070312,6.321499824523926,38.62428665161133,38.14666748046875,206.52000427246094,38.60333251953125,66.7699966430664
2020-01-24,79.57749938964844,323.04998779296875,140.3800048828125,111.8499984741211,241.9199981689453,148.32000732421875,133.14999389648438,57.68000030517578,323.6700134277344,165.0399932861328,6.26200008392334,37.779884338378906,37.654666900634766,205.0,38.12333297729492,66.31999969482422
2020-01-27,77.23750305175781,316.6000061035156,135.72999572753906,110.38999938964844,238.13999938964844,148.75,132.02999877929688,57.47999954223633,315.7699890136719,162.27999877929688,6.005000114440918,38.10246658325195,37.201332092285156,201.69000244140625,38.619998931884766,64.73999786376953
2020-01-28,79.42250061035156,316.55999755859375,136.74000549316406,111.12000274658203,242.5800018310547,149.5,134.42999267578125,57.0099983215332,320.2699890136719,165.4600067138672,6.199250221252441,36.18595886230469,37.793331146240234,202.85000610351562,38.866668701171875,64.6500015258789
2020-01-29,81.08499908447266,322.0199890136719,135.77999877929688,110.37000274658203,240.1199951171875,150.5399932861328,134.22999572753906,57.0099983215332,320.32000732421875,168.0399932861328,6.138500213623047,35.65464782714844,38.732666015625,204.86000061035156,38.630001068115234,64.11000061035156
2020-01-30,80.96749877929688,323.29998779296875,135.3699951171875,111.4000015258789,244.1300048828125,150.36000061035156,135.88999938964844,58.86000061035156,324.4599914550781,172.77999877929688,6.145249843597412,35.1707763671875,42.72066879272461,208.2100067138672,38.86000061035156,64.79000091552734
2020-01-31,77.37750244140625,318.2699890136719,131.35000610351562,107.13999938964844,237.75,148.8699951171875,132.36000061035156,58.400001525878906,315.94000244140625,170.22999572753906,5.910749912261963,35.332069396972656,43.371334075927734,198.97000122070312,38.163333892822266,62.119998931884766
2020-02-03,77.16500091552734,316.0,129.77000427246094,106.27999877929688,239.00999450683594,150.1699981689453,133.3699951171875,58.58000183105469,324.5199890136719,174.3800048828125,6.0082502365112305,35.588233947753906,52.0,200.80999755859375,38.09000015258789,60.72999954223633
2020-02-04,79.7125015258789,317.94000244140625,133.50999450683594,106.8499984741211,241.94000244140625,151.60000610351562,135.2899932861328,58.84000015258789,329.1199951171875,180.1199951171875,6.178249835968018,35.75901412963867,59.137332916259766,203.55999755859375,38.42333221435547,59.970001220703125
2020-02-05,80.36250305175781,329.54998779296875,137.44000244140625,110.27999877929688,244.3000030517578,153.99000549316406,137.58999633789062,58.849998474121094,328.32000732421875,179.89999389648438,6.269000053405762,36.214420318603516,48.97999954223633,202.80999755859375,38.936668395996094,62.72999954223633
2020-02-06,81.30249786376953,341.42999267578125,137.25,109.48999786376953,241.82000732421875,153.52999877929688,137.61000061035156,58.9900016784668,329.29998779296875,183.6300048828125,6.356249809265137,36.299808502197266,49.930667877197266,203.0399932861328,38.77000045776367,61.880001068115234
2020-02-07,80.00749969482422,336.75,133.3699951171875,108.94000244140625,238.0,151.88999938964844,137.1699981689453,59.189998626708984,327.0,183.88999938964844,6.289750099182129,36.10057067871094,49.871334075927734,202.74000549316406,38.81666564941406,61.470001220703125
2020-02-10,80.38749694824219,344.6700134277344,134.32000732421875,109.79000091552734,237.36000061035156,151.86000061035156,137.74000549316406,59.75,330.2799987792969,188.6999969482422,6.574250221252441,35.87286376953125,51.41866683959961,205.99000549316406,38.41666793823242,59.959999084472656
2020-02-11,79.90249633789062,344.4200134277344,136.19000244140625,111.20999908447266,236.4600067138672,151.99000549316406,138.0,59.59000015258789,330.9200134277344,184.44000244140625,6.697249889373779,36.138519287109375,51.62533187866211,203.94000244140625,38.46666717529297,60.529998779296875
2020-02-12,81.80000305175781,347.45001220703125,139.58999633789062,112.04000091552734,238.64999389648438,151.08999633789062,138.0,59.40999984741211,334.1600036621094,184.7100067138672,6.813499927520752,35.806453704833984,51.15266799926758,207.44000244140625,38.616668701171875,61.27000045776367
2020-02-13,81.21749877929688,342.82000732421875,139.72000122070312,111.66000366210938,238.35000610351562,150.08999633789062,137.8800048828125,59.61000061035156,335.8399963378906,183.7100067138672,6.769499778747559,35.0379524230957,53.599998474121094,207.39999389648438,39.14666748046875,60.93000030517578
2020-02-14,81.23750305175781,340.489990234375,137.99000549316406,110.08000183105469,237.0800018310547,150.1300048828125,137.4600067138672,59.95000076293945,340.95001220703125,185.35000610351562,7.244750022888184,34.639469146728516,53.33533477783203,210.2899932861328,39.29666519165039,60.650001525878906
2020-02-18,79.75,338.8800048828125,136.5800018310547,110.23999786376953,233.2100067138672,149.13999938964844,135.63999938964844,59.529998779296875,341.239990234375,187.22999572753906,7.414249897003174,34.45920181274414,57.22666549682617,211.1999969482422,39.87666702270508,59.880001068115234
2020-02-19,80.90499877929688,338.29998779296875,136.86000061035156,110.73999786376953,237.3300018310547,148.94000244140625,137.49000549316406,59.77000045776367,344.55999755859375,187.27999877929688,7.867499828338623,34.37381362915039,61.16133117675781,213.30999755859375,39.22666549682617,60.34000015258789
2020-02-20,80.07499694824219,336.2799987792969,136.92999267578125,109.80999755859375,232.72999572753906,148.3699951171875,137.49000549316406,59.720001220703125,344.45001220703125,184.4199981689453,7.71750020980835,34.013282775878906,59.96066665649414,211.4499969482422,39.22999954223633,59.86000061035156
2020-02-21,78.26249694824219,330.3800048828125,137.2100067138672,109.01000213623047,230.6199951171875,149.92999267578125,135.80999755859375,60.130001068115234,339.70001220703125,178.58999633789062,7.351749897003174,33.88994216918945,60.06666564941406,208.80999755859375,39.526668548583984,59.130001068115234
2020-02-24,74.54499816894531,317.8999938964844,132.1699981689453,104.70999908447266,224.5399932861328,145.91000366210938,132.16000366210938,58.650001525878906,324.6700134277344,170.88999938964844,6.831999778747559,32.89373779296875,55.58599853515625,198.7899932861328,38.77333450317383,56.36000061035156
2020-02-25,72.0199966430664,304.1400146484375,129.0,100.70999908447266,217.61000061035156,144.64999389648438,126.26000213623047,57.81999969482422,302.8900146484375,168.07000732421875,6.551249980926514,32.191650390625,53.32733154296875,188.39999389648438,38.130001068115234,54.20000076293945
2020-02-26,73.1624984741211,305.5899963378906,128.25,98.04000091552734,215.77999877929688,143.67999267578125,126.63999938964844,57.599998474121094,298.0400085449219,170.1699981689453,6.691249847412109,32.94117736816406,51.91999816894531,187.2100067138672,37.926666259765625,53.0099983215332
2020-02-27,68.37999725341797,287.760009765625,123.2699966430664,94.12999725341797,205.69000244140625,139.1199951171875,121.37000274658203,54.93000030517578,285.82000732421875,158.17999267578125,6.315000057220459,32.35293960571289,45.266666412353516,180.00999450683594,36.79999923706055,49.81999969482422
2020-02-28,68.33999633789062,275.1099853515625,124.23999786376953,93.33999633789062,200.77000427246094,134.47999572753906,116.11000061035156,53.4900016784668,290.25,162.00999450683594,6.7517499923706055,31.707780838012695,44.53266525268555,181.75999450683594,35.893333435058594,51.439998626708984
2020-03-02,74.70249938964844,289.2699890136719,127.5999984741211,96.58999633789062,209.47000122070312,140.02000427246094,121.5199966430664,55.91999816894531,306.739990234375,172.7899932861328,6.910749912261963,33.092979431152344,49.574668884277344,192.3300018310547,38.62666702270508,53.880001068115234
2020-03-03,72.33000183105469,280.6199951171875,124.37999725341797,94.38999938964844,203.42999267578125,135.58999633789062,116.95999908447266,56.060001373291016,292.0,164.50999450683594,6.647250175476074,32.542694091796875,49.70066833496094,185.72999572753906,37.63666534423828,51.29999923706055
2020-03-04,75.68499755859375,283.1199951171875,127.4000015258789,98.52999877929688,208.74000549316406,143.47999572753906,119.8499984741211,58.91999816894531,302.3599853515625,170.5500030517578,7.112750053405762,34.53510284423828,49.96666717529297,194.2899932861328,38.92333221435547,52.41999816894531
2020-03-05,73.2300033569336,260.3699951171875,121.97000122070312,97.19000244140625,198.7899932861328,142.00999450683594,113.97000122070312,56.7400016784668,290.7300109863281,166.27000427246094,6.832250118255615,33.64326477050781,48.30266571044922,186.9600067138672,38.63999938964844,50.11000061035156
2020-03-06,72.25749969482422,262.3299865722656,121.41000366210938,95.31999969482422,192.85000610351562,142.02999877929688,108.08000183105469,55.2599983215332,287.010009765625,161.57000732421875,6.651000022888184,33.225807189941406,46.89866638183594,184.36000061035156,39.07666778564453,47.689998626708984
2020-03-09,66.5425033569336,227.1699981689453,104.06999969482422,80.66999816894531,172.80999755859375,136.44000244140625,93.44000244140625,51.86000061035156,262.010009765625,150.6199951171875,6.136000156402588,32.03036117553711,40.53333282470703,171.1300048828125,39.0533332824707,41.86000061035156
2020-03-10,71.33499908447266,231.00999450683594,106.48999786376953,84.9800033569336,184.35000610351562,141.63999938964844,100.69999694824219,53.65999984741211,280.57000732421875,160.9199981689453,6.5269999504089355,32.81783676147461,43.02199935913086,182.60000610351562,39.93000030517578,43.40999984741211
2020-03-11,68.85749816894531,189.0800018310547,100.69000244140625,83.02999877929688,171.88999938964844,131.8000030517578,95.95999908447266,52.209999084472656,269.760009765625,153.6300048828125,6.161749839782715,30.521821975708008,42.28200149536133,172.9499969482422,38.143333435058594,41.97999954223633
2020-03-12,62.057498931884766,154.83999633789062,92.26000213623047,76.26000213623047,150.67999267578125,125.41000366210938,88.05000305175781,47.15999984741211,241.5,139.05999755859375,5.407750129699707,28.48197364807129,37.369998931884766,160.0800018310547,34.68333435058594,37.18000030517578
2020-03-13,69.49250030517578,170.1999969482422,99.63999938964844,83.41999816894531,177.1699981689453,134.2899932861328,103.91000366210938,48.470001220703125,270.010009765625,158.8300018310547,6.020999908447266,31.034156799316406,36.44133377075195,175.8300018310547,38.03333282470703,38.119998931884766
2020-03-16,60.5525016784668,129.61000061035156,93.41000366210938,69.69999694824219,154.66000366210938,127.12999725341797,88.36000061035156,45.2599983215332,235.64999389648438,135.4199981689453,4.909999847412109,28.63377571105957,29.67133331298828,152.00999450683594,35.586666107177734,34.4900016784668
2020-03-17,63.21500015258789,124.13999938964844,100.19999694824219,70.69000244140625,158.6699981689453,136.58999633789062,93.76000213623047,47.18000030517578,237.8800048828125,146.57000732421875,5.4317498207092285,30.5123348236084,28.68000030517578,157.88999938964844,39.753334045410156,36.810001373291016
2020-03-18,61.66749954223633,101.88999938964844,100.12000274658203,55.04999923706055,140.02000427246094,134.9600067138672,83.88999938964844,44.849998474121094,227.92999267578125,140.39999389648438,5.070499897003174,30.70208740234375,24.08133316040039,148.47999572753906,40.86000061035156,33.119998931884766
2020-03-19,61.19499969482422,97.70999908447266,103.01000213623047,57.38999938964844,149.49000549316406,127.05000305175781,85.30000305175781,41.83000183105469,227.14999389648438,142.7100067138672,5.324250221252441,28.861480712890625,28.50933265686035,152.25,39.81666564941406,34.43000030517578
2020-03-20,57.310001373291016,95.01000213623047,95.5,59.38999938964844,138.41000366210938,119.88999938964844,83.5,38.29999923706055,211.4199981689453,137.35000610351562,5.143750190734863,27.523719787597656,28.50200080871582,146.8300018310547,37.9900016784668,32.7400016784668
2020-03-23,56.092498779296875,105.62000274658203,91.8499984741211,54.220001220703125,134.97000122070312,111.13999938964844,79.02999877929688,37.560001373291016,203.3000030517578,135.97999572753906,5.317249774932861,27.03036117553711,28.952667236328125,135.74000549316406,38.09333419799805,31.450000762939453
2020-03-24,61.720001220703125,127.68000030517578,101.33999633789062,66.55000305175781,153.60000610351562,119.18000030517578,88.43000030517578,39.45000076293945,237.07000732421875,148.33999633789062,6.229499816894531,28.178367614746094,33.66666793823242,154.52999877929688,38.34333419799805,35.439998626708984
2020-03-25,61.380001068115234,158.72999572753906,104.66999816894531,69.2699966430664,155.1300048828125,119.4000015258789,91.7300033569336,41.61000061035156,256.4800109863281,146.9199981689453,6.140500068664551,28.225805282592773,35.95000076293945,161.77999877929688,36.46666717529297,37.290000915527344
2020-03-26,64.61000061035156,180.5500030517578,110.5,76.37999725341797,165.7899932861328,126.56999969482422,98.12000274658203,44.290000915527344,263.17999267578125,156.11000061035156,6.431000232696533,30.123340606689453,35.21066665649414,168.8800048828125,36.606666564941406,38.81999969482422
2020-03-27,61.935001373291016,162.0,105.44000244140625,68.77999877929688,158.33999633789062,123.16000366210938,91.12999725341797,42.810001373291016,247.64999389648438,149.6999969482422,6.3182501792907715,29.3168888092041,34.29066848754883,161.55999755859375,36.526668548583984,36.95000076293945
2020-03-30,63.70249938964844,152.27999877929688,111.70999908447266,71.94999694824219,159.6199951171875,133.00999450683594,93.5,45.0,253.25,160.22999572753906,6.639750003814697,30.996204376220703,33.47533416748047,165.57000732421875,38.39666748046875,37.5
2020-03-31,63.5724983215332,149.13999938964844,116.04000091552734,72.45999908447266,154.58999633789062,131.1300048828125,90.02999877929688,44.25,241.55999755859375,157.7100067138672,6.590000152587891,30.967742919921875,34.93333435058594,161.1199951171875,37.87333297729492,37.970001220703125
2020-04-01,60.227500915527344,130.6999969482422,111.3499984741211,68.55999755859375,145.2899932861328,128.80999755859375,84.36000061035156,42.119998931884766,228.61000061035156,152.11000061035156,6.076749801635742,30.123340606689453,32.104000091552734,153.11000061035156,38.04666519165039,37.529998779296875
2020-04-02,61.23249816894531,123.2699966430664,116.73999786376953,76.12000274658203,149.92999267578125,133.14999389648438,87.51000213623047,43.95000076293945,238.8800048828125,155.25999450683594,6.386750221252441,31.185958862304688,30.29800033569336,157.38999938964844,39.54999923706055,40.400001525878906
2020-04-03,60.352500915527344,124.5199966430664,114.66999816894531,75.11000061035156,146.92999267578125,134.1699981689453,84.05000305175781,43.83000183105469,237.02999877929688,153.8300018310547,6.097750186920166,31.9165096282959,32.000667572021484,151.85000610351562,39.82666778564453,39.209999084472656
2020-04-06,65.61750030517578,148.77000427246094,120.43000030517578,80.38999938964844,158.22999572753906,139.75999450683594,89.45999908447266,46.66999816894531,265.94000244140625,165.27000427246094,6.710000038146973,32.79886245727539,34.41600036621094,169.44000244140625,42.02333450317383,40.470001220703125
2020-04-07,64.85749816894531,141.5800018310547,121.91999816894531,80.91999816894531,166.02000427246094,137.47999572753906,90.63999938964844,46.5099983215332,259.0799865722656,163.49000549316406,6.475749969482422,31.888046264648438,36.36333465576172,168.58999633789062,40.663333892822266,41.2400016784668
2020-04-08,66.51750183105469,146.8699951171875,127.4000015258789,85.9800033569336,176.9600067138672,143.25999450683594,94.30000305175781,47.81999969482422,270.95001220703125,165.1300048828125,6.673749923706055,32.82732391357422,36.589332580566406,174.94000244140625,40.61333465576172,43.849998474121094
2020-04-09,66.99749755859375,151.83999633789062,125.02999877929688,84.30999755859375,184.25999450683594,141.22999572753906,102.76000213623047,49.0,269.3999938964844,165.13999938964844,6.573750019073486,33.57685089111328,38.20000076293945,173.69000244140625,40.599998474121094,43.130001068115234
2020-04-13,68.3125,147.3300018310547,114.13999938964844,84.91000366210938,179.17999267578125,139.77000427246094,98.19000244140625,46.93000030517578,263.3399963378906,165.50999450683594,6.746250152587891,33.339656829833984,43.39666748046875,168.99000549316406,41.766666412353516,42.7599983215332
2020-04-14,71.76249694824219,141.0,116.4800033569336,84.61000061035156,178.22999572753906,146.02999877929688,95.5,48.91999816894531,270.7200012207031,173.6999969482422,7.098750114440918,34.573055267333984,47.32600021362305,174.6199951171875,43.0,42.43000030517578
2020-04-15,71.10749816894531,145.97999572753906,111.52999877929688,82.48999786376953,178.52000427246094,147.66000366210938,90.79000091552734,47.61000061035156,257.1400146484375,171.8800048828125,7.020999908447266,34.12713623046875,48.65533447265625,165.9600067138672,42.91999816894531,40.47999954223633
2020-04-16,71.67250061035156,134.24000549316406,113.22000122070312,79.98999786376953,177.0399932861328,149.6699981689453,87.33000183105469,47.099998474121094,246.75999450683594,177.0399932861328,7.367499828338623,34.041744232177734,49.680667877197266,162.4199981689453,44.11000061035156,39.150001525878906
2020-04-17,70.69999694824219,154.0,116.30000305175781,87.16999816894531,183.49000549316406,152.02000427246094,95.18000030517578,48.060001373291016,259.9700012207031,178.60000610351562,7.308000087738037,35.01897430419922,50.259334564208984,169.5399932861328,44.040000915527344,43.220001220703125
2020-04-20,69.23249816894531,143.61000061035156,114.5999984741211,83.56999969482422,180.39999389648438,151.6699981689453,91.70999908447266,46.529998779296875,251.72999572753906,175.05999755859375,7.176249980926514,34.23149871826172,49.75733184814453,164.22000122070312,43.28333282470703,41.18000030517578
2020-04-21,67.09249877929688,136.3300018310547,109.8499984741211,81.63999938964844,173.80999755859375,149.67999267578125,89.05000305175781,45.380001068115234,245.35000610351562,167.82000732421875,6.737750053405762,33.795066833496094,45.781333923339844,160.52999877929688,43.06999969482422,40.959999084472656
2020-04-22,69.0250015258789,134.97000122070312,110.63999938964844,84.44000244140625,175.97999572753906,152.99000549316406,89.33999633789062,45.68000030517578,256.9100036621094,173.52000427246094,7.153749942779541,34.39278793334961,48.807334899902344,166.58999633789062,43.86333465576172,42.130001068115234
2020-04-23,68.75749969482422,137.74000549316406,112.91000366210938,86.80000305175781,175.0500030517578,155.50999450683594,89.38999938964844,45.06999969482422,255.86000061035156,171.4199981689453,7.100249767303467,34.810245513916016,47.04199981689453,166.3800048828125,42.84333419799805,43.45000076293945
2020-04-24,70.74250030517578,128.97999572753906,114.04000091552734,87.01000213623047,177.0,154.86000061035156,90.70999908447266,45.43000030517578,258.760009765625,174.5500030517578,7.239749908447266,35.46489715576172,48.34333419799805,167.32000732421875,43.14666748046875,43.72999954223633
2020-04-27,70.7925033569336,128.67999267578125,115.19999694824219,89.70999908447266,183.5399932861328,154.2899932861328,94.62000274658203,46.779998779296875,265.1199951171875,174.0500030517578,7.427000045776367,36.3662223815918,53.25,171.75999450683594,42.766666412353516,43.939998626708984
2020-04-28,69.6449966430664,131.3000030517578,115.45999908447266,89.91000366210938,187.00999450683594,151.38999938964844,95.29000091552734,46.7400016784668,264.6000061035156,169.80999755859375,7.283999919891357,35.967742919921875,51.27466583251953,171.25,42.66666793823242,44.970001220703125
2020-04-29,71.93250274658203,139.0,120.05999755859375,94.62000274658203,190.02999877929688,150.24000549316406,97.86000061035156,47.119998931884766,283.69000244140625,177.42999267578125,7.46150016784668,36.16698455810547,53.367332458496094,181.7899932861328,41.20000076293945,47.459999084472656
2020-04-30,73.44999694824219,141.02000427246094,116.37999725341797,92.0,183.4199981689453,150.0399932861328,95.76000213623047,45.88999938964844,274.9700012207031,179.2100067138672,7.307000160217285,36.39468765258789,52.12533187866211,178.72000122070312,40.516666412353516,46.470001220703125
2020-05-01,72.26750183105469,133.3699951171875,110.87999725341797,89.44000244140625,177.10000610351562,148.2899932861328,93.25,45.599998474121094,268.739990234375,174.57000732421875,7.069499969482422,35.71157455444336,46.75466537475586,175.57000732421875,40.973331451416016,43.13999938964844
2020-05-04,73.29000091552734,131.4600067138672,107.72000122070312,91.44000244140625,176.02999877929688,148.27000427246094,92.13999938964844,45.13999938964844,269.260009765625,178.83999633789062,7.282249927520752,35.69260025024414,50.74599838256836,176.14999389648438,41.233333587646484,44.880001068115234
2020-05-05,74.38999938964844,125.4000015258789,108.91000366210938,92.88999938964844,178.3000030517578,149.5,92.0,45.400001525878906,273.9800109863281,180.75999450683594,7.343500137329102,36.53700256347656,51.2140007019043,178.44000244140625,41.57666778564453,44.83000183105469
2020-05-06,75.15750122070312,121.86000061035156,107.66999816894531,90.05000305175781,176.9199981689453,148.0800018310547,90.2699966430664,44.75,272.44000244140625,182.5399932861328,7.44474983215332,36.53700256347656,52.172000885009766,178.77999877929688,41.099998474121094,43.9900016784668
2020-05-07,75.93499755859375,128.64999389648438,107.29000091552734,92.63999938964844,182.32000732421875,147.58999633789062,91.20999908447266,44.599998474121094,278.4700012207031,183.60000610351562,7.6217498779296875,35.06641387939453,52.00266647338867,182.72000122070312,40.630001068115234,44.2400016784668
2020-05-08,77.53250122070312,133.44000244140625,112.11000061035156,95.47000122070312,185.38999938964844,148.6999969482422,92.69999694824219,46.11000061035156,282.44000244140625,184.67999267578125,7.8125,35.31309127807617,54.62799835205078,185.08999633789062,40.97999954223633,46.18000030517578
2020-05-11,78.75250244140625,128.91000366210938,108.61000061035156,93.37000274658203,183.16000366210938,149.11000061035156,89.97000122070312,45.540000915527344,281.2300109863281,186.74000549316406,8.065500259399414,36.148006439208984,54.08599853515625,183.55999755859375,41.223331451416016,45.7400016784668
2020-05-12,77.85250091552734,125.22000122070312,105.0,91.0999984741211,177.2100067138672,147.13999938964844,87.02999877929688,44.81999969482422,272.1099853515625,182.50999450683594,7.802499771118164,35.445919036865234,53.96066665649414,179.47000122070312,41.2599983215332,44.119998931884766
2020-05-13,76.9124984741211,121.5,104.4800033569336,88.69999694824219,171.8000030517578,147.1300048828125,84.02999877929688,43.939998626708984,269.1600036621094,179.75,7.78000020980835,35.15180206298828,52.73066711425781,177.08999633789062,41.23666763305664,41.93000030517578
2020-05-14,77.38500213623047,122.5199966430664,106.19000244140625,90.05000305175781,174.4499969482422,147.63999938964844,87.5199966430664,43.70000076293945,277.30999755859375,180.52999877929688,8.030500411987305,35.977230072021484,53.55533218383789,180.89999389648438,41.13999938964844,42.29999923706055
2020-05-15,76.92749786376953,120.0,107.91999816894531,89.16000366210938,171.8699951171875,150.44000244140625,85.9000015258789,43.2599983215332,278.94000244140625,183.16000366210938,8.490750312805176,35.8254280090332,53.27799987792969,183.49000549316406,41.97999954223633,42.0
2020-05-18,78.73999786376953,135.44000244140625,115.0199966430664,92.55000305175781,181.8800048828125,150.52000427246094,90.44999694824219,44.970001220703125,289.8999938964844,184.91000366210938,8.750249862670898,36.119544982910156,54.242000579833984,191.3800048828125,42.5533332824707,45.34000015258789
2020-05-19,78.28500366210938,130.44000244140625,112.08000183105469,89.62000274658203,177.8300018310547,149.02000427246094,88.66999816894531,44.540000915527344,290.7300109863281,183.6300048828125,8.805500030517578,35.74952697753906,53.867332458496094,189.36000061035156,41.650001525878906,43.939998626708984
2020-05-20,79.80750274658203,133.32000732421875,115.69000244140625,93.0,181.44000244140625,147.67999267578125,91.33000183105469,45.88999938964844,298.79998779296875,185.66000366210938,8.970000267028809,35.70208740234375,54.37066650390625,193.86000061035156,41.81666564941406,45.369998931884766
2020-05-21,79.2125015258789,139.0,114.05999755859375,92.04000091552734,180.10000610351562,146.7100067138672,90.16999816894531,45.16999816894531,294.260009765625,183.42999267578125,8.775250434875488,35.351043701171875,55.17333221435547,190.6199951171875,41.663333892822266,44.560001373291016
2020-05-22,79.72250366210938,137.52999877929688,112.47000122070312,90.27999877929688,179.92999267578125,144.3699951171875,89.47000122070312,45.029998779296875,294.9100036621094,183.50999450683594,9.026249885559082,35.5787467956543,54.45866775512695,190.86000061035156,41.44333267211914,44.599998474121094
2020-05-26,79.18250274658203,144.72999572753906,117.41000366210938,93.30000305175781,196.05999755859375,144.55999755859375,95.81999969482422,46.09000015258789,303.3299865722656,181.57000732421875,8.71774959564209,35.56925964355469,54.591331481933594,193.22000122070312,41.28666687011719,45.90999984741211
2020-05-27,79.52749633789062,149.52000427246094,122.41999816894531,93.9000015258789,209.66000366210938,144.88999938964844,101.37000274658203,46.72999954223633,299.7699890136719,181.80999755859375,8.525250434875488,35.49335861206055,54.68199920654297,192.82000732421875,40.82666778564453,46.2400016784668
2020-05-28,79.5625,149.82000732421875,120.73999786376953,90.87000274658203,201.22000122070312,146.97000122070312,99.86000061035156,47.09000015258789,302.29998779296875,181.39999389648438,8.487000465393066,36.223907470703125,53.72066879272461,194.25999450683594,41.22999954223633,45.040000915527344
2020-05-29,79.48500061035156,145.85000610351562,120.12999725341797,91.69999694824219,196.49000549316406,148.75,97.30999755859375,46.68000030517578,300.8900146484375,183.25,8.875499725341797,36.2333984375,55.66666793823242,195.24000549316406,41.35333251953125,45.470001220703125
2020-06-01,80.4625015258789,151.38999938964844,120.5,92.79000091552734,199.92999267578125,147.19000244140625,98.5999984741211,46.9900016784668,301.3999938964844,182.8300018310547,8.806249618530273,33.64326477050781,59.87333297729492,194.35000610351562,41.31999969482422,46.279998779296875
2020-06-02,80.83499908447266,153.30999755859375,123.31999969482422,94.69000244140625,204.13999938964844,148.25,98.93000030517578,46.900001525878906,303.5899963378906,184.91000366210938,8.825249671936035,34.30739974975586,58.770668029785156,196.36000061035156,41.313331604003906,47.310001373291016
2020-06-03,81.27999877929688,173.16000366210938,127.08999633789062,97.18000030517578,210.57000732421875,148.64999389648438,104.2699966430664,47.900001525878906,307.07000732421875,185.36000061035156,8.769499778747559,34.30739974975586,58.86399841308594,196.8699951171875,41.15666580200195,49.2400016784668
2020-06-04,80.58000183105469,184.3000030517578,128.9600067138672,96.27999877929688,214.82000732421875,146.72999572753906,106.44000244140625,47.91999816894531,301.3699951171875,182.9199981689453,8.766500473022461,34.16508483886719,57.62533187866211,193.63999938964844,40.70333480834961,49.099998474121094
2020-06-05,82.875,205.42999267578125,135.1199951171875,100.80999755859375,217.9199981689453,147.3000030517578,111.2300033569336,49.09000015258789,311.8800048828125,187.1999969482422,8.920000076293945,34.14611053466797,59.04399871826172,199.61000061035156,40.52000045776367,53.08000183105469
2020-06-08,83.36499786376953,230.5,137.72000122070312,103.23999786376953,220.80999755859375,146.77000427246094,113.44999694824219,49.849998474121094,310.4100036621094,188.36000061035156,8.805000305175781,34.715370178222656,63.327999114990234,199.60000610351562,40.413333892822266,54.7400016784668
2020-06-09,85.99749755859375,216.74000549316406,134.19000244140625,101.52999877929688,218.10000610351562,145.9600067138672,110.54000091552734,49.0,311.489990234375,189.8000030517578,9.045999526977539,34.35483932495117,62.711334228515625,199.0800018310547,40.45000076293945,53.52000045776367
2020-06-10,88.20999908447266,203.41000366210938,132.44000244140625,97.58000183105469,213.52000427246094,147.8000030517578,106.05999755859375,48.619998931884766,313.1499938964844,196.83999633789062,9.36674976348877,34.07969665527344,68.336669921875,200.47999572753906,40.38666534423828,50.650001525878906
2020-06-11,83.9749984741211,170.0,121.55000305175781,89.37000274658203,194.1300048828125,140.8699951171875,97.20999908447266,45.540000915527344,291.25,186.27000427246094,8.796250343322754,31.59392738342285,64.85600280761719,188.8800048828125,40.029998779296875,46.18000030517578
2020-06-12,84.69999694824219,189.50999450683594,123.1500015258789,92.38999938964844,201.77999877929688,142.14999389648438,99.87000274658203,45.599998474121094,297.7900085449219,187.74000549316406,8.932499885559082,32.0208740234375,62.35200119018555,192.25999450683594,39.246665954589844,47.16999816894531
2020-06-15,85.74749755859375,190.94000244140625,123.61000061035156,91.2300033569336,206.30999755859375,141.25,101.25,46.29999923706055,297.1700134277344,188.94000244140625,9.173749923706055,31.650854110717773,66.05999755859375,191.75999450683594,39.36000061035156,47.13999938964844
2020-06-16,88.0199966430664,197.77000427246094,130.11000061035156,94.02999877929688,209.58999633789062,144.4600067138672,102.05999755859375,46.77000045776367,304.4800109863281,193.57000732421875,9.068499565124512,31.688804626464844,65.47533416748047,192.8800048828125,39.883331298828125,48.20000076293945
2020-06-17,87.89749908447266,192.5399932861328,128.22999572753906,91.54000091552734,206.19000244140625,144.02000427246094,99.4800033569336,46.58000183105469,303.760009765625,194.24000549316406,9.236000061035156,31.840606689453125,66.11933135986328,193.55999755859375,39.676666259765625,46.630001068115234
2020-06-18,87.93250274658203,192.2899932861328,127.58999633789062,91.94000244140625,203.83999633789062,143.41000366210938,98.94000244140625,46.9900016784668,304.8500061035156,196.32000732421875,9.218000411987305,31.537002563476562,66.9306640625,193.91000366210938,39.33000183105469,46.91999816894531
2020-06-19,87.43000030517578,187.02000427246094,127.45999908447266,90.62999725341797,201.6300048828125,143.8300018310547,97.80999755859375,46.02000045776367,296.5,195.14999389648438,9.261249542236328,31.707780838012695,66.72666931152344,192.1999969482422,39.95000076293945,45.97999954223633
2020-06-22,89.71749877929688,188.52000427246094,125.79000091552734,91.58999633789062,203.4199981689453,143.38999938964844,96.75,45.7400016784668,304.44000244140625,200.57000732421875,9.526749610900879,31.41366195678711,66.28800201416016,194.9600067138672,40.560001373291016,46.41999816894531
2020-06-23,91.63249969482422,187.8800048828125,126.25,91.44000244140625,204.77999877929688,142.86000061035156,97.93000030517578,45.63999938964844,306.8800048828125,201.91000366210938,9.449999809265137,31.091081619262695,66.78533172607422,197.97000122070312,40.356666564941406,46.70000076293945
2020-06-24,90.01499938964844,176.69000244140625,122.05999755859375,87.63999938964844,198.02000427246094,139.82000732421875,94.66000366210938,44.650001525878906,294.010009765625,197.83999633789062,9.23550033569336,30.540796279907227,64.0566635131836,191.41000366210938,40.099998474121094,44.5
2020-06-25,91.20999908447266,174.8800048828125,124.70999908447266,89.20999908447266,207.10000610351562,139.6699981689453,97.95999908447266,44.93000030517578,298.010009765625,200.33999633789062,9.489999771118164,30.66413688659668,65.73200225830078,193.97999572753906,39.9033317565918,45.16999816894531
2020-06-26,88.40750122070312,170.00999450683594,122.38999938964844,86.45999908447266,189.19000244140625,137.80999755859375,92.58999633789062,43.56999969482422,289.3399963378906,196.3300018310547,9.154999732971191,30.398481369018555,63.982666015625,189.27000427246094,39.439998626708984,43.619998931884766
2020-06-29,90.44499969482422,194.49000549316406,125.25,87.66999816894531,193.47000122070312,139.0399932861328,93.0,44.36000061035156,292.92999267578125,198.44000244140625,9.199999809265137,30.967742919921875,67.29000091552734,191.3800048828125,39.686668395996094,44.31999969482422
2020-06-30,91.19999694824219,183.3000030517578,126.5,89.2300033569336,197.6199951171875,140.6300048828125,94.05999755859375,44.68000030517578,295.70001220703125,203.50999450683594,9.497750282287598,31.024667739868164,71.98733520507812,193.1699981689453,39.926666259765625,44.720001220703125
2020-07-01,91.02749633789062,180.32000732421875,126.05999755859375,87.62000274658203,197.57000732421875,140.3800048828125,93.26000213623047,44.81999969482422,301.1700134277344,204.6999969482422,9.529999732971191,32.01138687133789,74.64199829101562,193.77999877929688,39.89666748046875,43.709999084472656
2020-07-02,91.02749633789062,180.80999755859375,127.72000122070312,88.30999755859375,197.39999389648438,140.97000122070312,92.66000366210938,44.880001068115234,302.4200134277344,206.25999450683594,9.612250328063965,32.74193572998047,80.57733154296875,195.6699981689453,39.73666763305664,44.08000183105469
2020-07-06,93.4625015258789,187.91000366210938,129.42999267578125,88.56999969482422,207.36000061035156,142.97999572753906,95.0,45.22999954223633,305.57000732421875,210.6999969482422,9.839249610900879,32.74193572998047,91.43866729736328,197.75999450683594,39.630001068115234,44.38999938964844
2020-07-07,93.17250061035156,178.8800048828125,127.19999694824219,86.30999755859375,199.36000061035156,142.85000610351562,92.31999969482422,45.209999084472656,299.9100036621094,208.25,9.871749877929688,32.286529541015625,92.65733337402344,194.1999969482422,42.31666564941406,43.2400016784668
2020-07-08,95.34249877929688,180.0800018310547,128.1300048828125,86.3499984741211,202.25,143.27000427246094,93.30000305175781,45.06999969482422,300.1499938964844,212.8300018310547,10.215999603271484,32.0208740234375,91.05867004394531,195.07000732421875,41.47999954223633,43.13999938964844
2020-07-09,95.75250244140625,173.27999877929688,125.7300033569336,82.73999786376953,196.8300018310547,142.49000549316406,91.27999877929688,43.90999984741211,294.5899963378906,214.32000732421875,10.508999824523926,31.745731353759766,92.9520034790039,192.2100067138672,42.58333206176758,41.36000061035156
2020-07-10,95.91999816894531,178.44000244140625,128.00999450683594,85.2300033569336,205.55999755859375,142.3699951171875,96.2699966430664,45.150001525878906,295.67999267578125,213.6699981689453,10.479249954223633,32.09677505493164,102.97666931152344,192.5500030517578,43.560001373291016,42.650001525878906
2020-07-13,95.47750091552734,175.64999389648438,130.57000732421875,85.4000015258789,208.8800048828125,145.2100067138672,97.6500015258789,45.25,290.17999267578125,207.07000732421875,10.052249908447266,33.406070709228516,99.80400085449219,189.02000427246094,43.17333221435547,42.65999984741211
2020-07-14,97.05750274658203,179.9600067138672,136.8800048828125,88.3499984741211,214.00999450683594,147.9199981689453,98.20999908447266,45.869998931884766,298.95001220703125,208.35000610351562,10.376999855041504,33.425048828125,101.12000274658203,193.3300018310547,44.003334045410156,44.06999969482422
2020-07-15,97.7249984741211,187.94000244140625,138.36000061035156,88.88999938964844,216.89999389648438,148.25999450683594,99.7300033569336,46.400001525878906,305.7200012207031,208.0399932861328,10.227250099182129,33.88994216918945,103.06732940673828,196.5500030517578,44.0,44.630001068115234
2020-07-16,96.52249908447266,178.6999969482422,138.55999755859375,88.36000061035156,214.6699981689453,149.25,100.01000213623047,46.150001525878906,299.3500061035156,203.9199981689453,10.134750366210938,33.776092529296875,100.04266357421875,193.5,44.06666564941406,44.279998779296875
2020-07-17,96.32749938964844,175.66000366210938,136.89999389648438,87.19000244140625,211.41000366210938,149.35000610351562,98.16000366210938,46.81999969482422,304.05999755859375,202.8800048828125,10.201499938964844,34.39278793334961,100.05599975585938,195.08999633789062,43.913333892822266,43.52000045776367
2020-07-20,98.35749816894531,174.4199981689453,134.6300048828125,85.2699966430664,211.7100067138672,149.60000610351562,97.30000305175781,46.119998931884766,311.9599914550781,211.60000610351562,10.510749816894531,34.629981994628906,109.53333282470703,198.47000122070312,43.823333740234375,42.5
2020-07-21,97.0,178.6300048828125,135.8699951171875,91.38999938964844,212.02000427246094,149.74000549316406,99.41000366210938,47.20000076293945,307.6000061035156,208.75,10.328499794006348,34.810245513916016,104.55733489990234,196.47999572753906,44.11000061035156,44.650001525878906
2020-07-22,97.27249908447266,179.7899932861328,136.97999572753906,91.04000091552734,206.0,150.00999450683594,98.69000244140625,48.47999954223633,313.3699951171875,211.75,10.438750267028809,36.58443832397461,106.15533447265625,198.86000061035156,44.220001220703125,43.61000061035156
2020-07-23,92.84500122070312,176.4499969482422,136.60000610351562,91.01000213623047,203.02000427246094,149.61000061035156,98.9800033569336,48.279998779296875,309.8999938964844,202.5399932861328,10.12975025177002,36.44212341308594,100.87133026123047,197.42999267578125,43.880001068115234,43.70000076293945
2020-07-24,92.61499786376953,173.75999450683594,137.5800018310547,90.12999725341797,201.47000122070312,148.1199951171875,98.27999877929688,48.4900016784668,306.9200134277344,201.3000030517578,10.194499969482422,35.73054885864258,94.46666717529297,195.14999389648438,43.746665954589844,43.43000030517578
2020-07-27,94.80999755859375,170.2100067138672,139.88999938964844,91.04000091552734,203.02000427246094,147.17999267578125,96.9000015258789,48.47999954223633,308.8599853515625,203.85000610351562,10.421500205993652,35.61669921875,102.63999938964844,196.91000366210938,43.73666763305664,44.06999969482422
2020-07-28,93.25250244140625,170.83999633789062,138.02999877929688,89.11000061035156,201.6199951171875,146.8300018310547,97.31999969482422,48.18000030517578,306.3299865722656,202.02000427246094,10.215499877929688,37.0208740234375,98.43267059326172,196.74000549316406,43.91999816894531,43.54999923706055
2020-07-29,95.04000091552734,166.00999450683594,140.52999877929688,90.06999969482422,202.5800018310547,146.5399932861328,99.68000030517578,48.02000045776367,309.29998779296875,204.05999755859375,10.465499877929688,37.24857711791992,99.94066619873047,198.5800018310547,43.563331604003906,44.029998779296875
2020-07-30,96.19000244140625,161.9499969482422,136.72999572753906,86.2699966430664,199.52999877929688,146.83999633789062,97.0199966430664,47.689998626708984,309.0,203.89999389648438,10.61400032043457,36.755218505859375,99.16600036621094,194.05999755859375,43.37333297729492,41.869998931884766
2020-07-31,106.26000213623047,158.0,132.8800048828125,83.94000244140625,197.9600067138672,145.75999450683594,96.63999938964844,47.2400016784668,308.5299987792969,205.00999450683594,10.614749908447266,36.50853729248047,95.38400268554688,190.39999389648438,43.133331298828125,42.08000183105469
2020-08-03,108.9375,162.27000427246094,131.77999877929688,84.80999755859375,199.38999938964844,147.35000610351562,96.0999984741211,46.29999923706055,312.5899963378906,216.5399932861328,11.010250091552734,36.38520050048828,99.0,190.69000244140625,43.099998474121094,42.25
2020-08-04,109.66500091552734,165.07000732421875,131.52000427246094,86.48999786376953,201.63999938964844,147.22000122070312,95.55000305175781,46.689998626708984,314.3900146484375,213.2899932861328,11.227749824523926,36.42314910888672,99.13333129882812,192.2899932861328,43.880001068115234,43.470001220703125
2020-08-05,110.0625,174.27999877929688,134.97000122070312,87.19999694824219,204.52000427246094,148.39999389648438,97.20999908447266,47.220001220703125,328.0,212.94000244140625,11.286749839782715,36.48007583618164,99.00133514404297,196.10000610351562,43.27000045776367,43.849998474121094
2020-08-06,113.90249633789062,172.1999969482422,134.38999938964844,87.47000122070312,204.25,147.5500030517578,97.23999786376953,47.47999954223633,330.1400146484375,216.35000610351562,11.33549976348877,36.30929946899414,99.30533599853516,198.77000427246094,43.116668701171875,43.63999938964844
2020-08-07,111.11250305175781,170.02000427246094,134.9199981689453,86.80000305175781,208.27000427246094,148.60000610351562,99.37999725341797,47.79999923706055,328.0199890136719,212.47999572753906,11.19950008392334,36.48007583618164,96.84733581542969,196.36000061035156,43.323333740234375,43.439998626708984
2020-08-10,112.72750091552734,179.41000366210938,142.02000427246094,89.7300033569336,209.3800048828125,148.02999877929688,100.63999938964844,47.720001220703125,322.8800048828125,208.25,11.164999961853027,36.42314910888672,94.57133483886719,196.7899932861328,43.959999084472656,44.5099983215332
2020-08-11,109.375,180.1300048828125,142.52999877929688,89.62000274658203,211.05999755859375,146.97000122070312,103.81999969482422,47.93000030517578,328.5400085449219,203.3800048828125,10.850000381469727,35.85388946533203,91.6259994506836,197.77000427246094,43.400001525878906,44.970001220703125
2020-08-12,113.01000213623047,175.44000244140625,142.57000732421875,90.72000122070312,212.1300048828125,149.66000366210938,102.94000244140625,48.43000030517578,327.6300048828125,209.19000244140625,11.440250396728516,36.3662223815918,103.65066528320312,198.74000549316406,43.96333312988281,44.09000015258789
2020-08-13,115.01000213623047,174.72999572753906,140.6699981689453,89.81999969482422,208.38999938964844,148.0,102.37000274658203,48.380001068115234,326.19000244140625,208.6999969482422,11.442999839782715,36.214420318603516,108.06666564941406,197.5800018310547,43.95000076293945,43.0099983215332
2020-08-14,114.90750122070312,178.0800018310547,139.9600067138672,90.3499984741211,207.97000122070312,148.24000549316406,102.41000366210938,48.45000076293945,326.79998779296875,208.89999389648438,11.564000129699707,36.11005783081055,110.04733276367188,196.63999938964844,44.20000076293945,43.20000076293945
2020-08-17,114.60749816894531,172.00999450683594,138.72000122070312,90.7699966430664,203.07000732421875,148.99000549316406,99.70999908447266,48.209999084472656,330.2300109863281,210.27999877929688,12.336999893188477,36.38520050048828,122.3759994506836,199.42999267578125,45.20000076293945,42.63999938964844
2020-08-18,115.5625,170.22999572753906,138.3699951171875,87.62999725341797,201.30999755859375,150.08999633789062,98.31999969482422,48.41999816894531,331.0,211.49000549316406,12.260749816894531,36.39468765258789,125.80599975585938,199.00999450683594,44.9033317565918,42.43000030517578
2020-08-19,115.7074966430664,169.27000427246094,138.02000427246094,86.38999938964844,203.02000427246094,150.38999938964844,98.55000305175781,47.369998931884766,332.3999938964844,209.6999969482422,12.138500213623047,36.299808502197266,125.23533630371094,200.99000549316406,44.13666534423828,41.959999084472656
2020-08-20,118.2750015258789,169.5800018310547,137.47999572753906,84.80999755859375,201.85000610351562,151.4199981689453,97.37000274658203,47.349998474121094,337.32000732421875,214.5800018310547,12.140999794006348,36.736244201660156,133.45533752441406,204.14999389648438,43.52333450317383,41.31999969482422
2020-08-21,124.37000274658203,167.5,138.42999267578125,85.08000183105469,202.42999267578125,152.75999450683594,97.31999969482422,47.279998779296875,337.1000061035156,213.02000427246094,12.683500289916992,36.88804626464844,136.6653289794922,204.1300048828125,43.87666702270508,41.0099983215332
2020-08-24,125.85749816894531,178.27000427246094,141.67999267578125,87.19999694824219,207.33999633789062,152.14999389648438,100.05999755859375,47.970001220703125,343.6400146484375,213.69000244140625,12.720250129699707,36.850093841552734,134.27999877929688,206.41000366210938,43.776668548583984,42.220001220703125
2020-08-25,124.82499694824219,174.72999572753906,141.14999389648438,86.12999725341797,206.0,152.05999755859375,100.5,47.90999984741211,347.6600036621094,216.47000122070312,12.75,36.44212341308594,134.8893280029297,208.10000610351562,43.543331146240234,40.880001068115234
2020-08-26,126.52249908447266,171.89999389648438,141.8300018310547,84.77999877929688,207.22000122070312,152.3000030517578,99.08999633789062,48.15999984741211,351.0199890136719,221.14999389648438,12.77299976348877,36.10057067871094,143.54466247558594,210.25999450683594,43.56666564941406,40.0099983215332
2020-08-27,125.01000213623047,174.1999969482422,143.3699951171875,84.91000366210938,210.14999389648438,152.97999572753906,102.3499984741211,48.22999954223633,356.0,226.5800018310547,12.628250122070312,35.92030334472656,149.25,211.02999877929688,45.543331146240234,39.7400016784668
2020-08-28,124.80750274658203,175.8000030517578,143.6300048828125,85.62999725341797,207.7100067138672,153.63999938964844,102.7699966430664,49.83000183105469,366.1199951171875,228.91000366210938,13.147749900817871,35.967742919921875,147.55999755859375,215.7100067138672,46.766666412353516,40.689998626708984
2020-08-31,129.0399932861328,171.82000732421875,142.30999755859375,83.93000030517578,204.8699951171875,153.41000366210938,100.19000244140625,49.529998779296875,358.19000244140625,225.52999877929688,13.374500274658203,35.85388946533203,166.10667419433594,211.99000549316406,46.28333282470703,39.939998626708984
2020-09-01,134.17999267578125,172.10000610351562,146.0500030517578,83.08000183105469,205.4600067138672,151.52000427246094,100.13999938964844,49.119998931884766,356.8999938964844,227.27000427246094,13.821000099182129,34.99051284790039,158.35000610351562,213.35000610351562,49.1966667175293,39.43000030517578
2020-09-02,131.39999389648438,174.77999877929688,149.27000427246094,83.19000244140625,210.0399932861328,153.8300018310547,101.6500015258789,51.189998626708984,360.70001220703125,231.64999389648438,14.346500396728516,35.29411697387695,149.1233367919922,216.47999572753906,49.22666549682617,39.189998626708984
2020-09-03,120.87999725341797,168.77000427246094,146.75999450683594,82.27999877929688,207.55999755859375,149.5500030517578,101.33000183105469,50.47999954223633,343.8399963378906,217.3000030517578,13.01550006866455,34.53510284423828,135.6666717529297,208.9600067138672,48.18000030517578,39.11000061035156
2020-09-04,120.95999908447266,171.0500030517578,148.17999267578125,81.93000030517578,210.94000244140625,148.58999633789062,103.5199966430664,51.040000915527344,335.010009765625,214.25,12.6225004196167,34.497154235839844,139.44000244140625,204.66000366210938,47.61000061035156,39.08000183105469
2020-09-08,112.81999969482422,161.0800018310547,148.52000427246094,78.97000122070312,202.47999572753906,147.25999450683594,99.91999816894531,49.810001373291016,329.8800048828125,202.66000366210938,11.913000106811523,34.08918380737305,110.06999969482422,200.1199951171875,46.150001525878906,38.18000030517578
2020-09-09,117.31999969482422,160.77999877929688,152.69000244140625,80.02999877929688,202.22000122070312,149.6999969482422,100.87000274658203,50.189998626708984,339.6400146484375,211.2899932861328,12.71500015258789,34.326377868652344,122.09333038330078,204.05999755859375,46.630001068115234,37.95000076293945
2020-09-10,113.48999786376953,157.69000244140625,149.86000061035156,78.1500015258789,200.00999450683594,146.91000366210938,99.83000183105469,50.0,332.8800048828125,205.3699951171875,12.311750411987305,33.82352828979492,123.77999877929688,201.5399932861328,45.60333251953125,37.0
2020-09-11,112.0,160.22999572753906,153.8300018310547,77.69000244140625,200.9199981689453,147.77999877929688,101.06999969482422,51.060001373291016,330.1499938964844,204.02999877929688,12.16450023651123,34.22201156616211,124.23999786376953,200.67999267578125,45.56666564941406,36.900001525878906
2020-09-14,115.36000061035156,165.35000610351562,153.50999450683594,77.29000091552734,201.33999633789062,148.35000610351562,102.47000122070312,50.709999084472656,338.6000061035156,205.41000366210938,12.872249603271484,35.113853454589844,139.8733367919922,204.97999572753906,45.77333450317383,36.65999984741211
2020-09-15,115.54000091552734,163.49000549316406,148.60000610351562,76.3499984741211,198.0,148.88999938964844,99.27999877929688,51.04999923706055,339.1400146484375,208.77999877929688,12.991000175476074,35.06641387939453,149.9199981689453,205.38999938964844,45.78666687011719,36.27000045776367
2020-09-16,112.12999725341797,167.4600067138672,151.11000061035156,78.55999755859375,200.67999267578125,148.39999389648438,99.69999694824219,50.790000915527344,341.8500061035156,205.0500030517578,12.51449966430664,34.89563751220703,147.25332641601562,205.1300048828125,45.41999816894531,37.810001373291016
2020-09-17,110.33999633789062,167.52999877929688,153.8699951171875,78.79000091552734,194.8300018310547,147.1699981689453,98.55999755859375,50.54999923706055,339.42999267578125,202.91000366210938,12.463500022888184,34.93358612060547,141.14332580566406,205.27000427246094,45.563331604003906,37.79999923706055
2020-09-18,106.83999633789062,161.13999938964844,152.38999938964844,78.20999908447266,194.86000061035156,149.17999267578125,98.3499984741211,50.45000076293945,335.260009765625,200.38999938964844,12.189249992370605,34.75332260131836,147.38333129882812,202.61000061035156,45.0966682434082,37.189998626708984
2020-09-21,110.08000183105469,156.35000610351562,145.3300018310547,76.30000305175781,194.0,145.10000610351562,95.30999755859375,49.09000015258789,327.8500061035156,202.5399932861328,12.517250061035156,34.1745719909668,149.79666137695312,197.4499969482422,45.689998626708984,36.43000030517578
2020-09-22,111.80999755859375,156.8000030517578,147.14999389648438,75.52999877929688,191.6199951171875,144.2100067138672,94.2699966430664,49.65999984741211,335.30999755859375,207.4199981689453,12.637749671936035,34.39278793334961,141.41000366210938,200.55999755859375,46.10333251953125,35.529998779296875
2020-09-23,107.12000274658203,151.17999267578125,144.3800048828125,71.94999694824219,186.1199951171875,144.44000244140625,92.73999786376953,48.209999084472656,324.5299987792969,200.58999633789062,12.123749732971191,34.15559768676758,126.78666687011719,195.3699951171875,45.33000183105469,34.38999938964844
2020-09-24,108.22000122070312,146.0500030517578,145.13999938964844,71.80000305175781,195.11000061035156,144.6699981689453,92.66000366210938,48.70000076293945,328.2099914550781,203.19000244140625,12.347999572753906,33.927894592285156,129.26333618164062,195.52000427246094,45.56666564941406,34.31999969482422
2020-09-25,112.27999877929688,156.02999877929688,145.91000366210938,71.83000183105469,194.9499969482422,145.66000366210938,93.47000122070312,48.720001220703125,331.7799987792969,207.82000732421875,12.873749732971191,34.20303726196289,135.77999877929688,197.25,45.75666809082031,34.63999938964844
2020-09-28,114.95999908447266,166.0800018310547,147.67999267578125,73.93000030517578,199.07000732421875,147.11000061035156,96.16000366210938,49.279998779296875,338.3900146484375,209.44000244140625,13.03499984741211,34.52561569213867,140.39999389648438,200.32000732421875,45.75,35.310001373291016
2020-09-29,114.08999633789062,163.60000610351562,147.41000366210938,71.9000015258789,196.7899932861328,147.05999755859375,95.3499984741211,48.91999816894531,336.2300109863281,207.25999450683594,13.225749969482422,34.31688690185547,139.69000244140625,199.44000244140625,45.71333312988281,34.279998779296875
2020-09-30,115.80999755859375,165.25999450683594,149.14999389648438,72.0,200.97000122070312,148.8800048828125,96.2699966430664,49.369998931884766,338.1700134277344,210.3300018310547,13.530500411987305,34.819732666015625,143.00332641601562,199.97000122070312,46.63666534423828,34.33000183105469
2020-10-01,116.79000091552734,167.86000061035156,146.7100067138672,70.41999816894531,198.5500030517578,147.32000732421875,96.97000122070312,49.18000030517578,343.3699951171875,212.4600067138672,13.614500045776367,34.50664138793945,149.3866729736328,203.35000610351562,47.69333267211914,33.130001068115234
2020-10-02,113.0199966430664,168.0800018310547,149.94000244140625,71.19000244140625,199.89999389648438,146.24000549316406,97.88999938964844,49.36000061035156,338.8299865722656,206.19000244140625,13.062250137329102,34.51612854003906,138.3633270263672,201.4600067138672,46.83333206176758,32.97999954223633
2020-10-05,116.5,171.1999969482422,153.49000549316406,72.69999694824219,201.8000030517578,148.22999572753906,99.04000091552734,49.380001068115234,343.25,210.3800048828125,13.642499923706055,34.86717224121094,141.89332580566406,203.5399932861328,47.266666412353516,33.7400016784668
2020-10-06,113.16000366210938,159.5399932861328,151.52999877929688,72.30000305175781,201.08999633789062,146.25999450683594,98.0199966430664,48.939998626708984,337.42999267578125,205.91000366210938,13.736499786376953,34.31688690185547,137.9933319091797,200.4499969482422,46.87666702270508,33.38999938964844
2020-10-07,115.08000183105469,164.61000061035156,154.77000427246094,73.77999877929688,203.60000610351562,147.8800048828125,99.7300033569336,49.560001373291016,343.8999938964844,209.8300018310547,13.96399974822998,34.60151672363281,141.76666259765625,202.47000122070312,46.96333312988281,33.5
2020-10-08,114.97000122070312,168.0,156.66000366210938,75.22000122070312,207.97999572753906,148.88999938964844,101.77999877929688,50.459999084472656,345.1499938964844,210.5800018310547,13.838749885559082,35.0,141.97332763671875,202.97999572753906,47.119998931884766,35.2599983215332
2020-10-09,116.97000122070312,167.3300018310547,158.94000244140625,74.0,207.5399932861328,150.97000122070312,101.19999694824219,50.810001373291016,352.3900146484375,215.80999755859375,13.762749671936035,34.90512466430664,144.6666717529297,206.63999938964844,47.59333419799805,34.7400016784668
2020-10-12,124.4000015258789,167.35000610351562,162.61000061035156,74.51000213623047,214.1199951171875,151.83999633789062,102.44000244140625,51.09000015258789,352.0400085449219,221.39999389648438,14.22599983215332,34.93358612060547,147.43333435058594,206.39999389648438,48.08333206176758,34.630001068115234
2020-10-13,121.0999984741211,162.13999938964844,162.1199951171875,73.4000015258789,210.80999755859375,148.36000061035156,100.77999877929688,50.220001220703125,345.8399963378906,222.86000061035156,14.248250007629395,35.00948715209961,148.88333129882812,204.32000732421875,48.74333190917969,34.220001220703125
2020-10-14,121.19000244140625,163.24000549316406,163.61000061035156,72.94999694824219,211.22999572753906,148.10000610351562,100.22000122070312,50.119998931884766,342.70001220703125,220.86000061035156,14.095250129699707,34.97153854370117,153.76666259765625,202.1999969482422,47.97999954223633,34.150001525878906
2020-10-15,120.70999908447266,164.24000549316406,165.0399932861328,73.51000213623047,208.60000610351562,147.19000244140625,101.72000122070312,49.9900016784668,338.57000732421875,219.66000366210938,13.970000267028809,34.67741775512695,149.6266632080078,199.5500030517578,48.176666259765625,34.45000076293945
2020-10-16,119.0199966430664,167.35000610351562,168.75,72.88999938964844,206.2100067138672,148.10000610351562,101.51000213623047,50.029998779296875,339.3999938964844,219.66000366210938,13.81149959564209,36.00569152832031,146.55667114257812,200.25999450683594,48.23666763305664,34.099998474121094
2020-10-19,115.9800033569336,167.11000061035156,167.52999877929688,71.27999877929688,205.69000244140625,144.32000732421875,99.80000305175781,49.619998931884766,331.6700134277344,214.22000122070312,13.497750282287598,35.86337661743164,143.61000061035156,196.97000122070312,47.650001525878906,33.41999816894531
2020-10-20,117.51000213623047,167.24000549316406,168.99000549316406,71.68000030517578,208.02999877929688,144.5500030517578,100.37000274658203,50.25,331.7200012207031,214.64999389648438,13.645500183105469,35.56925964355469,140.64666748046875,197.6999969482422,47.96666717529297,33.70000076293945
2020-10-21,116.87000274658203,163.86000061035156,167.39999389648438,70.87000274658203,202.91000366210938,143.92999267578125,99.37000274658203,49.9900016784668,333.4200134277344,214.8000030517578,13.524749755859375,35.180267333984375,140.8800048828125,198.42999267578125,48.133331298828125,33.15999984741211
2020-10-22,115.75,169.07000732421875,169.66000366210938,73.4000015258789,205.39999389648438,145.0800018310547,102.87999725341797,50.68000030517578,333.6000061035156,214.88999938964844,13.361000061035156,35.512332916259766,141.92999267578125,197.99000549316406,47.849998474121094,34.86000061035156
2020-10-23,115.04000091552734,167.36000061035156,168.58999633789062,72.56999969482422,205.0399932861328,145.24000549316406,103.80999755859375,50.52000045776367,329.6099853515625,216.22999572753906,13.590250015258789,36.223907470703125,140.2100067138672,198.00999450683594,47.95000076293945,34.15999984741211
2020-10-26,115.05000305175781,160.8300018310547,163.1999969482422,70.94000244140625,201.13999938964844,143.97000122070312,101.23999786376953,49.79999923706055,318.05999755859375,210.0800018310547,13.141249656677246,35.977230072021484,140.0933380126953,193.07000732421875,47.38666534423828,33.349998474121094
2020-10-27,116.5999984741211,155.24000549316406,157.91000366210938,69.51000213623047,195.67999267578125,143.14999389648438,99.33000183105469,49.900001525878906,317.1099853515625,213.25,13.396750450134277,35.512332916259766,141.55999755859375,190.05999755859375,47.62333297729492,32.81999969482422
2020-10-28,111.19999694824219,148.13999938964844,151.16000366210938,66.87999725341797,189.77000427246094,138.36000061035156,96.54000091552734,47.959999084472656,291.3800048828125,202.67999267578125,12.626999855041504,33.6337776184082,135.33999633789062,180.8699951171875,46.68000030517578,31.56999969482422
2020-10-29,115.31999969482422,148.2899932861328,154.6699981689453,68.80000305175781,189.94000244140625,137.19000244140625,97.16999816894531,48.02000045776367,293.17999267578125,204.72000122070312,13.02400016784668,33.47248458862305,136.94332885742188,184.8699951171875,46.63999938964844,32.970001220703125
2020-10-30,108.86000061035156,144.38999938964844,157.0500030517578,69.5,189.0399932861328,137.11000061035156,98.04000091552734,48.060001373291016,288.6400146484375,202.47000122070312,12.534000396728516,33.66223907470703,129.34666442871094,181.7100067138672,46.25,32.619998931884766
2020-11-02,108.7699966430664,148.60000610351562,163.27000427246094,72.1500015258789,190.1999969482422,138.69000244140625,100.25,48.619998931884766,289.9700012207031,202.3300018310547,12.580750465393066,34.37381362915039,133.50332641601562,184.74000549316406,46.79999923706055,33.9900016784668
2020-11-03,110.44000244140625,153.64999389648438,167.69000244140625,71.73999786376953,197.92999267578125,138.5,103.41000366210938,49.349998474121094,295.3900146484375,206.42999267578125,13.019499778747559,34.33586120605469,141.3000030517578,188.33999633789062,47.59333419799805,33.40999984741211
2020-11-04,114.94999694824219,151.6300048828125,155.22999572753906,71.7699966430664,197.8699951171875,139.39999389648438,100.25,49.16999816894531,307.20001220703125,216.38999938964844,13.794249534606934,35.417457580566406,140.32666015625,193.97000122070312,47.31999969482422,33.22999954223633
2020-11-05,119.02999877929688,157.08999633789062,163.08999633789062,72.13999938964844,202.9600067138672,139.75999450683594,104.3499984741211,49.439998626708984,316.5299987792969,223.2899932861328,14.15999984741211,34.52561569213867,146.02999877929688,197.63999938964844,47.823333740234375,33.16999816894531
2020-11-06,118.69000244140625,157.74000549316406,161.2899932861328,71.1500015258789,201.25999450683594,142.25,102.95999908447266,49.45000076293945,313.6400146484375,223.72000122070312,14.562000274658203,34.53510284423828,143.31666564941406,198.47000122070312,48.59000015258789,32.779998779296875
2020-11-09,116.31999969482422,179.36000061035156,170.82000732421875,79.4000015258789,214.92999267578125,146.0800018310547,116.9000015258789,52.56999969482422,344.55999755859375,218.38999938964844,13.630749702453613,37.191650390625,140.4199981689453,212.67999267578125,47.8466682434082,36.93000030517578
2020-11-10,115.97000122070312,188.69000244140625,172.3000030517578,83.06999969482422,217.47000122070312,148.27999877929688,116.5199966430664,53.97999954223633,334.7799987792969,211.00999450683594,12.770000457763672,36.69829177856445,136.7866668701172,213.30999755859375,48.52000045776367,36.86000061035156
2020-11-11,119.48999786376953,182.14999389648438,169.4600067138672,82.45999908447266,218.0500030517578,147.8000030517578,114.77999877929688,53.58000183105469,332.3900146484375,216.5500030517578,13.418000221252441,36.52751541137695,139.0433349609375,212.6999969482422,49.32666778564453,36.47999954223633
2020-11-12,119.20999908447266,176.72000122070312,169.1300048828125,80.66999816894531,214.50999450683594,148.3000030517578,113.37000274658203,53.0099983215332,328.2900085449219,215.44000244140625,13.45674991607666,35.62618637084961,137.25332641601562,208.25999450683594,49.40999984741211,35.22999954223633
2020-11-13,119.26000213623047,187.11000061035156,171.7100067138672,83.02999877929688,219.0800018310547,149.89999389648438,114.08000183105469,53.45000076293945,335.0299987792969,216.50999450683594,13.29699993133545,36.64136505126953,136.1666717529297,210.47999572753906,50.18000030517578,36.08000183105469
2020-11-16,120.30000305175781,202.39999389648438,173.19000244140625,88.95999908447266,222.3800048828125,150.85000610351562,117.30000305175781,53.849998474121094,335.45001220703125,217.22999572753906,13.515250205993652,35.417457580566406,136.02999877929688,212.6999969482422,50.813331604003906,38.15999984741211
2020-11-17,119.38999938964844,210.0500030517578,171.91000366210938,87.04000091552734,224.64999389648438,149.35000610351562,116.11000061035156,53.68000030517578,336.5,214.4600067138672,13.422249794006348,36.040000915527344,147.20333862304688,210.7100067138672,49.790000915527344,38.66999816894531
2020-11-18,118.02999877929688,203.3000030517578,172.74000549316406,84.27999877929688,224.3000030517578,147.3699951171875,115.25,52.61000061035156,335.94000244140625,211.0800018310547,13.428750038146973,36.31999969482422,162.2133331298828,207.8300018310547,49.6966667175293,37.209999084472656
2020-11-19,118.63999938964844,205.6699981689453,172.89999389648438,85.7300033569336,224.57000732421875,147.13999938964844,115.55999755859375,53.130001068115234,333.8800048828125,212.4199981689453,13.440250396728516,36.189998626708984,166.42333984375,207.57000732421875,50.706668853759766,37.400001525878906
2020-11-20,117.33999633789062,199.6199951171875,172.22999572753906,85.79000091552734,223.35000610351562,146.36000061035156,114.56999969482422,52.66999816894531,323.0,210.38999938964844,13.087750434875488,36.70000076293945,163.20333862304688,203.8800048828125,50.08000183105469,36.939998626708984
2020-11-23,113.8499984741211,211.52999877929688,174.77999877929688,91.02999877929688,228.8300018310547,143.8699951171875,117.87000274658203,52.68000030517578,332.0400085449219,210.11000061035156,13.140000343322754,36.52000045776367,173.9499969482422,208.16000366210938,50.310001373291016,39.36000061035156
2020-11-24,115.16999816894531,218.49000549316406,176.89999389648438,95.62000274658203,237.5,143.8699951171875,123.31999969482422,53.220001220703125,342.3900146484375,213.86000061035156,12.95775032043457,36.599998474121094,185.1266632080078,209.67999267578125,50.45333480834961,41.97999954223633
2020-11-25,116.02999877929688,217.61000061035156,174.6300048828125,92.13999938964844,236.5399932861328,143.67999267578125,122.02999877929688,52.93000030517578,341.32000732421875,213.8699951171875,13.234749794006348,36.529998779296875,191.3333282470703,210.88999938964844,50.61000061035156,40.810001373291016
2020-11-27,116.58999633789062,216.5,175.0800018310547,91.30999755859375,235.39999389648438,144.0,121.22000122070312,52.70000076293945,339.07000732421875,215.22999572753906,13.261249542236328,37.22999954223633,195.25332641601562,211.0,50.53333282470703,40.189998626708984
2020-11-30,119.05000305175781,210.7100067138672,173.58999633789062,87.18000030517578,230.5800018310547,144.67999267578125,117.87999725341797,51.599998474121094,336.510009765625,214.07000732421875,13.40149974822998,38.310001373291016,189.1999969482422,210.35000610351562,50.93000030517578,38.130001068115234
2020-12-01,122.72000122070312,213.00999450683594,173.25999450683594,87.44999694824219,232.0800018310547,147.4499969482422,119.73999786376953,52.040000915527344,338.8800048828125,216.2100067138672,13.390000343322754,39.40999984741211,194.9199981689453,211.1999969482422,50.880001068115234,38.5
2020-12-02,123.08000183105469,223.85000610351562,173.8699951171875,89.87000274658203,237.64999389648438,148.13999938964844,122.04000091552734,52.11000061035156,340.2200012207031,215.3699951171875,13.544500350952148,40.79999923706055,189.60667419433594,210.17999267578125,50.17333221435547,39.939998626708984
2020-12-03,122.94000244140625,237.1999969482422,174.6300048828125,89.80000305175781,235.47000122070312,149.0,121.23999786376953,52.779998779296875,335.1400146484375,214.24000549316406,13.395999908447266,40.09000015258789,197.7933349609375,208.0500030517578,49.766666412353516,40.209999084472656
2020-12-04,122.25,232.7100067138672,182.2100067138672,93.27999877929688,239.5800018310547,150.27000427246094,122.33999633789062,53.849998474121094,344.3500061035156,214.36000061035156,13.558250427246094,40.34000015258789,199.67999267578125,212.67999267578125,49.63666534423828,41.68000030517578
2020-12-07,123.75,238.1699981689453,178.7100067138672,90.76000213623047,238.4499969482422,148.97000122070312,121.87999725341797,52.9900016784668,340.9599914550781,214.2899932861328,13.606749534606934,41.25,213.9199981689453,212.64999389648438,49.369998931884766,40.900001525878906
2020-12-08,124.37999725341797,236.57000732421875,178.83999633789062,91.54000091552734,238.83999633789062,151.5500030517578,122.0,53.18000030517578,340.7900085449219,216.00999450683594,13.350000381469727,42.560001373291016,216.6266632080078,212.77000427246094,49.81666564941406,42.2400016784668
2020-12-09,121.77999877929688,232.05999755859375,180.07000732421875,90.44000244140625,242.82000732421875,153.10000610351562,121.05000305175781,53.33000183105469,336.8500061035156,211.8000030517578,12.930749893188477,41.849998474121094,201.4933319091797,209.5800018310547,49.42333221435547,42.79999923706055
2020-12-10,123.23999786376953,234.42999267578125,178.85000610351562,93.3499984741211,244.39999389648438,152.25,120.2699966430664,53.04999923706055,331.5199890136719,210.52000427246094,12.972249984741211,41.72999954223633,209.02333068847656,207.61000061035156,49.01333236694336,44.0099983215332
2020-12-11,122.41000366210938,230.3300018310547,179.2899932861328,92.44999694824219,239.99000549316406,152.9499969482422,119.55999755859375,53.349998474121094,327.4200134277344,213.25999450683594,13.013250350952148,41.119998931884766,203.3300018310547,206.24000549316406,49.0,43.79999923706055
2020-12-14,121.77999877929688,228.6199951171875,178.0500030517578,89.44000244140625,237.7899932861328,149.07000732421875,118.30000305175781,53.27000045776367,331.1499938964844,214.1999969482422,13.30875015258789,39.209999084472656,213.27667236328125,207.25,48.54999923706055,42.220001220703125
2020-12-15,127.87999725341797,229.5,181.74000549316406,89.37000274658203,242.42999267578125,150.57000732421875,120.31999969482422,53.84000015258789,333.6499938964844,214.1300048828125,13.36050033569336,38.709999084472656,211.0833282470703,208.36000061035156,48.526668548583984,43.040000915527344
2020-12-16,127.80999755859375,225.8699951171875,179.5,88.69000244140625,243.77000427246094,149.6699981689453,120.66999816894531,53.060001373291016,332.1000061035156,219.27999877929688,13.242500305175781,37.84000015258789,207.58999633789062,208.27000427246094,48.47666549682617,43.70000076293945
2020-12-17,128.6999969482422,221.24000549316406,179.1699981689453,88.41000366210938,244.42999267578125,153.6199951171875,119.66999816894531,53.27000045776367,336.8999938964844,219.4199981689453,13.3412504196167,38.029998779296875,218.63333129882812,211.17999267578125,48.70000076293945,43.47999954223633
2020-12-18,126.66000366210938,219.75,180.9600067138672,87.19000244140625,242.1300048828125,154.50999450683594,119.08000183105469,53.7400016784668,340.3299865722656,218.58999633789062,13.272000312805176,37.68000030517578,231.6666717529297,211.30999755859375,48.650001525878906,42.72999954223633
2020-12-21,128.22999572753906,219.30999755859375,180.16000366210938,86.08999633789062,256.9800109863281,153.02000427246094,123.55000305175781,52.810001373291016,334.3699951171875,222.58999633789062,13.332249641418457,37.380001068115234,216.6199951171875,209.00999450683594,48.65666580200195,41.95000076293945
2020-12-22,131.8800048828125,218.77999877929688,176.5800018310547,84.36000061035156,250.08999633789062,152.72000122070312,121.66999816894531,52.7599983215332,332.239990234375,223.94000244140625,13.278249740600586,36.7400016784668,213.44667053222656,205.83999633789062,48.06666564941406,41.2400016784668
2020-12-23,130.9600067138672,219.69000244140625,178.4199981689453,85.69000244140625,256.45001220703125,151.94000244140625,125.06999969482422,53.08000183105469,329.2300109863281,221.02000427246094,13.009249687194824,37.439998626708984,215.32666015625,205.3000030517578,47.7400016784668,41.77000045776367
2020-12-24,131.97000122070312,217.14999389648438,179.55999755859375,85.33000183105469,256.1600036621094,152.47000122070312,124.5199966430664,53.439998626708984,336.0,222.75,12.993749618530273,37.27000045776367,220.58999633789062,208.6999969482422,47.83333206176758,41.599998474121094
2020-12-28,136.69000244140625,216.08999633789062,178.3699951171875,84.9000015258789,259.5899963378906,153.19000244140625,125.33999633789062,54.15999984741211,344.4700012207031,224.9600067138672,12.899999618530273,36.81999969482422,221.22999572753906,212.6300048828125,48.40666580200195,41.7400016784668
2020-12-29,134.8699951171875,216.25,176.64999389648438,84.61000061035156,258.010009765625,154.13999938964844,125.01000213623047,54.130001068115234,346.6600036621094,224.14999389648438,12.943249702453613,37.04999923706055,221.99667358398438,214.3699951171875,48.099998474121094,41.27000045776367
2020-12-30,133.72000122070312,216.6699981689453,180.0399932861328,85.33000183105469,259.45001220703125,156.0500030517578,125.36000061035156,54.439998626708984,355.54998779296875,221.67999267578125,13.145750045776367,36.7400016784668,231.5933380126953,218.36000061035156,48.060001373291016,41.599998474121094
2020-12-31,132.69000244140625,214.05999755859375,182.02000427246094,84.44999694824219,263.7099914550781,157.3800048828125,127.06999969482422,54.84000015258789,356.94000244140625,222.4199981689453,13.055000305175781,36.810001373291016,235.22332763671875,218.72999572753906,48.04999923706055,41.220001220703125
2021-01-04,129.41000366210938,202.72000122070312,182.14999389648438,84.70999908447266,265.0,156.5,125.87000274658203,52.7599983215332,351.489990234375,217.69000244140625,13.113499641418457,36.810001373291016,243.2566680908203,217.75999450683594,48.84333419799805,41.5
2021-01-05,131.00999450683594,211.6300048828125,183.63999938964844,87.0,270.92999267578125,158.33999633789062,125.6500015258789,52.18000030517578,347.4200134277344,217.89999389648438,13.404749870300293,37.189998626708984,245.0366668701172,214.50999450683594,48.58333206176758,43.5
2021-01-06,126.5999984741211,211.02999877929688,193.86000061035156,89.80000305175781,285.54998779296875,159.8300018310547,131.5500030517578,50.52000045776367,347.54998779296875,212.25,12.614500045776367,36.869998931884766,251.9933319091797,212.6199951171875,48.88666534423828,44.61000061035156
2021-01-07,130.9199981689453,212.7100067138672,194.22999572753906,90.22000122070312,291.6499938964844,160.3699951171875,135.8699951171875,49.959999084472656,349.8599853515625,218.2899932861328,13.343999862670898,37.060001373291016,272.0133361816406,213.80999755859375,48.883331298828125,44.959999084472656
2021-01-08,132.0500030517578,209.89999389648438,194.25999450683594,91.08000183105469,290.0799865722656,160.0399932861328,136.02000427246094,51.08000183105469,353.8500061035156,219.6199951171875,13.276749610900879,37.130001068115234,293.3399963378906,215.4499969482422,48.87666702270508,45.459999084472656
2021-01-11,128.97999572753906,206.7899932861328,193.86000061035156,91.5999984741211,293.8299865722656,159.3699951171875,138.0500030517578,50.20000076293945,348.20001220703125,217.49000549316406,13.621500015258789,37.77000045776367,270.39666748046875,212.88999938964844,49.0966682434082,46.84000015258789
2021-01-12,128.8000030517578,208.41000366210938,197.5399932861328,93.33999633789062,302.2099914550781,158.1300048828125,140.22000122070312,50.11000061035156,342.9200134277344,214.92999267578125,13.484749794006348,37.18000030517578,283.14666748046875,208.86000061035156,49.65666580200195,47.880001068115234
2021-01-13,130.88999938964844,207.2100067138672,195.88999938964844,93.25,302.94000244140625,157.88999938964844,140.35000610351562,50.15999984741211,346.3299865722656,216.33999633789062,13.531749725341797,36.86000061035156,284.8033447265625,209.35000610351562,49.150001525878906,48.41999816894531
2021-01-14,128.91000366210938,209.91000366210938,197.39999389648438,95.48999786376953,307.8699951171875,160.64999389648438,141.1699981689453,49.22999954223633,326.92999267578125,213.02000427246094,13.200249671936035,36.75,281.6666564941406,201.86000061035156,48.9900016784668,50.310001373291016
2021-01-15,127.13999938964844,204.32000732421875,194.6199951171875,92.08999633789062,301.010009765625,160.3000030517578,138.63999938964844,48.70000076293945,323.260009765625,212.64999389648438,12.85949993133545,36.70000076293945,275.38665771484375,201.58999633789062,48.21333312988281,47.88999938964844
2021-01-19,127.83000183105469,210.7100067138672,194.05999755859375,94.51000213623047,294.20001220703125,162.77999877929688,138.0399932861328,48.5099983215332,325.94000244140625,216.44000244140625,13.025250434875488,36.72999954223633,281.51666259765625,201.66000366210938,47.79666519165039,48.84000015258789
2021-01-20,132.02999877929688,211.4499969482422,192.33999633789062,95.37999725341797,290.4700012207031,162.3800048828125,135.97000122070312,48.68000030517578,334.9100036621094,224.33999633789062,13.365750312805176,36.5,283.48333740234375,206.00999450683594,48.503334045410156,49.529998779296875
2021-01-21,136.8699951171875,207.41000366210938,192.19000244140625,92.01000213623047,289.3699951171875,161.72999572753906,134.8300018310547,48.95000076293945,334.44000244140625,224.97000122070312,13.867500305175781,36.47999954223633,281.663330078125,205.13999938964844,48.28333282470703,48.11000061035156
2021-01-22,139.07000732421875,205.83999633789062,191.94000244140625,91.7300033569336,289.3900146484375,163.5500030517578,133.7899932861328,48.4900016784668,328.989990234375,225.9499969482422,13.712499618530273,36.54999923706055,282.21331787109375,202.02000427246094,48.776668548583984,47.43000030517578
2021-01-25,142.9199981689453,203.36000061035156,187.33999633789062,90.9000015258789,283.0400085449219,165.97999572753906,132.1199951171875,48.779998779296875,329.19000244140625,229.52999877929688,13.653249740600586,37.279998779296875,293.6000061035156,200.97999572753906,48.733333587646484,46.900001525878906
2021-01-26,143.16000366210938,202.05999755859375,187.2100067138672,89.36000061035156,281.760009765625,170.47999572753906,131.5800018310547,49.290000915527344,327.70001220703125,232.3300018310547,13.435250282287598,37.310001373291016,294.36334228515625,202.00999450683594,49.16999816894531,45.869998931884766
2021-01-27,142.05999755859375,194.02999877929688,180.6300048828125,88.19999694824219,273.3299865722656,167.8800048828125,127.86000061035156,48.529998779296875,315.489990234375,232.89999389648438,12.917750358581543,36.2400016784668,288.0533447265625,194.97000122070312,47.9466667175293,45.349998474121094
2021-01-28,137.08999633789062,197.22999572753906,184.33999633789062,89.0199966430664,275.0199890136719,169.16000366210938,130.11000061035156,49.150001525878906,324.2799987792969,238.92999267578125,13.050999641418457,35.86000061035156,278.4766540527344,198.22000122070312,47.91666793823242,46.060001373291016
2021-01-29,131.9600067138672,194.19000244140625,182.83999633789062,85.19999694824219,271.1700134277344,163.1300048828125,128.6699981689453,48.150001525878906,316.2900085449219,231.9600067138672,12.989749908447266,35.900001525878906,264.510009765625,193.25,46.83000183105469,44.84000015258789
2021-02-01,134.13999938964844,195.83999633789062,184.72000122070312,86.41000366210938,274.7300109863281,162.7100067138672,129.6199951171875,48.47999954223633,321.55999755859375,239.64999389648438,13.237000465393066,35.79999923706055,279.9366760253906,198.36000061035156,46.42333221435547,44.91999816894531
2021-02-02,134.99000549316406,200.94000244140625,192.5,87.05999755859375,286.9700012207031,161.25,133.61000061035156,48.959999084472656,334.3699951171875,239.50999450683594,13.556750297546387,34.9900016784668,290.92999267578125,202.61000061035156,46.92333221435547,45.630001068115234
2021-02-03,133.94000244140625,207.38999938964844,191.4499969482422,88.95999908447266,288.54998779296875,160.5,135.13999938964844,48.77000045776367,332.82000732421875,243.0,13.530500411987305,34.84000015258789,284.89666748046875,201.36000061035156,47.06666564941406,47.41999816894531
2021-02-04,137.38999938964844,210.63999938964844,191.64999389648438,89.0,293.75,161.99000549316406,138.25,49.0099983215332,340.8299865722656,242.00999450683594,13.664250373840332,34.88999938964844,283.3299865722656,209.25,47.5099983215332,48.33000183105469
2021-02-05,136.75999450683594,207.92999267578125,193.0,89.26000213623047,293.5,164.4499969482422,137.97999572753906,49.650001525878906,338.75,242.1999969482422,13.590999603271484,34.91999816894531,284.07666015625,208.77000427246094,48.119998931884766,49.95000076293945
2021-02-08,136.91000366210938,211.9499969482422,197.4499969482422,91.4800033569336,300.1499938964844,164.9199981689453,140.13999938964844,49.91999816894531,337.0299987792969,242.47000122070312,14.438750267028809,34.81999969482422,287.8066711425781,206.88999938964844,48.34333419799805,52.099998474121094
2021-02-09,136.00999450683594,215.1199951171875,197.27999877929688,90.95999908447266,300.4599914550781,166.27000427246094,139.5800018310547,49.70000076293945,333.44000244140625,243.77000427246094,14.263250350952148,34.970001220703125,283.1533203125,206.52000427246094,48.61000061035156,50.630001068115234
2021-02-10,135.38999938964844,211.9199981689453,197.72000122070312,92.5199966430664,304.2799987792969,166.80999755859375,139.66000366210938,49.599998474121094,334.2099914550781,242.82000732421875,14.764249801635742,34.7400016784668,268.2733459472656,206.44000244140625,48.043331146240234,51.119998931884766
2021-02-11,135.1300048828125,210.66000366210938,198.35000610351562,92.0199966430664,302.32000732421875,166.05999755859375,139.27000427246094,50.29999923706055,342.8699951171875,244.49000549316406,15.250749588012695,34.43000030517578,270.5533447265625,210.66000366210938,48.00666809082031,49.84000015258789
2021-02-12,135.3699951171875,210.97999572753906,197.99000549316406,92.55000305175781,306.32000732421875,166.5800018310547,141.25,50.689998626708984,341.0,244.99000549316406,14.961250305175781,34.720001220703125,272.0400085449219,209.9600067138672,48.15666580200195,50.52000045776367
2021-02-16,133.19000244140625,217.17999267578125,202.3800048828125,93.12999725341797,311.9599914550781,165.07000732421875,144.64999389648438,50.27000045776367,341.2099914550781,243.6999969482422,15.330249786376953,34.689998626708984,265.40667724609375,207.89999389648438,48.5533332824707,52.040000915527344
2021-02-17,130.83999633789062,215.52000427246094,202.3000030517578,95.91999816894531,312.739990234375,165.66000366210938,145.10000610351562,50.130001068115234,337.3299865722656,244.1999969482422,14.906000137329102,34.88999938964844,266.04998779296875,207.50999450683594,49.06666564941406,52.849998474121094
2021-02-18,129.7100067138672,208.47999572753906,199.9199981689453,95.0,309.8999938964844,165.74000549316406,145.58999633789062,50.77000045776367,338.4599914550781,243.7899932861328,14.829000473022461,34.560001373291016,262.4599914550781,209.35000610351562,45.88666534423828,52.02000045776367
2021-02-19,129.8699951171875,217.47000122070312,209.91000366210938,95.80000305175781,315.6199951171875,162.97999572753906,148.02000427246094,50.11000061035156,333.1700134277344,240.97000122070312,14.92650032043457,34.439998626708984,260.4333190917969,204.72999572753906,46.11333465576172,52.369998931884766
2021-02-22,126.0,212.8800048828125,218.05999755859375,98.38999938964844,316.8699951171875,161.8699951171875,149.41000366210938,50.630001068115234,340.6600036621094,234.50999450683594,14.35575008392334,34.2599983215332,238.1666717529297,208.32000732421875,45.89666748046875,54.29999923706055
2021-02-23,125.86000061035156,212.1199951171875,220.17999267578125,99.62999725341797,319.2099914550781,160.44000244140625,150.61000061035156,50.540000915527344,350.4200134277344,233.27000427246094,14.142000198364258,33.90999984741211,232.94667053222656,212.11000061035156,45.15666580200195,55.04999923706055
2021-02-24,125.3499984741211,229.33999633789062,222.47000122070312,103.30999755859375,330.6400146484375,162.58999633789062,153.25999450683594,50.709999084472656,367.32000732421875,234.5500030517578,14.49899959564209,33.75,247.33999633789062,219.42999267578125,44.4033317565918,56.70000076293945
2021-02-25,120.98999786376953,216.4499969482422,221.82000732421875,102.3499984741211,327.760009765625,162.75999450683594,151.17999267578125,50.16999816894531,354.57000732421875,228.99000549316406,13.307499885559082,33.81999969482422,227.4066619873047,213.75,43.983333587646484,55.7599983215332
2021-02-26,121.26000213623047,212.00999450683594,215.8800048828125,100.0,319.4800109863281,158.4600067138672,147.1699981689453,48.9900016784668,353.8500061035156,232.3800048828125,13.714500427246094,33.4900016784668,225.1666717529297,212.38999938964844,43.30666732788086,54.369998931884766
2021-03-01,127.79000091552734,224.38999938964844,219.75999450683594,102.05000305175781,329.9200134277344,159.32000732421875,150.5,49.900001525878906,362.8999938964844,236.94000244140625,13.841750144958496,33.689998626708984,239.47666931152344,216.6300048828125,43.790000915527344,56.400001525878906
2021-03-02,125.12000274658203,223.13999938964844,215.82000732421875,102.44000244140625,330.94000244140625,159.02000427246094,150.00999450683594,50.099998474121094,362.82000732421875,233.8699951171875,13.40625,33.5099983215332,228.81333923339844,215.77000427246094,43.369998931884766,56.06999969482422
2021-03-03,122.05999755859375,228.55999755859375,214.91000366210938,103.58999633789062,334.42999267578125,156.22000122070312,152.91000366210938,49.97999954223633,360.25,227.55999755859375,12.804750442504883,34.38999938964844,217.73333740234375,214.85000610351562,42.529998779296875,56.52000045776367
2021-03-04,120.12999725341797,224.7100067138672,212.77000427246094,104.5,329.2900085449219,153.07000732421875,150.55999755859375,49.939998626708984,349.5,226.72999572753906,12.37024974822998,34.20000076293945,207.14666748046875,211.5,42.5099983215332,58.709999084472656
2021-03-05,121.41999816894531,223.22000122070312,220.16000366210938,109.0,327.3699951171875,156.10000610351562,150.91000366210938,50.790000915527344,360.8800048828125,231.60000610351562,12.46150016784668,34.38999938964844,199.31666564941406,215.41000366210938,43.040000915527344,60.93000030517578
2021-03-08,116.36000061035156,224.02999877929688,221.5800018310547,109.75,334.19000244140625,157.39999389648438,152.91000366210938,51.63999938964844,371.3299865722656,227.38999938964844,11.593250274658203,34.349998474121094,187.6666717529297,220.27000427246094,42.62666702270508,60.869998931884766
2021-03-09,121.08999633789062,230.61000061035156,216.8000030517578,109.5,330.5899963378906,157.6999969482422,151.8300018310547,50.86000061035156,376.5199890136719,233.77999877929688,12.52025032043457,34.45000076293945,224.52667236328125,220.36000061035156,42.96333312988281,59.93000030517578
2021-03-10,119.9800033569336,245.33999633789062,221.05999755859375,111.37000274658203,342.0199890136719,159.14999389648438,155.1300048828125,51.439998626708984,381.70001220703125,232.4199981689453,12.468250274658203,34.93000030517578,222.68666076660156,223.1699981689453,44.060001373291016,61.77000045776367
2021-03-11,121.95999908447266,252.0,219.75999450683594,111.19000244140625,342.1000061035156,159.13999938964844,154.32000732421875,50.880001068115234,384.3800048828125,237.1300048828125,12.993499755859375,34.709999084472656,233.1999969482422,226.14999389648438,44.043331146240234,61.310001373291016
2021-03-12,121.02999877929688,269.19000244140625,229.0,111.55999755859375,348.80999755859375,159.60000610351562,156.14999389648438,50.36000061035156,382.7099914550781,235.75,12.855999946594238,34.939998626708984,231.2433319091797,224.36000061035156,44.706668853759766,61.970001220703125
2021-03-15,123.98999786376953,265.6300048828125,230.74000549316406,110.25,346.04998779296875,160.4199981689453,155.3699951171875,51.029998779296875,381.760009765625,234.80999755859375,13.19124984741211,35.40999984741211,235.97999572753906,223.27000427246094,44.47666549682617,60.38999938964844
2021-03-16,125.56999969482422,255.2100067138672,226.4600067138672,107.63999938964844,341.7099914550781,161.3699951171875,153.50999450683594,51.220001220703125,382.3800048828125,237.7100067138672,13.291250228881836,35.83000183105469,225.6266632080078,224.6999969482422,44.46333312988281,59.11000061035156
2021-03-17,124.76000213623047,263.5899963378906,233.6300048828125,108.02999877929688,344.95001220703125,160.77000427246094,155.08999633789062,51.2400016784668,378.67999267578125,237.0399932861328,13.3412504196167,35.790000915527344,233.93666076660156,223.02000427246094,44.09333419799805,59.369998931884766
2021-03-18,120.52999877929688,256.05999755859375,230.67999267578125,104.12000274658203,348.0,160.47000122070312,157.64999389648438,50.56999969482422,367.0,230.72000122070312,12.72249984741211,35.77000045776367,217.72000122070312,220.66000366210938,43.336666107177734,56.810001373291016
2021-03-19,119.98999786376953,255.82000732421875,225.2899932861328,103.37999725341797,344.20001220703125,160.0399932861328,155.13999938964844,50.810001373291016,356.510009765625,230.35000610351562,12.845749855041504,35.529998779296875,218.2899932861328,206.89999389648438,43.913333892822266,56.4900016784668
2021-03-22,123.38999938964844,251.22999572753906,226.02000427246094,102.54000091552734,339.3299865722656,160.5,150.97000122070312,51.0,358.3999938964844,235.99000549316406,13.186249732971191,36.0,223.3333282470703,208.0,44.12333297729492,55.90999984741211
2021-03-23,122.54000091552734,241.25,218.25,101.97000122070312,331.7699890136719,160.35000610351562,149.4600067138672,51.38999938964844,355.2699890136719,237.5800018310547,13.07075023651123,35.36000061035156,220.72000122070312,208.14999389648438,44.64666748046875,55.220001220703125
2021-03-24,120.08999633789062,239.24000549316406,221.22999572753906,104.69999694824219,328.6499938964844,161.91000366210938,150.6199951171875,51.52000045776367,359.6499938964844,235.4600067138672,12.642999649047852,35.61000061035156,210.08999633789062,208.07000732421875,44.369998931884766,56.34000015258789
2021-03-25,120.58999633789062,247.19000244140625,224.25,105.06999969482422,330.54998779296875,161.97000122070312,152.5500030517578,52.02000045776367,358.3599853515625,232.33999633789062,12.535249710083008,35.66999816894531,213.4633331298828,207.97000122070312,44.66999816894531,56.18000030517578
2021-03-26,121.20999908447266,244.8699951171875,229.5,107.4800033569336,327.3900146484375,164.92999267578125,155.08999633789062,53.040000915527344,366.1400146484375,236.47999572753906,12.839249610900879,36.25,206.23666381835938,213.52999877929688,45.043331146240234,57.709999084472656
2021-03-29,121.38999938964844,250.52000427246094,230.22000122070312,106.91999816894531,325.7300109863281,166.0399932861328,152.67999267578125,53.849998474121094,362.9100036621094,235.24000549316406,12.948249816894531,36.619998931884766,203.76333618164062,214.50999450683594,45.55666732788086,57.400001525878906
2021-03-30,119.9000015258789,252.00999450683594,233.0800018310547,105.93000030517578,332.010009765625,165.00999450683594,154.47999572753906,53.150001525878906,358.20001220703125,231.85000610351562,12.871749877929688,36.11000061035156,211.8733367919922,211.89999389648438,45.246665954589844,56.689998626708984
2021-03-31,122.1500015258789,254.72000122070312,231.8699951171875,104.79000091552734,327.0,164.35000610351562,152.22999572753906,52.709999084472656,356.04998779296875,235.77000427246094,13.348250389099121,36.22999954223633,222.64332580566406,211.72999572753906,45.276668548583984,55.83000183105469
2021-04-01,123.0,252.9600067138672,232.74000549316406,105.75,327.6400146484375,162.8300018310547,153.7100067138672,52.5099983215332,363.29998779296875,242.35000610351562,13.811750411987305,36.29999923706055,220.5833282470703,216.86000061035156,45.206668853759766,57.38999938964844
2021-04-05,125.9000015258789,259.3599853515625,233.7100067138672,104.51000213623047,323.5400085449219,163.42999267578125,153.6199951171875,52.810001373291016,368.32000732421875,249.07000732421875,13.987500190734863,36.279998779296875,230.35000610351562,219.0399932861328,46.47666549682617,56.5
2021-04-06,126.20999908447266,255.1699981689453,230.63999938964844,103.58000183105469,327.05999755859375,163.38999938964844,152.5399932861328,53.189998626708984,369.57000732421875,247.86000061035156,13.861499786376953,36.04999923706055,230.5399932861328,218.64999389648438,46.70000076293945,56.34000015258789
2021-04-07,127.9000015258789,252.5800018310547,230.41000366210938,104.19000244140625,326.54998779296875,163.61000061035156,154.92999267578125,53.279998779296875,371.0799865722656,249.89999389648438,14.143500328063965,35.90999984741211,223.6566619873047,219.27000427246094,46.599998474121094,56.59000015258789
2021-04-08,130.36000061035156,254.9499969482422,230.47999572753906,103.0199966430664,331.1400146484375,162.97000122070312,155.1199951171875,53.119998931884766,377.739990234375,253.25,14.317000389099121,35.959999084472656,227.93333435058594,220.6999969482422,46.56999969482422,56.0
2021-04-09,133.0,252.36000061035156,230.75,102.91999816894531,330.80999755859375,161.25,156.27999877929688,53.18000030517578,380.0799865722656,255.85000610351562,14.399999618530273,36.599998474121094,225.67333984375,222.52000427246094,46.59333419799805,55.869998931884766
2021-04-12,131.24000549316406,249.52000427246094,230.92999267578125,101.77999877929688,331.8399963378906,161.63999938964844,155.9499969482422,53.349998474121094,379.8399963378906,255.91000366210938,15.208999633789062,36.970001220703125,233.9933319091797,221.47000122070312,46.599998474121094,55.5
2021-04-13,134.42999267578125,253.27000427246094,229.35000610351562,102.23999786376953,327.67999267578125,159.47999572753906,154.08999633789062,53.09000015258789,378.1300048828125,258.489990234375,15.679499626159668,37.15999984741211,254.10667419433594,221.02000427246094,46.456668853759766,55.709999084472656
2021-04-14,132.02999877929688,252.42999267578125,232.5800018310547,104.2699966430664,335.3500061035156,159.9199981689453,151.2100067138672,53.08000183105469,378.32000732421875,255.58999633789062,15.277000427246094,37.16999816894531,244.07666015625,221.97999572753906,46.439998626708984,57.31999969482422
2021-04-15,134.5,251.11000061035156,232.52000427246094,103.41999816894531,338.54998779296875,160.38999938964844,152.1699981689453,53.33000183105469,386.489990234375,259.5,16.137250900268555,37.599998474121094,246.28334045410156,226.27999877929688,46.720001220703125,56.97999954223633
2021-04-16,134.16000366210938,248.17999267578125,233.36000061035156,102.95999908447266,342.30999755859375,162.24000549316406,153.3000030517578,53.68000030517578,386.1700134277344,260.739990234375,15.912500381469727,38.56999969482422,246.5933380126953,226.41000366210938,46.869998931884766,56.65999984741211
2021-04-19,134.83999633789062,244.14999389648438,232.38999938964844,103.26000213623047,343.0899963378906,162.69000244140625,152.64999389648438,54.0,382.1600036621094,258.739990234375,15.361749649047852,38.93000030517578,238.2100067138672,225.7899932861328,46.56999969482422,56.47999954223633
2021-04-20,133.11000061035156,234.05999755859375,227.6300048828125,101.33000183105469,331.8800048828125,166.47999572753906,149.27000427246094,54.16999816894531,376.6300048828125,258.260009765625,15.171250343322754,39.029998779296875,239.663330078125,223.27999877929688,46.93000030517578,55.290000915527344
2021-04-21,133.5,235.9199981689453,232.4600067138672,102.7300033569336,335.2699890136719,166.58999633789062,150.5399932861328,54.61000061035156,383.1000061035156,260.5799865722656,15.36050033569336,39.529998779296875,248.0399932861328,227.4499969482422,47.06666564941406,56.0
2021-04-22,131.94000244140625,234.3300018310547,228.88999938964844,100.94999694824219,330.8500061035156,165.17999267578125,147.3699951171875,54.439998626708984,383.3599853515625,257.1700134277344,14.850250244140625,38.63999938964844,239.89666748046875,227.57000732421875,46.55666732788086,55.27000045776367
2021-04-23,134.32000732421875,238.3800048828125,230.11000061035156,101.55000305175781,339.3500061035156,165.52000427246094,150.19000244140625,54.470001220703125,387.05999755859375,261.1499938964844,15.265250205993652,38.65999984741211,243.13333129882812,230.0,46.633331298828125,55.56999969482422
2021-04-26,134.72000122070312,241.44000244140625,230.55999755859375,101.5199966430664,343.5199890136719,164.1199951171875,150.55999755859375,53.65999984741211,387.4700012207031,261.54998779296875,15.477999687194824,38.68000030517578,246.06666564941406,230.33999633789062,45.970001220703125,55.68000030517578
2021-04-27,134.38999938964844,242.47000122070312,230.33999633789062,102.69999694824219,346.6300048828125,163.17999267578125,151.25,53.58000183105469,389.07000732421875,261.9700012207031,15.381750106811523,38.45000076293945,234.913330078125,229.91000366210938,46.12666702270508,56.40999984741211
2021-04-28,133.5800018310547,235.4600067138672,232.3000030517578,105.22000122070312,348.1099853515625,161.97999572753906,152.22999572753906,53.59000015258789,395.6499938964844,254.55999755859375,15.276749610900879,38.810001373291016,231.46665954589844,233.4499969482422,45.96333312988281,58.11000061035156
2021-04-29,133.47999572753906,235.94000244140625,227.47000122070312,106.9000015258789,352.9700012207031,164.1999969482422,155.19000244140625,54.2599983215332,388.95001220703125,252.50999450683594,15.324749946594238,38.599998474121094,225.6666717529297,236.86000061035156,46.543331146240234,58.939998626708984
2021-04-30,131.4600067138672,234.30999755859375,228.11000061035156,103.06999969482422,348.45001220703125,162.72999572753906,153.80999755859375,53.97999954223633,382.05999755859375,252.17999267578125,15.009499549865723,38.650001525878906,236.47999572753906,233.55999755859375,46.63666534423828,57.2400016784668
2021-05-03,132.5399932861328,235.19000244140625,228.1699981689453,105.52999877929688,350.1600036621094,165.2100067138672,153.36000061035156,54.47999954223633,379.3999938964844,251.86000061035156,14.836750030517578,39.83000183105469,228.3000030517578,232.61000061035156,47.37333297729492,58.81999969482422
2021-05-04,127.8499984741211,233.6300048828125,233.41000366210938,106.11000061035156,349.8399963378906,167.77000427246094,155.47999572753906,54.13999938964844,375.9100036621094,247.7899932861328,14.351249694824219,39.95000076293945,224.53334045410156,232.02999877929688,46.90666580200195,59.189998626708984
2021-05-05,128.10000610351562,228.17999267578125,237.8800048828125,108.95999908447266,357.6199951171875,167.07000732421875,157.52000427246094,54.0,369.1400146484375,246.47000122070312,14.458499908447266,39.970001220703125,223.64666748046875,229.2100067138672,46.866668701171875,60.970001220703125
2021-05-06,129.74000549316406,229.80999755859375,237.07000732421875,109.0199966430664,365.9700012207031,167.74000549316406,160.69000244140625,54.540000915527344,375.4800109863281,249.72999572753906,14.52299976348877,39.189998626708984,221.17999267578125,231.32000732421875,47.016666412353516,61.54999923706055
2021-05-07,130.2100067138672,235.47000122070312,240.99000549316406,110.0199966430664,370.8900146484375,168.5,161.24000549316406,54.5099983215332,375.3999938964844,252.4600067138672,14.812250137329102,39.58000183105469,224.1233367919922,232.1199951171875,46.733333587646484,62.43000030517578
2021-05-10,126.8499984741211,232.92999267578125,242.61000061035156,109.56999969482422,368.67999267578125,170.27000427246094,161.22000122070312,54.90999984741211,366.3399963378906,247.17999267578125,14.26574993133545,39.86000061035156,209.67999267578125,225.97000122070312,46.939998626708984,62.58000183105469
2021-05-11,125.91000366210938,228.8800048828125,239.3000030517578,106.69999694824219,359.9200134277344,168.8800048828125,158.5399932861328,54.31999969482422,367.6099853515625,246.22999572753906,14.306249618530273,39.349998474121094,205.73333740234375,225.47999572753906,46.516666412353516,60.59000015258789
2021-05-12,122.7699966430664,220.77999877929688,237.32000732421875,107.37000274658203,354.3999938964844,168.1999969482422,157.4499969482422,54.040000915527344,356.6199951171875,239.0,13.758500099182129,39.689998626708984,196.6300048828125,220.6300048828125,45.313331604003906,60.040000915527344
2021-05-13,124.97000122070312,222.63999938964844,240.07000732421875,106.68000030517578,358.80999755859375,169.9600067138672,161.5,54.5099983215332,360.0199890136719,243.02999877929688,13.665249824523926,40.099998474121094,190.56333923339844,223.74000549316406,46.08000183105469,59.29999923706055
2021-05-14,127.44999694824219,228.47000122070312,242.22999572753906,109.47000122070312,368.7699890136719,170.22000122070312,164.00999450683594,54.72999954223633,363.9100036621094,248.14999389648438,14.243000030517578,40.02000045776367,196.5800018310547,226.94000244140625,46.50666809082031,60.77000045776367
2021-05-17,126.2699966430664,227.97999572753906,244.7899932861328,110.80999755859375,369.25,170.38999938964844,164.6699981689453,54.63999938964844,363.29998779296875,245.17999267578125,14.165499687194824,40.11000061035156,192.27667236328125,226.44000244140625,46.29666519165039,62.189998626708984
2021-05-18,124.8499984741211,227.5500030517578,239.47000122070312,106.18000030517578,364.55999755859375,170.4499969482422,162.35000610351562,54.34000015258789,363.07000732421875,243.0800018310547,14.01574993133545,40.04999923706055,192.6233367919922,225.57000732421875,47.3033332824707,60.43000030517578
2021-05-19,124.69000244140625,224.4199981689453,236.8699951171875,103.19999694824219,358.3800048828125,170.0800018310547,161.11000061035156,54.16999816894531,360.9800109863281,243.1199951171875,14.065750122070312,39.83000183105469,187.82000732421875,224.58999633789062,47.30666732788086,58.97999954223633
2021-05-20,127.30999755859375,227.64999389648438,234.99000549316406,103.55999755859375,359.7799987792969,171.07000732421875,160.8300018310547,54.650001525878906,367.70001220703125,246.47999572753906,14.612500190734863,40.119998931884766,195.5933380126953,226.44000244140625,47.473331451416016,58.84000015258789
2021-05-21,125.43000030517578,234.82000732421875,237.24000549316406,104.12000274658203,366.260009765625,170.9600067138672,162.66000366210938,54.619998931884766,367.6000061035156,245.1699981689453,14.99174976348877,39.95000076293945,193.6266632080078,226.77000427246094,47.25,58.91999816894531
2021-05-24,127.0999984741211,237.44000244140625,239.0500030517578,105.5999984741211,368.2900085449219,170.5500030517578,163.5399932861328,54.79999923706055,372.3800048828125,250.77999877929688,15.612000465393066,39.810001373291016,202.14666748046875,229.32000732421875,47.253334045410156,59.61000061035156
2021-05-25,126.9000015258789,240.74000549316406,237.1699981689453,103.87000274658203,364.510009765625,170.0800018310547,161.85000610351562,54.790000915527344,367.2200012207031,251.72000122070312,15.647749900817871,39.33000183105469,201.56333923339844,229.02000427246094,47.4466667175293,58.2599983215332
2021-05-26,126.8499984741211,241.3699951171875,237.7100067138672,104.12000274658203,367.3999938964844,169.07000732421875,161.8300018310547,55.029998779296875,362.6499938964844,251.49000549316406,15.699999809265137,38.91999816894531,206.3766632080078,227.07000732421875,47.38999938964844,58.939998626708984
2021-05-27,125.27999877929688,250.6999969482422,241.27999877929688,103.01000213623047,371.3699951171875,168.80999755859375,164.35000610351562,55.4900016784668,362.0,249.30999755859375,15.48799991607666,38.650001525878906,210.28334045410156,226.86000061035156,47.22999954223633,58.560001373291016
2021-05-28,124.61000061035156,247.02000427246094,241.0800018310547,103.79000091552734,372.0199890136719,169.25,164.24000549316406,55.290000915527344,360.5799865722656,249.67999267578125,16.24449920654297,38.72999954223633,208.4066619873047,227.3000030517578,47.34333419799805,58.369998931884766
2021-06-01,124.27999877929688,254.72999572753906,242.75999450683594,106.6500015258789,382.44000244140625,165.52999877929688,166.0500030517578,55.279998779296875,359.7900085449219,247.39999389648438,16.26449966430664,38.5,207.96665954589844,226.6300048828125,47.220001220703125,60.459999084472656
2021-06-02,125.05999755859375,255.6199951171875,243.4600067138672,108.08000183105469,383.44000244140625,166.1999969482422,166.05999755859375,55.5,366.8500061035156,247.3000030517578,16.778249740600586,38.790000915527344,201.7066650390625,229.66000366210938,47.116668701171875,60.939998626708984
2021-06-03,123.54000091552734,250.32000732421875,243.83999633789062,107.58999633789062,388.7200012207031,166.0399932861328,166.1699981689453,55.63999938964844,361.82000732421875,245.7100067138672,16.969749450683594,38.970001220703125,190.94667053222656,228.11000061035156,47.20000076293945,61.18000030517578
2021-06-04,125.88999938964844,249.9199981689453,244.02000427246094,108.44999694824219,391.45001220703125,165.97000122070312,166.44000244140625,56.2400016784668,366.0199890136719,250.7899932861328,17.578250885009766,39.150001525878906,199.68333435058594,230.13999938964844,47.28333282470703,61.45000076293945
2021-06-07,125.9000015258789,252.66000366210938,239.75999450683594,107.75,388.1600036621094,164.83999633789062,165.66000366210938,56.040000915527344,364.0799865722656,253.80999755859375,17.618999481201172,38.9900016784668,201.7100067138672,231.32000732421875,46.96666717529297,61.04999923706055
2021-06-08,126.73999786376953,252.75999450683594,240.16000366210938,108.7300033569336,384.70001220703125,163.38999938964844,165.0,55.650001525878906,365.260009765625,252.57000732421875,17.457000732421875,38.849998474121094,201.19667053222656,232.0500030517578,46.61000061035156,62.130001068115234
2021-06-09,127.12999725341797,248.05999755859375,234.64999389648438,107.77999877929688,382.7799987792969,165.58999633789062,162.94000244140625,55.47999954223633,363.3299865722656,253.58999633789062,17.35824966430664,39.810001373291016,199.5933380126953,232.30999755859375,46.36000061035156,62.650001525878906
2021-06-10,126.11000061035156,248.33999633789062,225.72999572753906,108.41000366210938,373.94000244140625,167.0800018310547,160.39999389648438,55.90999984741211,364.29998779296875,257.239990234375,17.424999237060547,40.68000030517578,203.3733367919922,233.9499969482422,46.62666702270508,62.75
2021-06-11,127.3499984741211,247.27999877929688,220.6999969482422,107.91000366210938,378.04998779296875,164.9600067138672,160.2899932861328,56.15999984741211,365.5,257.8900146484375,17.82525062561035,40.150001525878906,203.29666137695312,234.9600067138672,46.91666793823242,62.16999816894531
2021-06-14,130.47999572753906,245.13999938964844,219.00999450683594,107.97000122070312,372.9200134277344,165.3699951171875,157.57000732421875,55.54999923706055,366.5199890136719,259.8900146484375,18.018749237060547,39.630001068115234,205.89666748046875,234.0800018310547,46.85333251953125,62.06999969482422
2021-06-15,129.63999938964844,246.5399932861328,219.4600067138672,110.30000305175781,371.29998779296875,164.49000549316406,155.17999267578125,55.40999984741211,368.1199951171875,258.3599853515625,17.78849983215332,39.59000015258789,199.7866668701172,232.97999572753906,46.66666793823242,64.33000183105469
2021-06-16,130.14999389648438,242.27000427246094,217.16000366210938,109.66999816894531,371.0,164.42999267578125,156.27000427246094,54.66999816894531,363.82000732421875,257.3800048828125,17.81024932861328,39.29999923706055,201.6233367919922,229.60000610351562,45.71666717529297,64.0999984741211
2021-06-17,131.7899932861328,239.22000122070312,209.4499969482422,107.06999969482422,361.5,165.22000122070312,151.75999450683594,54.95000076293945,367.2900085449219,260.8999938964844,18.657249450683594,39.47999954223633,205.53334045410156,232.14999389648438,45.90666580200195,61.9900016784668
2021-06-18,130.4600067138672,237.35000610351562,208.86000061035156,103.02999877929688,348.8299865722656,161.97999572753906,147.9199981689453,53.77000045776367,367.4200134277344,259.42999267578125,18.638750076293945,38.810001373291016,207.77000427246094,230.41000366210938,45.05666732788086,60.400001525878906
2021-06-21,132.3000030517578,245.27999877929688,213.2100067138672,106.05000305175781,357.5400085449219,163.83999633789062,150.42999267578125,54.36000061035156,373.0899963378906,262.6300048828125,18.427249908447266,39.41999816894531,206.94332885742188,234.32000732421875,45.46666717529297,62.59000015258789
2021-06-22,133.97999572753906,243.77999877929688,213.1300048828125,106.4000015258789,357.5299987792969,163.6199951171875,150.2100067138672,54.560001373291016,378.0400085449219,265.510009765625,18.886749267578125,39.61000061035156,207.90333557128906,235.92999267578125,45.676666259765625,63.790000915527344
2021-06-23,133.6999969482422,243.57000732421875,213.7899932861328,106.2699966430664,361.04998779296875,162.6300048828125,151.1199951171875,54.119998931884766,375.1400146484375,265.2699890136719,19.057249069213867,39.04999923706055,218.85667419433594,234.67999267578125,45.31999969482422,64.26000213623047
2021-06-24,133.41000366210938,250.57000732421875,219.33999633789062,107.13999938964844,368.75,163.3699951171875,152.50999450683594,54.38999938964844,374.75,266.69000244140625,19.20549964904785,39.189998626708984,226.60667419433594,236.24000549316406,45.63666534423828,64.5199966430664
2021-06-25,133.11000061035156,248.3800048828125,216.30999755859375,107.30000305175781,368.7699890136719,164.2100067138672,154.0500030517578,54.31999969482422,379.6099853515625,265.0199890136719,19.0310001373291,38.97999954223633,223.9566650390625,237.32000732421875,46.176666259765625,64.66000366210938
2021-06-28,134.77999877929688,239.9600067138672,216.27000427246094,103.98999786376953,368.7099914550781,164.02000427246094,154.3300018310547,54.2599983215332,367.67999267578125,268.7200012207031,19.985000610351562,39.119998931884766,229.57333374023438,234.08999633789062,46.03333282470703,63.0099983215332
2021-06-29,136.3300018310547,235.75999450683594,215.10000610351562,103.76000213623047,372.6199951171875,164.02999877929688,154.13999938964844,53.86000061035156,368.0,271.3999938964844,20.026750564575195,39.099998474121094,226.9199981689453,235.9499969482422,45.766666412353516,62.619998931884766
2021-06-30,136.9600067138672,239.55999755859375,217.6300048828125,104.73999786376953,379.5299987792969,164.74000549316406,155.5399932861328,54.11000061035156,365.0899963378906,270.8999938964844,20.002500534057617,39.15999984741211,226.56666564941406,233.82000732421875,47.00666809082031,63.08000183105469
2021-07-01,137.27000427246094,239.72999572753906,216.7100067138672,106.20999908447266,374.989990234375,165.9600067138672,157.0800018310547,53.959999084472656,370.7099914550781,271.6000061035156,20.211999893188477,39.560001373291016,225.97332763671875,235.14999389648438,46.439998626708984,63.2599983215332
2021-07-02,139.9600067138672,236.67999267578125,217.75999450683594,106.06999969482422,374.1600036621094,168.97999572753906,156.02999877929688,54.18000030517578,375.0299987792969,277.6499938964844,20.48699951171875,39.72999954223633,226.3000030517578,238.6300048828125,46.70333480834961,63.16999816894531
2021-07-06,142.02000427246094,236.13999938964844,213.52000427246094,103.98999786376953,369.8599853515625,167.97000122070312,153.41000366210938,53.880001068115234,376.1199951171875,277.6600036621094,20.69849967956543,39.290000915527344,219.86000061035156,239.60000610351562,46.64666748046875,61.369998931884766
2021-07-07,144.57000732421875,231.77999877929688,214.69000244140625,102.93000030517578,367.6700134277344,169.41000366210938,153.58999633789062,54.31999969482422,373.9200134277344,279.92999267578125,20.371749877929688,39.349998474121094,214.88333129882812,240.0,46.56999969482422,60.40999984741211
2021-07-08,143.24000549316406,236.77000427246094,212.11000061035156,102.5999984741211,358.94000244140625,169.0800018310547,150.94000244140625,54.130001068115234,370.19000244140625,277.4200134277344,19.90275001525879,39.25,217.60333251953125,236.61000061035156,46.529998779296875,60.13999938964844
2021-07-09,145.11000061035156,239.58999633789062,217.4199981689453,104.06999969482422,371.760009765625,169.75,155.77000427246094,54.459999084472656,372.94000244140625,277.94000244140625,20.050249099731445,39.61000061035156,218.98333740234375,238.47000122070312,46.766666412353516,61.22999954223633
2021-07-12,144.5,238.2899932861328,218.5800018310547,104.27999877929688,380.5,169.47999572753906,158.0,54.47999954223633,375.55999755859375,277.32000732421875,20.512500762939453,39.7599983215332,228.56666564941406,237.8699951171875,46.68333435058594,61.16999816894531
2021-07-13,145.63999938964844,228.1999969482422,215.19000244140625,103.93000030517578,375.9800109863281,169.27000427246094,155.64999389648438,55.02000045776367,383.7099914550781,280.9800109863281,20.25,39.650001525878906,222.84666442871094,242.35000610351562,46.86000061035156,60.880001068115234
2021-07-14,149.14999389648438,224.4499969482422,211.63999938964844,101.97000122070312,374.3999938964844,170.4199981689453,155.1199951171875,56.2599983215332,390.79998779296875,282.510009765625,19.84149932861328,39.95000076293945,217.7933349609375,245.99000549316406,47.18333435058594,59.529998779296875
2021-07-15,148.47999572753906,222.75999450683594,211.41000366210938,101.30000305175781,373.3500061035156,168.3699951171875,155.4600067138672,56.439998626708984,390.2300109863281,281.0299987792969,18.966249465942383,40.09000015258789,216.86666870117188,248.5500030517578,47.220001220703125,58.95000076293945
2021-07-16,146.38999938964844,217.74000549316406,207.9499969482422,98.62000274658203,364.79998779296875,168.10000610351562,151.91000366210938,56.400001525878906,387.1199951171875,280.75,18.160999298095703,40.349998474121094,214.74000549316406,248.1199951171875,47.186668395996094,57.31999969482422
2021-07-19,142.4499969482422,206.99000549316406,203.0800018310547,95.95999908447266,354.7200012207031,166.8800048828125,146.97000122070312,55.72999954223633,365.45001220703125,277.010009765625,18.77975082397461,40.150001525878906,215.4066619873047,240.41000366210938,47.07666778564453,55.349998474121094
2021-07-20,146.14999389648438,217.14999389648438,207.9600067138672,96.52999877929688,364.760009765625,168.4499969482422,149.7100067138672,55.83000183105469,374.3900146484375,279.32000732421875,18.61199951171875,41.04999923706055,220.1666717529297,242.6999969482422,47.290000915527344,55.959999084472656
2021-07-21,145.39999389648438,222.5399932861328,210.72999572753906,99.81999969482422,373.5,169.49000549316406,152.86000061035156,56.54999923706055,380.05999755859375,281.3999938964844,19.40999984741211,41.02000045776367,218.42999267578125,243.66000366210938,47.05666732788086,57.7599983215332
2021-07-22,146.8000030517578,220.8699951171875,209.16000366210938,98.81999969482422,372.7099914550781,169.97999572753906,150.92999267578125,56.470001220703125,382.1600036621094,286.1400146484375,19.5939998626709,41.470001220703125,216.4199981689453,244.13999938964844,47.09000015258789,57.11000061035156
2021-07-23,148.55999755859375,221.52000427246094,209.52999877929688,98.86000061035156,374.04998779296875,171.7899932861328,150.63999938964844,57.0099983215332,393.260009765625,289.6700134277344,19.558000564575195,41.68000030517578,214.4600067138672,249.02000427246094,47.47666549682617,57.040000915527344
2021-07-26,148.99000549316406,225.85000610351562,211.02999877929688,100.94999694824219,375.8999938964844,171.8699951171875,151.64999389648438,57.060001373291016,392.79998779296875,289.04998779296875,19.29400062561035,41.810001373291016,219.2066650390625,250.25,47.543331146240234,58.47999954223633
2021-07-27,146.77000427246094,222.27000427246094,209.89999389648438,100.61000061035156,374.8399963378906,172.66000366210938,151.4499969482422,57.2599983215332,390.2699890136719,286.5400085449219,19.20800018310547,42.099998474121094,214.92666625976562,250.92999267578125,47.54666519165039,57.83000183105469
2021-07-28,144.97999572753906,231.57000732421875,211.44000244140625,101.18000030517578,374.2300109863281,172.17999267578125,151.6999969482422,56.7400016784668,383.44000244140625,286.2200012207031,19.503000259399414,43.45000076293945,215.66000366210938,246.94000244140625,47.35333251953125,58.220001220703125
2021-07-29,145.63999938964844,231.6300048828125,212.55999755859375,102.56999969482422,377.54998779296875,172.17999267578125,153.0,57.04999923706055,388.80999755859375,286.5,19.66200065612793,42.790000915527344,225.78334045410156,247.9199981689453,47.413333892822266,58.93000030517578
2021-07-30,145.86000061035156,226.47999572753906,206.75,101.80999755859375,374.8800048828125,172.1999969482422,151.77999877929688,57.029998779296875,385.94000244140625,284.9100036621094,19.499000549316406,42.810001373291016,229.06666564941406,246.38999938964844,47.516666412353516,57.56999969482422
2021-08-02,145.52000427246094,225.33999633789062,205.16000366210938,101.62999725341797,378.19000244140625,172.27000427246094,151.1699981689453,56.880001068115234,375.260009765625,284.82000732421875,19.75,43.959999084472656,236.55667114257812,239.77999877929688,47.40666580200195,57.58000183105469
2021-08-03,147.36000061035156,229.08999633789062,208.5,102.5999984741211,380.3599853515625,174.38999938964844,152.88999938964844,56.91999816894531,367.6000061035156,287.1199951171875,19.815000534057617,45.68000030517578,236.5800018310547,237.08999633789062,47.939998626708984,58.20000076293945
2021-08-04,146.9499969482422,226.6300048828125,204.52000427246094,100.30000305175781,377.8599853515625,173.36000061035156,151.24000549316406,56.099998474121094,368.010009765625,286.510009765625,20.27400016784668,45.189998626708984,236.97332763671875,236.6699981689453,47.61333465576172,56.84000015258789
2021-08-05,147.05999755859375,229.94000244140625,207.19000244140625,101.2300033569336,384.29998779296875,173.69000244140625,153.14999389648438,56.5,371.94000244140625,289.5199890136719,20.636999130249023,45.060001373291016,238.2100067138672,240.2100067138672,48.496665954589844,57.20000076293945
2021-08-06,146.13999938964844,231.3300018310547,208.35000610351562,101.94999694824219,397.8900146484375,173.11000061035156,157.5,56.63999938964844,374.5299987792969,289.4599914550781,20.365999221801758,45.06999969482422,233.03334045410156,241.39999389648438,48.40999984741211,57.86000061035156
2021-08-09,146.08999633789062,232.27000427246094,208.88999938964844,100.25,399.8800048828125,173.7100067138672,157.3300018310547,56.650001525878906,370.67999267578125,288.3299865722656,20.295000076293945,45.97999954223633,237.9199981689453,240.0,48.526668548583984,57.20000076293945
2021-08-10,145.60000610351562,235.77999877929688,214.07000732421875,102.08000183105469,407.9700012207031,173.77000427246094,159.25999450683594,56.79999923706055,367.8399963378906,286.44000244140625,19.93600082397461,48.189998626708984,236.663330078125,238.07000732421875,49.560001373291016,58.18000030517578
2021-08-11,145.86000061035156,239.49000549316406,221.66000366210938,102.8499984741211,413.8900146484375,173.8000030517578,161.16000366210938,56.72999954223633,364.239990234375,286.95001220703125,19.698999404907227,46.310001373291016,235.94000244140625,235.05999755859375,50.003334045410156,58.349998474121094
2021-08-12,148.88999938964844,238.17999267578125,220.24000549316406,102.63999938964844,415.0,175.1999969482422,161.7899932861328,56.84000015258789,361.9800109863281,289.80999755859375,19.905000686645508,47.2400016784668,240.75,231.7899932861328,49.686668395996094,57.349998474121094
2021-08-13,149.10000610351562,234.4600067138672,218.57000732421875,101.95999908447266,410.7799987792969,176.25,159.97999572753906,57.22999954223633,362.75,292.8500061035156,20.187999725341797,48.47999954223633,239.05667114257812,232.64999389648438,49.84333419799805,56.77000045776367
2021-08-16,151.1199951171875,229.05999755859375,217.7100067138672,100.91999816894531,408.3500061035156,177.83999633789062,158.92999267578125,57.47999954223633,363.55999755859375,294.6000061035156,19.950000762939453,48.90999984741211,228.72332763671875,235.36000061035156,50.25,55.939998626708984
2021-08-17,150.19000244140625,222.22000122070312,213.44000244140625,100.7300033569336,404.9700012207031,179.47000122070312,157.00999450683594,57.279998779296875,363.2300109863281,293.0799865722656,19.45800018310547,50.41999816894531,221.90333557128906,234.52999877929688,50.233333587646484,55.560001373291016
2021-08-18,146.36000061035156,219.0,209.80999755859375,96.69999694824219,398.79998779296875,177.19000244140625,155.5800018310547,56.5,360.95001220703125,290.7300109863281,19.040000915527344,49.310001373291016,229.663330078125,231.6300048828125,49.70000076293945,54.38999938964844
2021-08-19,146.6999969482422,212.16000366210938,204.4499969482422,94.29000091552734,393.57000732421875,178.57000732421875,154.27999877929688,56.86000061035156,357.30999755859375,296.7699890136719,19.79800033569336,48.79999923706055,224.49000549316406,231.57000732421875,50.03666687011719,52.72999954223633
2021-08-20,148.19000244140625,212.6699981689453,204.94000244140625,94.30000305175781,395.8699951171875,179.44000244140625,154.72000122070312,56.63999938964844,354.989990234375,304.3599853515625,20.81599998474121,48.720001220703125,226.75332641601562,231.36000061035156,50.483333587646484,52.7400016784668
2021-08-23,149.7100067138672,219.39999389648438,209.13999938964844,96.7300033569336,401.45001220703125,177.61000061035156,156.6999969482422,56.439998626708984,361.010009765625,304.6499938964844,21.95800018310547,49.93000030517578,235.43333435058594,234.13999938964844,50.150001525878906,54.90999984741211
2021-08-24,149.6199951171875,221.42999267578125,212.58999633789062,97.83999633789062,408.55999755859375,175.38999938964844,157.6699981689453,56.0099983215332,361.7799987792969,302.6199951171875,21.792999267578125,48.380001068115234,236.163330078125,234.24000549316406,49.633331298828125,55.36000061035156
2021-08-25,148.36000061035156,221.02999877929688,214.75999450683594,98.51000213623047,413.1199951171875,174.22999572753906,160.9199981689453,56.06999969482422,359.1000061035156,302.010009765625,22.21299934387207,47.5099983215332,237.06666564941406,232.58999633789062,49.6533317565918,55.459999084472656
2021-08-26,147.5399932861328,216.5,211.24000549316406,97.22000122070312,412.4100036621094,173.3000030517578,161.75,55.540000915527344,352.8599853515625,299.0899963378906,22.06800079345703,47.380001068115234,233.72000122070312,230.52000427246094,49.116668701171875,54.709999084472656
2021-08-27,148.60000610351562,221.75,212.8300018310547,98.63999938964844,419.69000244140625,172.92999267578125,163.0500030517578,55.650001525878906,355.7300109863281,299.7200012207031,22.63599967956543,46.599998474121094,237.30667114257812,232.69000244140625,48.84000015258789,55.77000045776367
2021-08-30,153.1199951171875,217.66000366210938,211.4499969482422,98.38999938964844,413.6000061035156,173.66000366210938,160.44000244140625,56.18000030517578,353.04998779296875,303.5899963378906,22.687999725341797,46.7599983215332,243.6366729736328,231.22999572753906,49.233333587646484,55.15999984741211
2021-08-31,151.8300018310547,219.5,210.8699951171875,96.7699966430664,413.510009765625,173.1300048828125,159.9499969482422,56.310001373291016,346.2300109863281,301.8800048828125,22.385000228881836,46.06999969482422,245.24000549316406,229.10000610351562,49.366668701171875,54.52000045776367
2021-09-01,152.50999450683594,218.1199951171875,207.9600067138672,95.70999908447266,413.6600036621094,173.74000549316406,159.72000122070312,56.689998626708984,349.57000732421875,301.8299865722656,22.44099998474121,46.040000915527344,244.69667053222656,230.1199951171875,49.2599983215332,53.77000045776367
2021-09-02,153.64999389648438,220.8300018310547,211.77999877929688,97.70999908447266,414.5,174.92999267578125,160.4600067138672,56.77000045776367,341.2799987792969,301.1499938964844,22.395999908447266,46.84000015258789,244.1300048828125,224.17999267578125,49.52000045776367,55.08000183105469
2021-09-03,154.3000030517578,218.1699981689453,210.3699951171875,97.48999786376953,411.30999755859375,175.0399932861328,159.49000549316406,56.72999954223633,340.2300109863281,301.1400146484375,22.843000411987305,46.84000015258789,244.52333068847656,225.11000061035156,49.75,54.869998931884766
2021-09-07,156.69000244140625,214.24000549316406,208.22999572753906,97.05999755859375,410.32000732421875,172.32000732421875,159.2100067138672,55.66999816894531,344.7099914550781,300.17999267578125,22.66200065612793,46.75,250.97332763671875,226.27000427246094,49.09000015258789,54.54999923706055
2021-09-08,155.11000061035156,211.3800048828125,206.77000427246094,96.38999938964844,405.0,171.89999389648438,158.5,56.41999816894531,351.0400085449219,300.2099914550781,22.339000701904297,46.5099983215332,251.2899932861328,229.08999633789062,49.1533317565918,54.04999923706055
2021-09-09,154.07000732421875,213.94000244140625,205.4199981689453,96.0,404.5799865722656,168.07000732421875,159.19000244140625,55.86000061035156,351.4100036621094,297.25,22.177000045776367,46.029998779296875,251.6199951171875,227.49000549316406,48.80666732788086,54.09000015258789
2021-09-10,148.97000122070312,210.3000030517578,205.00999450683594,96.06999969482422,403.4800109863281,166.97000122070312,157.36000061035156,55.61000061035156,347.3900146484375,295.7099914550781,22.47800064086914,45.59000015258789,245.42333984375,224.91000366210938,48.630001068115234,53.97999954223633
2021-09-13,149.5500030517578,214.47999572753906,206.1999969482422,97.97000122070312,409.260009765625,165.8000030517578,159.86000061035156,56.06999969482422,347.82000732421875,296.989990234375,22.152000427246094,44.58000183105469,247.6666717529297,224.6300048828125,48.35333251953125,55.369998931884766
2021-09-14,148.1199951171875,211.57000732421875,202.3300018310547,96.19999694824219,403.69000244140625,164.8000030517578,157.07000732421875,55.689998626708984,345.79998779296875,299.7900085449219,22.242000579833984,44.709999084472656,248.163330078125,223.02999877929688,48.099998474121094,54.58000183105469
2021-09-15,149.02999877929688,214.22000122070312,205.72999572753906,98.23999786376953,401.95001220703125,165.4199981689453,158.16000366210938,55.880001068115234,344.75,304.82000732421875,22.340999603271484,44.77000045776367,251.94332885742188,223.80999755859375,48.18333435058594,56.41999816894531
2021-09-16,148.7899932861328,213.36000061035156,203.60000610351562,97.31999969482422,396.67999267578125,165.22000122070312,158.08999633789062,55.349998474121094,346.30999755859375,305.2200012207031,22.242000579833984,44.470001220703125,252.3300018310547,224.3300018310547,48.34333419799805,55.81999969482422
2021-09-17,146.05999755859375,213.36000061035156,199.75,96.76000213623047,391.4599914550781,164.75,157.67999267578125,54.439998626708984,343.0400085449219,299.8699951171875,21.899999618530273,43.88999938964844,253.163330078125,221.75,48.24333190917969,55.15999984741211
2021-09-20,142.94000244140625,209.5,190.82000732421875,94.77999877929688,378.1300048828125,163.80999755859375,152.9600067138672,54.060001373291016,339.69000244140625,294.29998779296875,21.113000869750977,44.20000076293945,243.38999938964844,220.0500030517578,47.58000183105469,53.689998626708984
2021-09-21,143.42999267578125,208.50999450683594,189.83999633789062,94.8499984741211,375.8399963378906,164.52999877929688,152.97999572753906,54.04999923706055,337.3800048828125,294.79998779296875,21.246000289916992,43.91999816894531,246.4600067138672,220.1699981689453,47.67333221435547,53.63999938964844
2021-09-22,145.85000610351562,216.97999572753906,191.35000610351562,97.63999938964844,385.4700012207031,163.92999267578125,155.91000366210938,54.130001068115234,343.4100036621094,298.5799865722656,21.94099998474121,43.95000076293945,250.64666748046875,222.75,47.563331604003906,55.209999084472656
2021-09-23,146.8300018310547,221.10000610351562,196.6199951171875,100.05999755859375,391.8599853515625,164.86000061035156,161.17999267578125,54.040000915527344,354.07000732421875,299.55999755859375,22.48200035095215,44.189998626708984,251.2133331298828,228.30999755859375,47.59000015258789,57.08000183105469
2021-09-24,146.9199981689453,221.38999938964844,196.82000732421875,100.5999984741211,390.8500061035156,164.36000061035156,163.0399932861328,53.88999938964844,358.1600036621094,299.3500061035156,22.08099937438965,43.939998626708984,258.1300048828125,231.58999633789062,47.723331451416016,57.59000015258789
2021-09-27,145.3699951171875,224.16000366210938,200.0,102.97000122070312,399.80999755859375,163.1699981689453,166.97999572753906,53.61000061035156,356.7699890136719,294.1700134277344,21.65999984741211,43.56999969482422,263.78668212890625,229.60000610351562,47.41666793823242,59.29999923706055
2021-09-28,141.91000366210938,218.41000366210938,200.5500030517578,103.36000061035156,389.5,162.80999755859375,166.0800018310547,52.63999938964844,351.17999267578125,283.5199890136719,20.698999404907227,43.040000915527344,259.1866760253906,225.55999755859375,46.83333206176758,59.91999816894531
2021-09-29,142.8300018310547,225.36000061035156,197.8699951171875,103.33000183105469,384.8900146484375,164.02000427246094,165.9499969482422,52.959999084472656,353.19000244140625,284.0,20.517000198364258,43.529998779296875,260.4366760253906,226.67999267578125,46.813331604003906,59.880001068115234
2021-09-30,141.5,219.94000244140625,191.97000122070312,101.44999694824219,378.0299987792969,161.5,163.69000244140625,52.470001220703125,347.67999267578125,281.9200134277344,20.715999603271484,43.0099983215332,258.49334716796875,222.75,46.459999084472656,58.81999969482422
2021-10-01,142.64999389648438,226.0,194.3300018310547,104.33000183105469,380.0,160.47000122070312,167.1300048828125,53.02000045776367,360.17999267578125,289.1000061035156,20.742000579833984,42.93000030517578,258.40667724609375,230.4600067138672,45.68333435058594,60.93000030517578
2021-10-04,139.13999938964844,223.7899932861328,193.1300048828125,104.72000122070312,374.1499938964844,159.22000122070312,166.9499969482422,52.9900016784668,344.20001220703125,283.1099853515625,19.73200035095215,42.41999816894531,260.510009765625,224.72999572753906,45.24333190917969,61.720001220703125
2021-10-05,141.11000061035156,224.4199981689453,192.5,105.86000061035156,385.80999755859375,159.5800018310547,168.66000366210938,53.08000183105469,343.2099914550781,288.760009765625,20.451000213623047,42.31999969482422,260.1966552734375,224.27999877929688,45.540000915527344,61.619998931884766
2021-10-06,142.0,224.99000549316406,191.86000061035156,104.93000030517578,388.04998779296875,159.91000366210938,169.02000427246094,53.709999084472656,348.69000244140625,293.1099853515625,20.700000762939453,42.02000045776367,260.9166564941406,226.50999450683594,45.87333297729492,60.4900016784668
2021-10-07,143.2899932861328,226.47999572753906,195.75,105.68000030517578,390.6199951171875,161.33999633789062,170.08999633789062,53.880001068115234,353.9100036621094,294.8500061035156,21.075000762939453,42.7400016784668,264.53668212890625,230.5500030517578,46.413333892822266,60.65999984741211
2021-10-08,142.89999389648438,226.38999938964844,195.16000366210938,108.05000305175781,392.80999755859375,160.92999267578125,170.22000122070312,54.119998931884766,354.9599914550781,294.8500061035156,20.83099937438965,42.45000076293945,261.8299865722656,230.27000427246094,46.5533332824707,62.18000030517578
2021-10-11,142.80999755859375,226.4499969482422,192.88999938964844,107.12999725341797,385.239990234375,160.25,166.63999938964844,54.22999954223633,347.1499938964844,294.2300109863281,20.69499969482422,42.060001373291016,263.9800109863281,225.11000061035156,46.5099983215332,61.560001373291016
2021-10-12,141.50999450683594,223.57000732421875,189.9199981689453,107.1500015258789,386.5299987792969,157.69000244140625,165.36000061035156,54.22999954223633,345.3399963378906,292.8800048828125,20.67099952697754,41.849998474121094,268.5733337402344,224.0500030517578,46.459999084472656,61.2400016784668
2021-10-13,140.91000366210938,221.77999877929688,188.94000244140625,107.79000091552734,386.30999755859375,159.1999969482422,161.0,54.2400016784668,342.3500061035156,296.30999755859375,20.93899917602539,41.41999816894531,270.3599853515625,222.4600067138672,46.12333297729492,61.06999969482422
2021-10-14,143.75999450683594,217.44000244140625,194.3300018310547,108.80999755859375,391.20001220703125,160.11000061035156,163.47000122070312,54.61000061035156,344.5799865722656,302.75,21.746000289916992,41.66999816894531,272.7733459472656,225.17999267578125,46.62333297729492,62.0
2021-10-15,144.83999633789062,217.0399932861328,199.02000427246094,109.61000061035156,406.07000732421875,161.3000030517578,166.61000061035156,54.47999954223633,356.0,304.2099914550781,21.86199951171875,41.4900016784668,281.010009765625,230.99000549316406,46.849998474121094,62.59000015258789
2021-10-18,146.5500030517578,216.97999572753906,198.17999267578125,109.55999755859375,413.69000244140625,160.1199951171875,166.5500030517578,53.939998626708984,358.44000244140625,307.2900085449219,22.222000122070312,41.31999969482422,290.03668212890625,230.64999389648438,47.22666549682617,62.560001373291016
2021-10-19,148.75999450683594,215.97000122070312,201.13999938964844,111.69999694824219,412.1600036621094,163.8699951171875,168.57000732421875,54.150001525878906,362.1000061035156,308.2300109863281,22.290000915527344,42.09000015258789,288.0899963378906,233.52000427246094,48.22999954223633,63.5
2021-10-20,149.25999450683594,216.1699981689453,204.19000244140625,113.16000366210938,407.8900146484375,163.77999877929688,170.83999633789062,54.630001068115234,356.7699890136719,307.4100036621094,22.10300064086914,42.79999923706055,288.6000061035156,231.4199981689453,48.66666793823242,63.849998474121094
2021-10-21,149.47999572753906,214.33999633789062,202.13999938964844,111.73999786376953,407.5899963378906,163.39999389648438,169.5,54.349998474121094,356.2099914550781,310.760009765625,22.691999435424805,42.86000061035156,298.0,230.24000549316406,48.936668395996094,62.689998626708984
2021-10-22,148.69000244140625,212.97000122070312,200.64999389648438,112.80000305175781,414.32000732421875,163.72000122070312,171.77999877929688,54.45000076293945,358.6700134277344,309.1600036621094,22.72599983215332,43.15999984741211,303.2266540527344,231.22999572753906,49.4466667175293,63.119998931884766
2021-10-25,148.63999938964844,212.8699951171875,202.2100067138672,113.8499984741211,414.75,164.0800018310547,170.94000244140625,54.22999954223633,360.8599853515625,308.1300048828125,23.166000366210938,43.150001525878906,341.6199951171875,233.8800048828125,50.02000045776367,64.3499984741211
2021-10-26,149.32000732421875,209.80999755859375,199.63999938964844,114.0999984741211,417.6099853515625,165.75,171.39999389648438,54.470001220703125,357.32000732421875,310.1099853515625,24.716999053955078,43.560001373291016,339.4766540527344,231.82000732421875,49.58333206176758,65.83999633789062
2021-10-27,148.85000610351562,206.61000061035156,196.1300048828125,112.06999969482422,410.989990234375,163.74000549316406,167.8300018310547,55.52000045776367,335.7200012207031,323.1700134277344,24.451000213623047,42.970001220703125,345.9533386230469,215.77999877929688,49.176666259765625,64.12999725341797
2021-10-28,152.57000732421875,207.85000610351562,204.08999633789062,113.12000274658203,414.82000732421875,162.85000610351562,170.36000061035156,56.040000915527344,333.0299987792969,324.3500061035156,24.94099998474121,43.18000030517578,359.0133361816406,209.83999633789062,49.483333587646484,64.30999755859375
2021-10-29,149.8000030517578,207.02999877929688,204.00999450683594,114.48999786376953,413.3500061035156,162.8800048828125,169.88999938964844,56.369998931884766,335.5199890136719,331.6199951171875,25.566999435424805,43.7400016784668,371.3333435058594,211.77000427246094,49.80666732788086,64.47000122070312
2021-11-01,148.9600067138672,214.5800018310547,205.3800048828125,114.52999877929688,416.70001220703125,163.02000427246094,169.8000030517578,56.16999816894531,334.04998779296875,329.3699951171875,25.82699966430664,43.63999938964844,402.86334228515625,212.4600067138672,49.93000030517578,65.62999725341797
2021-11-02,150.02000427246094,212.77000427246094,207.1199951171875,113.83000183105469,423.8500061035156,165.58999633789062,170.47000122070312,56.099998474121094,328.4800109863281,333.1300048828125,26.400999069213867,45.45000076293945,390.6666564941406,209.13999938964844,49.90666580200195,64.81999969482422
2021-11-03,151.49000549316406,213.3800048828125,203.5500030517578,113.01000213623047,417.8999938964844,165.05999755859375,170.52999877929688,56.290000915527344,329.42999267578125,334.0,26.597999572753906,44.81999969482422,404.6199951171875,208.10000610351562,50.060001373291016,63.93000030517578
2021-11-04,150.9600067138672,213.02999877929688,203.58999633789062,113.51000213623047,408.07000732421875,164.60000610351562,168.2899932861328,56.599998474121094,335.42999267578125,336.44000244140625,29.801000595092773,43.849998474121094,409.9700012207031,208.77999877929688,50.426666259765625,64.41000366210938
2021-11-05,151.27999877929688,224.4600067138672,205.8800048828125,114.73999786376953,407.0799865722656,163.42999267578125,168.0500030517578,56.84000015258789,348.7900085449219,336.05999755859375,29.75200080871582,48.61000061035156,407.36334228515625,216.6699981689453,50.07666778564453,65.0199966430664
2021-11-08,150.44000244140625,222.67999267578125,214.25,115.1500015258789,408.3399963378906,162.8699951171875,169.05999755859375,56.33000183105469,349.6700134277344,336.989990234375,30.804000854492188,48.33000183105469,387.64666748046875,220.49000549316406,49.75666809082031,65.72000122070312
2021-11-09,150.80999755859375,220.7899932861328,209.80999755859375,116.0,405.3500061035156,162.50999450683594,167.77999877929688,56.4900016784668,344.6499938964844,335.95001220703125,30.656999588012695,47.29999923706055,341.1666564941406,213.38999938964844,49.93000030517578,66.36000061035156
2021-11-10,147.9199981689453,218.5,206.6699981689453,114.1500015258789,399.1199951171875,164.27000427246094,167.6199951171875,56.720001220703125,357.94000244140625,330.79998779296875,29.458999633789062,49.02000045776367,355.98333740234375,215.55999755859375,49.47999954223633,64.19000244140625
2021-11-11,147.8699951171875,219.3800048828125,208.52999877929688,114.16000366210938,402.3399963378906,163.05999755859375,167.61000061035156,56.7400016784668,354.3399963378906,332.42999267578125,30.389999389648438,50.18000030517578,354.5033264160156,210.4199981689453,49.5,64.30999755859375
2021-11-12,149.99000549316406,220.9600067138672,209.27000427246094,114.2300033569336,404.9100036621094,165.00999450683594,166.86000061035156,56.61000061035156,363.5,336.7200012207031,30.389999389648438,49.72999954223633,344.47332763671875,212.08999633789062,49.253334045410156,63.81999969482422
2021-11-15,150.0,233.08999633789062,207.7100067138672,116.81999969482422,404.80999755859375,163.52000427246094,166.55999755859375,56.619998931884766,361.3599853515625,336.07000732421875,30.024999618530273,49.650001525878906,337.7966613769531,212.3000030517578,48.970001220703125,64.37000274658203
2021-11-16,151.0,225.8000030517578,205.42999267578125,117.27999877929688,403.0899963378906,162.6699981689453,165.36000061035156,56.220001220703125,369.55999755859375,339.510009765625,30.202999114990234,49.599998474121094,351.57666015625,215.17999267578125,47.723331451416016,65.0199966430664
2021-11-17,153.49000549316406,226.6199951171875,202.97999572753906,115.41999816894531,391.54998779296875,163.27999877929688,164.47000122070312,55.90999984741211,359.1700134277344,339.1199951171875,29.26099967956543,50.869998931884766,363.0033264160156,205.05999755859375,47.313331604003906,64.30999755859375
2021-11-18,157.8699951171875,227.25,201.4199981689453,114.44999694824219,391.3699951171875,162.39999389648438,163.0500030517578,55.40999984741211,348.2200012207031,341.2699890136719,31.674999237060547,51.40999984741211,365.4599914550781,203.3300018310547,47.720001220703125,63.61000061035156
2021-11-19,160.5500030517578,214.1300048828125,200.44000244140625,111.91000366210938,387.3900146484375,162.88999938964844,160.9199981689453,55.130001068115234,339.7200012207031,343.1099853515625,32.98500061035156,50.79999923706055,379.0199890136719,200.86000061035156,47.46333312988281,60.66999816894531
2021-11-22,161.02000427246094,209.89999389648438,202.3800048828125,113.91000366210938,396.1600036621094,159.6999969482422,164.35000610351562,55.470001220703125,321.29998779296875,339.8299865722656,31.95599937438965,51.20000076293945,385.6233215332031,195.5800018310547,48.2599983215332,61.5099983215332
2021-11-23,161.41000366210938,209.1300048828125,205.3300018310547,116.30000305175781,406.3399963378906,160.69000244140625,168.27999877929688,55.880001068115234,329.0,337.67999267578125,31.746000289916992,51.08000183105469,369.6766662597656,198.49000549316406,48.60333251953125,63.130001068115234
2021-11-24,161.94000244140625,210.60000610351562,207.07000732421875,117.19000244140625,399.19000244140625,160.24000549316406,166.9600067138672,55.43000030517578,340.0,337.9100036621094,32.67399978637695,50.88999938964844,372.0,203.25,48.8466682434082,63.47999954223633
2021-11-26,156.80999755859375,199.2100067138672,198.72999572753906,114.51000213623047,389.3900146484375,159.1999969482422,161.92999267578125,53.72999954223633,324.1700134277344,329.67999267578125,31.503000259399414,54.0,360.6400146484375,197.64999389648438,48.29999923706055,61.25
2021-11-29,160.24000549316406,198.5,195.9199981689453,114.8499984741211,386.5400085449219,159.75,161.22999572753906,54.58000183105469,323.010009765625,336.6300048828125,33.375999450683594,52.400001525878906,378.9966735839844,196.2899932861328,47.543331146240234,61.59000015258789
2021-11-30,165.3000030517578,197.85000610351562,193.35000610351562,112.87000274658203,380.989990234375,155.92999267578125,158.8300018310547,52.45000076293945,314.9200134277344,330.5899963378906,32.67599868774414,53.72999954223633,381.586669921875,193.77000427246094,46.87666702270508,59.84000015258789
2021-12-01,164.77000427246094,188.19000244140625,191.47000122070312,112.0999984741211,376.4800109863281,158.0800018310547,157.88999938964844,52.29999923706055,306.2799987792969,330.0799865722656,31.434999465942383,54.68000030517578,365.0,190.16000366210938,45.71333312988281,59.790000915527344
2021-12-02,163.75999450683594,202.3800048828125,196.7899932861328,115.13999938964844,387.5400085449219,157.08999633789062,161.2100067138672,53.06999969482422,320.20001220703125,329.489990234375,32.125999450683594,53.040000915527344,361.5333251953125,198.2899932861328,45.15666580200195,61.279998779296875
2021-12-03,161.83999633789062,198.49000549316406,197.8000030517578,114.41000366210938,382.7300109863281,159.3800048828125,158.2899932861328,53.540000915527344,322.1099853515625,323.010009765625,30.69300079345703,54.27000045776367,338.3233337402344,196.32000732421875,45.836666107177734,60.88999938964844
2021-12-06,165.32000732421875,205.8800048828125,201.27999877929688,116.19999694824219,389.29998779296875,162.94000244140625,160.16000366210938,54.90999984741211,333.3299865722656,326.19000244140625,30.03700065612793,51.47999954223633,336.336669921875,202.67999267578125,46.33333206176758,61.58000183105469
2021-12-07,171.17999267578125,208.8300018310547,204.49000549316406,117.91999816894531,400.1099853515625,163.36000061035156,162.57000732421875,55.209999084472656,339.510009765625,334.9200134277344,32.426998138427734,51.720001220703125,350.5833435058594,207.3699951171875,46.18333435058594,62.27000045776367
2021-12-08,175.0800018310547,211.02999877929688,204.19000244140625,118.44999694824219,397.32000732421875,164.33999633789062,160.7100067138672,55.0,342.3399963378906,334.9700012207031,31.826000213623047,51.400001525878906,356.32000732421875,208.99000549316406,45.71666717529297,62.45000076293945
2021-12-09,174.55999755859375,207.55999755859375,204.1300048828125,118.13999938964844,396.489990234375,165.89999389648438,160.4600067138672,54.86000061035156,344.5199890136719,333.1000061035156,30.489999771118164,52.08000183105469,334.6000061035156,211.38999938964844,46.16666793823242,62.61000061035156
2021-12-10,179.4499969482422,205.05999755859375,203.4600067138672,118.33999633789062,391.05999755859375,165.49000549316406,159.82000732421875,56.279998779296875,349.9200134277344,342.5400085449219,30.197999954223633,52.779998779296875,339.010009765625,213.39999389648438,47.0099983215332,63.0099983215332
2021-12-13,175.74000549316406,197.39999389648438,201.25,115.87999725341797,384.6400146484375,168.4499969482422,157.9199981689453,57.7599983215332,345.30999755859375,339.3999938964844,28.160999298095703,55.20000076293945,322.13665771484375,211.02000427246094,47.856666564941406,61.630001068115234
2021-12-14,174.3300018310547,195.5,201.63999938964844,116.22000122070312,388.82000732421875,170.2899932861328,159.1300048828125,57.79999923706055,340.54998779296875,328.3399963378906,28.336999893188477,55.540000915527344,319.5033264160156,209.97999572753906,48.313331604003906,61.540000915527344
2021-12-15,179.3000030517578,195.42999267578125,202.5500030517578,115.55999755859375,389.9100036621094,171.13999938964844,157.94000244140625,58.060001373291016,346.3500061035156,334.6499938964844,30.458999633789062,58.79999923706055,325.3299865722656,212.30999755859375,48.59000015258789,61.27000045776367
2021-12-16,172.25999450683594,190.7899932861328,206.1699981689453,116.63999938964844,397.3699951171875,173.00999450683594,160.41000366210938,58.650001525878906,352.9200134277344,324.8999938964844,28.386999130249023,61.25,308.97332763671875,214.3699951171875,47.779998779296875,61.369998931884766
2021-12-17,171.13999938964844,192.6300048828125,201.3699951171875,113.5999984741211,381.79998779296875,168.22999572753906,156.75999450683594,57.72999954223633,349.30999755859375,323.79998779296875,27.801000595092773,59.47999954223633,310.8566589355469,211.8800048828125,46.25,60.029998779296875
2021-12-20,169.75,188.47999572753906,195.4600067138672,113.6500015258789,371.6099853515625,167.75,153.94000244140625,57.540000915527344,337.0199890136719,319.9100036621094,27.7189998626709,61.02000045776367,299.9800109863281,208.74000549316406,46.400001525878906,59.15999984741211
2021-12-21,172.99000549316406,199.52000427246094,198.30999755859375,115.47000122070312,380.32000732421875,167.2100067138672,156.08999633789062,57.77000045776367,350.739990234375,327.2900085449219,29.075000762939453,58.95000076293945,312.84332275390625,215.3800048828125,46.540000915527344,60.5
2021-12-22,175.63999938964844,201.69000244140625,202.14999389648438,116.12999725341797,382.3299865722656,167.92999267578125,156.6999969482422,58.18000030517578,357.4800109863281,333.20001220703125,29.399999618530273,59.54999923706055,336.2900085449219,217.9600067138672,46.599998474121094,60.9900016784668
2021-12-23,176.27999877929688,204.22000122070312,206.1999969482422,116.41000366210938,385.0400085449219,168.25,157.25999450683594,58.220001220703125,360.5799865722656,334.69000244140625,29.639999389648438,58.709999084472656,355.6666564941406,216.6199951171875,46.496665954589844,61.02000045776367
2021-12-27,180.3300018310547,203.1699981689453,206.3800048828125,118.79000091552734,388.0400085449219,169.6699981689453,158.16000366210938,58.650001525878906,360.30999755859375,342.45001220703125,30.94499969482422,59.20000076293945,364.64666748046875,217.6300048828125,46.91999816894531,61.88999938964844
2021-12-28,179.2899932861328,206.1300048828125,206.6199951171875,118.55999755859375,387.6099853515625,170.35000610351562,158.63999938964844,58.880001068115234,360.7799987792969,341.25,30.32200050354004,58.0099983215332,362.8233337402344,218.0500030517578,47.59333419799805,61.689998626708984
2021-12-29,179.3800048828125,203.66000366210938,207.3300018310547,117.94999694824219,386.20001220703125,171.5500030517578,158.55999755859375,58.95000076293945,361.2900085449219,341.95001220703125,30.000999450683594,57.58000183105469,362.0633239746094,218.1699981689453,47.56999969482422,61.150001525878906
2021-12-30,178.1999969482422,202.7100067138672,206.0800018310547,117.43000030517578,385.5199890136719,172.30999755859375,158.47999572753906,58.779998779296875,360.989990234375,339.32000732421875,29.586000442504883,58.400001525878906,356.7799987792969,217.8699951171875,47.723331451416016,60.790000915527344
2021-12-31,177.57000732421875,201.32000732421875,206.74000549316406,117.3499984741211,382.54998779296875,171.07000732421875,158.35000610351562,59.209999084472656,359.32000732421875,336.32000732421875,29.410999298095703,59.04999923706055,352.260009765625,216.7100067138672,48.22999954223633,61.189998626708984
2022-01-03,182.00999450683594,207.86000061035156,207.0,119.26000213623047,395.3299865722656,171.5399932861328,161.6999969482422,59.29999923706055,370.95001220703125,334.75,30.121000289916992,56.650001525878906,399.9266662597656,221.42999267578125,48.21666717529297,63.540000915527344
2022-01-04,179.6999969482422,213.6300048828125,218.0800018310547,121.43000030517578,407.4800109863281,171.0800018310547,167.8300018310547,60.290000915527344,375.3900146484375,329.010009765625,29.290000915527344,54.529998779296875,383.1966552734375,222.4600067138672,47.33333206176758,65.93000030517578
2022-01-05,174.9199981689453,213.07000732421875,219.75,122.22000122070312,398.6300048828125,172.22000122070312,163.77999877929688,60.790000915527344,373.8999938964844,316.3800048828125,27.604000091552734,55.630001068115234,362.7066650390625,220.0,47.973331451416016,66.75
2022-01-06,172.0,211.33999633789062,221.99000549316406,123.26000213623047,396.92999267578125,171.6300048828125,165.52000427246094,60.470001220703125,370.0,313.8800048828125,28.17799949645996,54.84000015258789,354.8999938964844,219.75,47.84000015258789,68.31999969482422
2022-01-07,172.1699981689453,215.5,224.19000244140625,125.02999877929688,397.510009765625,173.9499969482422,167.16000366210938,60.33000183105469,369.6499938964844,314.0400085449219,27.246999740600586,55.720001220703125,342.32000732421875,216.9600067138672,48.29666519165039,68.87999725341797
2022-01-10,172.19000244140625,209.30999755859375,221.63999938964844,125.11000061035156,399.1700134277344,173.08999633789062,167.32000732421875,60.43000030517578,363.9100036621094,314.2699890136719,27.399999618530273,56.2400016784668,352.7066650390625,211.97000122070312,48.20333480834961,68.47000122070312
2022-01-11,175.0800018310547,216.02000427246094,219.9499969482422,127.97000122070312,403.04998779296875,171.25,167.49000549316406,60.45000076293945,366.2900085449219,314.9800109863281,27.816999435424805,56.689998626708984,354.79998779296875,214.3800048828125,48.06666564941406,71.3499984741211
2022-01-12,175.52999877929688,217.4499969482422,222.39999389648438,127.33000183105469,390.30999755859375,169.7899932861328,168.44000244140625,60.540000915527344,367.30999755859375,318.2699890136719,27.999000549316406,56.650001525878906,368.739990234375,215.7100067138672,47.813331604003906,71.13999938964844
2022-01-13,172.19000244140625,223.89999389648438,227.0,126.80000305175781,390.79998779296875,168.75999450683594,168.22999572753906,60.900001525878906,369.5199890136719,304.79998779296875,26.575000762939453,55.540000915527344,343.85333251953125,215.0,48.4900016784668,70.62999725341797
2022-01-14,173.07000732421875,225.9600067138672,228.94000244140625,128.9600067138672,380.94000244140625,167.83999633789062,157.88999938964844,61.38999938964844,372.1400146484375,310.20001220703125,26.941999435424805,54.95000076293945,349.8699951171875,214.6699981689453,48.35333251953125,71.87000274658203
2022-01-18,169.8000030517578,225.00999450683594,229.8699951171875,129.3800048828125,354.3999938964844,167.10000610351562,151.27000427246094,60.900001525878906,366.29998779296875,302.6499938964844,25.902999877929688,54.11000061035156,343.5033264160156,215.7100067138672,47.50666809082031,73.08000183105469
2022-01-19,166.22999572753906,217.0800018310547,221.66000366210938,128.91000366210938,347.32000732421875,166.5800018310547,148.92999267578125,61.0,360.7300109863281,303.3299865722656,25.066999435424805,53.540000915527344,331.8833312988281,214.67999267578125,47.97999954223633,73.11000061035156
2022-01-20,164.50999450683594,214.19000244140625,216.6300048828125,128.4499969482422,348.1000061035156,165.25,147.66000366210938,60.75,364.0,301.6000061035156,24.149999618530273,54.04999923706055,332.0899963378906,214.35000610351562,47.073333740234375,73.2699966430664
2022-01-21,162.41000366210938,205.44000244140625,214.08999633789062,126.91000366210938,343.9100036621094,164.8699951171875,145.0800018310547,60.45000076293945,355.0799865722656,296.0299987792969,23.374000549316406,52.790000915527344,314.6333312988281,205.92999267578125,46.72999954223633,72.16999816894531
2022-01-24,161.6199951171875,204.1999969482422,214.3300018310547,127.18000030517578,343.3900146484375,162.97000122070312,144.9499969482422,59.959999084472656,349.4200134277344,296.3699951171875,23.371999740600586,51.540000915527344,310.0,201.85000610351562,46.733333587646484,72.79000091552734
2022-01-25,159.77999877929688,204.10000610351562,214.30999755859375,132.58999633789062,341.54998779296875,167.6300048828125,146.52999877929688,59.81999969482422,338.760009765625,288.489990234375,22.323999404907227,52.540000915527344,306.1333312988281,202.0,45.71666717529297,74.93000030517578
2022-01-26,159.69000244140625,194.27000427246094,214.2899932861328,132.69000244140625,342.67999267578125,168.3800048828125,147.9199981689453,59.599998474121094,344.6600036621094,296.7099914550781,22.77199935913086,53.0099983215332,312.4700012207031,205.8699951171875,45.25,74.16999816894531
2022-01-27,159.22000122070312,189.75,212.1699981689453,135.3699951171875,341.0299987792969,170.58999633789062,145.30999755859375,59.650001525878906,350.5299987792969,299.8399963378906,21.944000244140625,53.369998931884766,276.3666687011719,206.14999389648438,45.279998779296875,75.12000274658203
2022-01-28,170.3300018310547,190.57000732421875,201.16000366210938,130.61000061035156,347.010009765625,171.7899932861328,146.61000061035156,60.84000015258789,382.510009765625,308.260009765625,22.84000015258789,54.33000183105469,282.1166687011719,228.0,45.84000015258789,75.27999877929688
2022-01-31,174.77999877929688,200.24000549316406,201.55999755859375,131.3300018310547,354.67999267578125,172.2899932861328,148.60000610351562,61.0099983215332,386.3800048828125,310.9800109863281,24.486000061035156,52.689998626708984,312.239990234375,226.1699981689453,46.60333251953125,75.95999908447266
2022-02-01,174.61000061035156,208.33999633789062,205.35000610351562,134.7899932861328,364.05999755859375,170.8800048828125,151.14999389648438,60.560001373291016,392.05999755859375,308.760009765625,24.63800048828125,53.06999969482422,310.4166564941406,232.36000061035156,46.970001220703125,80.83000183105469
2022-02-02,175.83999633789062,207.52000427246094,204.94000244140625,135.41000366210938,363.05999755859375,172.77000427246094,149.94000244140625,61.18000030517578,396.75,313.4599914550781,25.242000579833984,53.86000061035156,301.88665771484375,235.4199981689453,46.95000076293945,80.62000274658203
2022-02-03,172.89999389648438,206.38999938964844,200.58999633789062,134.1999969482422,358.8800048828125,172.75999450683594,148.6999969482422,61.61000061035156,390.07000732421875,301.25,23.947999954223633,53.380001068115234,297.0466613769531,231.5399932861328,46.996665954589844,79.68000030517578
2022-02-04,172.38999938964844,206.4499969482422,198.41000366210938,135.8800048828125,367.6000061035156,171.6300048828125,152.55999755859375,60.959999084472656,382.20001220703125,305.94000244140625,24.319000244140625,53.0,307.7733459472656,228.38999938964844,46.44333267211914,81.41000366210938
2022-02-07,171.66000366210938,211.9199981689453,199.82000732421875,138.5500030517578,368.1499938964844,171.05999755859375,153.07000732421875,61.599998474121094,376.1300048828125,300.95001220703125,24.72800064086914,53.209999084472656,302.4466552734375,227.16000366210938,45.98666763305664,82.38999938964844
2022-02-08,174.8300018310547,213.27000427246094,201.5,136.44000244140625,370.1000061035156,171.50999450683594,155.9499969482422,62.0,374.3699951171875,304.55999755859375,25.107999801635742,51.70000076293945,307.3333435058594,227.94000244140625,45.996665954589844,80.26000213623047
2022-02-09,176.27999877929688,215.86000061035156,203.60000610351562,137.7899932861328,374.5299987792969,171.49000549316406,156.60000610351562,61.040000915527344,381.3699951171875,311.2099914550781,26.704999923706055,51.470001220703125,310.6666564941406,230.8699951171875,45.89666748046875,79.0
2022-02-10,172.1199951171875,218.75,203.07000732421875,136.0399932861328,370.57000732421875,169.4199981689453,155.9499969482422,61.380001068115234,374.3900146484375,302.3800048828125,25.823999404907227,50.599998474121094,301.51666259765625,225.58999633789062,45.36000061035156,78.23999786376953
2022-02-11,168.63999938964844,212.3000030517578,201.24000549316406,138.80999755859375,363.05999755859375,167.7100067138672,153.9199981689453,60.290000915527344,369.7699890136719,295.0400085449219,23.948999404907227,50.779998779296875,286.6666564941406,224.69000244140625,45.11000061035156,80.20999908447266
2022-02-14,168.8800048828125,210.0399932861328,199.88999938964844,136.6699981689453,360.239990234375,165.60000610351562,152.49000549316406,60.68000030517578,374.1600036621094,295.0,24.267000198364258,49.79999923706055,291.9200134277344,225.33999633789062,44.650001525878906,78.9800033569336
2022-02-15,172.7899932861328,217.72999572753906,203.41000366210938,134.25999450683594,363.94000244140625,167.30999755859375,154.72000122070312,60.90999984741211,381.5400085449219,300.4700012207031,26.4950008392334,49.790000915527344,307.4766540527344,227.82000732421875,44.790000915527344,77.98999786376953
2022-02-16,172.5500030517578,218.92999267578125,203.63999938964844,134.3000030517578,360.04998779296875,167.2100067138672,155.0,60.900001525878906,382.92999267578125,299.5,26.51099967956543,49.68000030517578,307.7966613769531,228.82000732421875,44.5099983215332,78.3499984741211
2022-02-17,168.8800048828125,213.5800018310547,194.74000549316406,133.61000061035156,349.05999755859375,166.19000244140625,151.42999267578125,62.119998931884766,373.70001220703125,290.7300109863281,24.506999969482422,48.900001525878906,292.1166687011719,224.61000061035156,46.293331146240234,78.2300033569336
2022-02-18,167.3000030517578,209.02999877929688,191.9499969482422,133.4199981689453,346.0400085449219,163.36000061035156,152.13999938964844,62.540000915527344,369.95001220703125,287.92999267578125,23.642000198364258,48.529998779296875,285.6600036621094,222.69000244140625,45.996665954589844,77.36000061035156
2022-02-22,164.32000732421875,198.74000549316406,191.2100067138672,132.39999389648438,344.2699890136719,161.13999938964844,151.8699951171875,62.279998779296875,368.2900085449219,287.7200012207031,23.389999389648438,47.529998779296875,273.84332275390625,221.32000732421875,45.483333587646484,76.45999908447266
2022-02-23,160.07000732421875,196.4199981689453,186.6699981689453,135.5500030517578,341.19000244140625,161.22000122070312,148.69000244140625,61.59000015258789,361.2300109863281,280.2699890136719,22.386999130249023,46.869998931884766,254.67999267578125,215.9499969482422,45.016666412353516,76.7699966430664
2022-02-24,162.74000549316406,198.42999267578125,184.69000244140625,134.85000610351562,340.19000244140625,158.13999938964844,144.5500030517578,60.5099983215332,369.3800048828125,294.5899963378906,23.74799919128418,45.959999084472656,266.92333984375,217.3000030517578,44.84333419799805,75.80000305175781
2022-02-25,164.85000610351562,201.47999572753906,187.05999755859375,140.3800048828125,350.1199951171875,166.0,147.97000122070312,62.849998474121094,369.0899963378906,297.30999755859375,24.156999588012695,47.720001220703125,269.9566650390625,219.27000427246094,45.459999084472656,77.83999633789062
2022-02-28,165.1199951171875,205.33999633789062,187.5800018310547,144.0,341.2900085449219,164.57000732421875,141.8000030517578,62.2400016784668,360.82000732421875,298.7900085449219,24.385000228881836,46.939998626708984,290.1433410644531,216.1199951171875,45.0533332824707,78.41999816894531
2022-03-01,163.1999969482422,194.91000366210938,182.8300018310547,149.72000122070312,328.20001220703125,164.0,136.4499969482422,61.970001220703125,344.4800109863281,294.95001220703125,23.476999282836914,45.75,288.1233215332031,208.97000122070312,45.33000183105469,79.16999816894531
2022-03-02,166.55999755859375,197.80999755859375,192.61000061035156,154.13999938964844,336.3800048828125,166.0399932861328,139.27999877929688,62.43000030517578,344.0899963378906,300.19000244140625,24.219999313354492,47.70000076293945,293.2966613769531,208.47999572753906,45.38666534423828,80.52999877929688
2022-03-03,166.22999572753906,188.85000610351562,194.85000610351562,156.22000122070312,333.4200134277344,168.47999572753906,138.2899932861328,62.470001220703125,340.989990234375,295.9200134277344,23.714000701904297,47.83000183105469,279.7633361816406,207.22999572753906,46.43000030517578,81.04000091552734
2022-03-04,163.1699981689453,180.83999633789062,195.66000366210938,158.64999389648438,329.6700134277344,169.47999572753906,134.39999389648438,62.56999969482422,330.760009765625,289.8599853515625,22.93600082397461,48.650001525878906,279.42999267578125,200.2899932861328,47.606666564941406,84.08999633789062
2022-03-07,159.3000030517578,169.1699981689453,196.6999969482422,162.0399932861328,321.8900146484375,172.2100067138672,129.2100067138672,61.08000183105469,312.9200134277344,278.9100036621094,21.351999282836914,47.97999954223633,268.1933288574219,190.6999969482422,47.223331451416016,87.12000274658203
2022-03-08,157.44000244140625,173.8000030517578,210.0,170.52999877929688,321.3699951171875,168.72000122070312,128.3000030517578,58.65999984741211,314.3299865722656,275.8500061035156,21.513999938964844,47.439998626708984,274.79998779296875,191.7100067138672,46.246665954589844,87.77999877929688
2022-03-09,162.9499969482422,178.55999755859375,209.77999877929688,166.27000427246094,333.5899963378906,169.36000061035156,133.44000244140625,58.959999084472656,328.1300048828125,288.5,23.013999938964844,48.75,286.3233337402344,199.75999450683594,46.48666763305664,82.79000091552734
2022-03-10,158.52000427246094,178.38999938964844,211.7899932861328,170.82000732421875,329.8999938964844,169.66000366210938,131.86000061035156,57.880001068115234,324.5899963378906,285.5899963378906,22.658000946044922,49.20000076293945,279.4333190917969,197.97000122070312,47.543331146240234,85.36000061035156
2022-03-11,154.72999572753906,176.22999572753906,214.8300018310547,170.89999389648438,327.0,169.35000610351562,128.88999938964844,57.91999816894531,324.7900085449219,280.07000732421875,22.100000381469727,50.27000045776367,265.1166687011719,196.7100067138672,47.356666564941406,84.91999816894531
2022-03-14,150.6199951171875,175.52000427246094,215.44000244140625,166.72000122070312,324.9800109863281,171.69000244140625,130.1699981689453,58.540000915527344,328.5899963378906,276.44000244140625,21.329999923706055,52.25,255.4566650390625,200.3300018310547,48.016666412353516,81.87999725341797
2022-03-15,155.08999633789062,179.88999938964844,216.4600067138672,158.27999877929688,329.1600036621094,176.13999938964844,132.47999572753906,59.619998931884766,335.0,287.1499938964844,22.972999572753906,52.209999084472656,267.2966613769531,206.13999938964844,48.59333419799805,77.22000122070312
2022-03-16,159.58999633789062,188.99000549316406,216.0800018310547,157.7100067138672,340.760009765625,174.52000427246094,138.39999389648438,59.459999084472656,344.67999267578125,294.3900146484375,24.496000289916992,52.91999816894531,280.07666015625,211.8699951171875,48.45000076293945,76.93000030517578
2022-03-17,160.6199951171875,190.19000244140625,221.6999969482422,160.44000244140625,343.2699890136719,176.8000030517578,140.14999389648438,60.09000015258789,346.44000244140625,295.2200012207031,24.766000747680664,54.2400016784668,290.5333251953125,213.4499969482422,48.336666107177734,78.9800033569336
2022-03-18,163.97999572753906,192.8300018310547,220.91000366210938,161.72999572753906,345.3800048828125,174.83999633789062,140.10000610351562,60.099998474121094,350.0899963378906,300.42999267578125,26.452999114990234,54.5099983215332,301.7966613769531,219.11000061035156,48.47999954223633,78.66999816894531
2022-03-21,165.3800048828125,185.89999389648438,223.7100067138672,164.63999938964844,339.0,175.8300018310547,139.64999389648438,60.58000183105469,345.5799865722656,299.1600036621094,26.733999252319336,54.189998626708984,307.0533447265625,217.0399932861328,48.07666778564453,82.19999694824219
2022-03-22,168.82000732421875,191.0399932861328,222.7100067138672,164.08999633789062,343.010009765625,175.0,142.6199951171875,60.79999923706055,349.5299987792969,304.05999755859375,26.52400016784668,53.040000915527344,331.32666015625,218.47000122070312,47.93333435058594,81.83999633789062
2022-03-23,170.2100067138672,186.0399932861328,222.1699981689453,165.86000061035156,335.6099853515625,174.33999633789062,139.77999877929688,60.400001525878906,342.17999267578125,299.489990234375,25.634000778198242,52.189998626708984,333.03668212890625,214.67999267578125,47.31666564941406,83.12999725341797
2022-03-24,174.07000732421875,189.0500030517578,222.2100067138672,166.3000030517578,336.2300109863281,175.24000549316406,140.69000244140625,60.97999954223633,349.3500061035156,304.1000061035156,28.149999618530273,52.59000015258789,337.97332763671875,217.30999755859375,47.61000061035156,83.37999725341797
2022-03-25,174.72000122070312,188.9499969482422,223.36000061035156,169.30999755859375,337.489990234375,176.9199981689453,141.9199981689453,61.529998779296875,349.0199890136719,303.67999267578125,27.691999435424805,52.779998779296875,336.8800048828125,218.42999267578125,47.81666564941406,85.19999694824219
2022-03-28,175.60000610351562,188.16000366210938,221.85000610351562,166.35000610351562,335.29998779296875,177.8300018310547,140.8699951171875,61.91999816894531,350.489990234375,310.70001220703125,28.2189998626709,53.279998779296875,363.9466552734375,220.77000427246094,48.66666793823242,82.80999755859375
2022-03-29,178.9600067138672,193.8000030517578,221.0399932861328,164.32000732421875,339.6600036621094,177.74000549316406,141.17999267578125,62.15999984741211,367.54998779296875,315.4100036621094,28.6560001373291,52.7400016784668,366.5233459472656,228.1199951171875,49.07666778564453,82.37000274658203
2022-03-30,177.77000427246094,194.91000366210938,223.0800018310547,165.47999572753906,335.5899963378906,179.58999633789062,140.5399932861328,62.209999084472656,362.239990234375,313.8599853515625,27.690000534057617,52.439998626708984,364.663330078125,223.9499969482422,49.956668853759766,83.77999877929688
2022-03-31,174.61000061035156,191.5,222.82000732421875,162.8300018310547,330.1000061035156,177.22999572753906,136.32000732421875,62.0,357.3800048828125,308.30999755859375,27.285999298095703,51.77000045776367,359.20001220703125,221.77000427246094,49.63999938964844,82.58999633789062
2022-04-01,174.30999755859375,190.75999450683594,219.77000427246094,164.22000122070312,330.2200012207031,178.19000244140625,135.30999755859375,62.869998931884766,363.9700012207031,309.4200134277344,26.711999893188477,51.56999969482422,361.5299987792969,226.36000061035156,50.336666107177734,83.12000274658203
2022-04-04,178.44000244140625,191.17999267578125,220.80999755859375,164.3699951171875,328.2099914550781,176.47000122070312,135.91000366210938,62.540000915527344,366.9100036621094,314.9700012207031,27.360000610351562,50.939998626708984,381.8166809082031,227.74000549316406,50.3466682434082,83.16000366210938
2022-04-05,175.05999755859375,182.64999389648438,216.02000427246094,163.36000061035156,323.9599914550781,177.61000061035156,133.33999633789062,62.470001220703125,363.32000732421875,310.8800048828125,25.930999755859375,51.2400016784668,363.7533264160156,226.08999633789062,50.4900016784668,82.7300033569336
2022-04-06,171.8300018310547,178.72000122070312,216.2100067138672,164.80999755859375,316.260009765625,182.22999572753906,131.49000549316406,63.099998474121094,353.54998779296875,299.5,24.406999588012695,52.869998931884766,348.586669921875,219.00999450683594,51.663333892822266,83.6500015258789
2022-04-07,172.13999938964844,177.97000122070312,215.89999389648438,167.10000610351562,314.1499938964844,181.75999450683594,131.08999633789062,63.439998626708984,349.54998779296875,301.3699951171875,24.20800018310547,55.15999984741211,352.4200134277344,216.14999389648438,52.18000030517578,85.05000305175781
2022-04-08,170.08999633789062,175.1999969482422,217.02999877929688,169.92999267578125,321.3900146484375,182.1199951171875,133.49000549316406,63.83000183105469,352.2699890136719,296.9700012207031,23.118999481201172,55.16999816894531,341.8299865722656,216.97999572753906,52.470001220703125,86.83999633789062
2022-04-11,165.75,175.02999877929688,216.0500030517578,165.55999755859375,320.760009765625,179.83999633789062,133.0,63.810001373291016,347.3699951171875,285.260009765625,21.91699981689453,53.93000030517578,325.30999755859375,214.75,51.43000030517578,83.8499984741211
2022-04-12,167.66000366210938,176.27999877929688,216.6999969482422,169.00999450683594,319.7799987792969,179.89999389648438,131.5399932861328,64.55999755859375,345.79998779296875,282.05999755859375,21.503999710083008,53.11000061035156,328.98333740234375,211.39999389648438,51.07666778564453,85.5999984741211
2022-04-13,170.39999389648438,182.8699951171875,218.27000427246094,171.6699981689453,321.9700012207031,180.66000366210938,127.30000305175781,64.7300033569336,355.1400146484375,287.6199951171875,22.202999114990234,53.099998474121094,340.7900085449219,213.27000427246094,52.40666580200195,86.80999755859375
2022-04-14,165.2899932861328,181.94000244140625,227.80999755859375,171.58999633789062,321.6400146484375,179.89999389648438,126.12000274658203,65.0199966430664,357.82000732421875,279.8299865722656,21.257999420166016,53.119998931884766,328.3333435058594,212.7899932861328,52.36000061035156,87.83000183105469
2022-04-18,165.07000732421875,179.85000610351562,229.9199981689453,173.88999938964844,329.8800048828125,177.66000366210938,128.4600067138672,64.44000244140625,356.79998779296875,280.5199890136719,21.783000946044922,51.84000015258789,334.7633361816406,213.1699981689453,51.959999084472656,88.55000305175781
2022-04-19,167.39999389648438,185.97999572753906,232.16000366210938,171.8300018310547,335.95001220703125,183.0800018310547,131.1199951171875,65.06999969482422,363.8699951171875,285.29998779296875,22.197999954223633,50.18000030517578,342.7166748046875,215.6999969482422,52.54999923706055,87.76000213623047
2022-04-20,167.22999572753906,183.5500030517578,235.0800018310547,172.52999877929688,341.05999755859375,183.88999938964844,131.5800018310547,65.95999908447266,365.2900085449219,286.3599853515625,21.48200035095215,49.75,325.73333740234375,217.7899932861328,53.209999084472656,87.95999908447266
2022-04-21,166.4199981689453,181.02000427246094,232.57000732421875,164.5800018310547,334.29998779296875,183.36000061035156,130.55999755859375,66.20999908447266,364.44000244140625,280.80999755859375,20.183000564575195,49.11000061035156,336.260009765625,216.4499969482422,53.290000915527344,87.02999877929688
2022-04-22,161.7899932861328,176.9199981689453,216.3000030517578,160.9499969482422,319.7699890136719,181.5399932861328,126.80999755859375,65.25,351.17999267578125,274.0299987792969,19.514999389648438,48.130001068115234,335.01666259765625,208.1699981689453,52.28666687011719,85.12999725341797
2022-04-25,162.8800048828125,175.91000366210938,216.6999969482422,157.49000549316406,321.4200134277344,186.00999450683594,126.7699966430664,65.94000244140625,354.6000061035156,280.7200012207031,19.902000427246094,48.95000076293945,332.67333984375,209.9499969482422,52.313331604003906,82.26000213623047
2022-04-26,156.8000030517578,167.0399932861328,210.3000030517578,156.52999877929688,313.1199951171875,184.67999267578125,123.0199966430664,65.05000305175781,344.1099853515625,270.2200012207031,18.788000106811523,49.029998779296875,292.1400146484375,201.10000610351562,51.766666412353516,82.29000091552734
2022-04-27,156.57000732421875,154.4600067138672,213.9600067138672,156.24000549316406,313.2300109863281,182.10000610351562,121.41999816894531,65.55999755859375,361.57000732421875,283.2200012207031,18.415000915527344,49.7400016784668,293.836669921875,214.11000061035156,51.413333892822266,84.63999938964844
2022-04-28,163.63999938964844,154.22000122070312,212.44000244140625,161.7899932861328,318.4100036621094,183.4600067138672,123.33999633789062,66.19000244140625,378.8299865722656,289.6300048828125,19.781999588012695,50.5099983215332,292.5033264160156,220.66000366210938,52.06999969482422,87.19999694824219
2022-04-29,157.64999389648438,148.83999633789062,210.5399932861328,156.6699981689453,305.489990234375,180.4600067138672,119.36000061035156,64.61000061035156,363.3800048828125,277.5199890136719,18.547000885009766,49.06999969482422,290.2533264160156,213.1300048828125,50.996665954589844,85.25
2022-05-02,157.9600067138672,148.61000061035156,212.07000732421875,159.75,310.4200134277344,178.63999938964844,120.44999694824219,63.439998626708984,359.0400085449219,284.4700012207031,19.533000946044922,48.34000015258789,300.9800109863281,211.52999877929688,50.65999984741211,86.41000366210938
2022-05-03,159.47999572753906,153.5800018310547,213.6199951171875,162.49000549316406,314.6600036621094,178.2899932861328,123.02999877929688,63.08000183105469,357.7900085449219,281.7799987792969,19.601999282836914,49.290000915527344,303.0833435058594,208.55999755859375,50.836666107177734,88.19000244140625
2022-05-04,166.02000427246094,156.97000122070312,222.58999633789062,167.58999633789062,324.1099853515625,180.1999969482422,127.0999984741211,65.02999877929688,368.5199890136719,289.9800109863281,20.333999633789062,49.65999984741211,317.5400085449219,214.52000427246094,51.540000915527344,91.69999694824219
2022-05-05,156.77000427246094,150.47000122070312,215.92999267578125,166.25999450683594,313.07000732421875,176.75999450683594,123.91999816894531,64.51000213623047,353.3699951171875,277.3500061035156,18.8439998626709,48.45000076293945,291.09332275390625,205.24000549316406,50.913333892822266,90.30999755859375
2022-05-06,157.27999877929688,148.89999389648438,214.64999389648438,170.69000244140625,312.9599914550781,176.3699951171875,123.72000122070312,64.73999786376953,347.1199951171875,274.7300109863281,18.674999237060547,49.040000915527344,288.54998779296875,202.82000732421875,49.85333251953125,91.69000244140625
2022-05-09,152.05999755859375,133.30999755859375,206.2899932861328,159.25,308.8900146484375,177.3300018310547,121.86000061035156,64.61000061035156,327.989990234375,264.5799865722656,16.950000762939453,48.63999938964844,262.3699951171875,193.0,50.436668395996094,84.45999908447266
2022-05-10,154.50999450683594,132.9499969482422,202.99000549316406,160.77999877929688,305.05999755859375,177.08999633789062,118.88999938964844,64.01000213623047,325.3299865722656,269.5,17.594999313354492,49.4900016784668,266.67999267578125,193.5800018310547,49.72666549682617,85.0199966430664
2022-05-11,146.5,129.38999938964844,205.2100067138672,163.16000366210938,301.54998779296875,176.1300048828125,118.13999938964844,64.30999755859375,325.8699951171875,260.54998779296875,16.6299991607666,49.45000076293945,244.6666717529297,196.72000122070312,49.206668853759766,86.79000091552734
2022-05-12,142.55999755859375,123.13999938964844,203.02999877929688,164.7100067138672,299.4100036621094,177.8699951171875,118.04000091552734,64.51000213623047,321.239990234375,255.35000610351562,16.174999237060547,50.38999938964844,242.6666717529297,193.97000122070312,49.15999984741211,86.30000305175781
2022-05-13,147.11000061035156,127.19999694824219,204.3300018310547,167.8699951171875,306.989990234375,176.85000610351562,119.08999633789062,65.72000122070312,332.79998779296875,261.1199951171875,17.70599937438965,49.91999816894531,256.5299987792969,199.22999572753906,49.349998474121094,88.86000061035156
2022-05-16,145.5399932861328,124.05000305175781,207.19000244140625,173.00999450683594,303.44000244140625,178.0800018310547,118.26000213623047,65.95999908447266,329.7300109863281,261.5,17.263999938964844,50.66999816894531,241.4566650390625,197.80999755859375,49.4033317565918,90.94999694824219
2022-05-17,149.24000549316406,132.0500030517578,213.08999633789062,174.02999877929688,312.9700012207031,178.82000732421875,122.18000030517578,65.77999877929688,338.8599853515625,266.82000732421875,18.177000045776367,51.34000015258789,253.8699951171875,204.0,43.78333282470703,92.11000061035156
2022-05-18,140.82000732421875,125.5199966430664,207.94000244140625,168.05999755859375,306.7300109863281,175.5,120.08999633789062,61.20000076293945,335.8999938964844,254.0800018310547,16.937999725341797,50.400001525878906,236.60333251953125,199.99000549316406,40.810001373291016,90.6500015258789
2022-05-19,137.35000610351562,127.13999938964844,206.75999450683594,166.86000061035156,308.20001220703125,173.94000244140625,118.30999755859375,60.0,332.2200012207031,253.13999938964844,17.124000549316406,50.650001525878906,236.47332763671875,197.3699951171875,39.689998626708984,91.13999938964844
2022-05-20,137.58999633789062,120.69999694824219,197.82000732421875,167.82000732421875,306.79998779296875,176.97999572753906,117.33999633789062,60.97999954223633,336.17999267578125,252.55999755859375,16.694000244140625,52.470001220703125,221.3000030517578,199.02999877929688,39.733333587646484,91.86000061035156
2022-05-23,143.11000061035156,124.06999969482422,204.14999389648438,171.72000122070312,316.6099853515625,179.44000244140625,124.5999984741211,62.86000061035156,348.42999267578125,260.6499938964844,16.898000717163086,52.880001068115234,224.96665954589844,207.55999755859375,40.866668701171875,93.88999938964844
2022-05-24,140.36000061035156,119.4000015258789,205.64999389648438,172.63999938964844,313.95001220703125,181.39999389648438,126.36000061035156,64.0199966430664,340.69000244140625,259.6199951171875,16.15399932861328,53.40999984741211,209.3866729736328,202.6300048828125,41.37666702270508,94.4000015258789
2022-05-25,140.52000427246094,122.05999755859375,209.30999755859375,175.41000366210938,314.8999938964844,179.6199951171875,127.23999786376953,64.06999969482422,344.760009765625,262.5199890136719,16.975000381469727,53.709999084472656,219.60000610351562,203.83999633789062,41.12333297729492,96.30000305175781
2022-05-26,143.77999877929688,127.7300033569336,212.99000549316406,176.58999633789062,323.6300048828125,179.4600067138672,129.44000244140625,64.30000305175781,349.8900146484375,265.8999938964844,17.85099983215332,53.9900016784668,235.91000366210938,208.5500030517578,42.0,96.63999938964844
2022-05-27,149.63999938964844,132.22999572753906,217.13999938964844,178.27999877929688,328.5799865722656,181.08999633789062,131.27000427246094,64.68000030517578,357.7799987792969,273.239990234375,18.81100082397461,53.90999984741211,253.2100067138672,212.8800048828125,42.82666778564453,97.58999633789062
2022-05-31,148.83999633789062,131.39999389648438,215.85000610351562,174.66000366210938,326.8500061035156,179.52999877929688,132.22999572753906,63.380001068115234,357.8699951171875,271.8699951171875,18.672000885009766,53.040000915527344,252.75332641601562,212.1699981689453,42.87666702270508,96.0
2022-06-01,148.7100067138672,130.64999389648438,217.57000732421875,176.32000732421875,321.8500061035156,177.7100067138672,129.91000366210938,63.06999969482422,357.05999755859375,272.4200134277344,18.31999969482422,52.369998931884766,246.7899932861328,209.92999267578125,41.81666564941406,97.83999633789062
2022-06-02,151.2100067138672,140.5,220.0,176.0,324.25,177.14999389648438,132.0,63.72999954223633,363.0799865722656,274.5799865722656,19.591999053955078,52.68000030517578,258.3333435058594,215.0500030517578,42.503334045410156,97.66999816894531
2022-06-03,145.3800048828125,139.25,222.89999389648438,177.60000610351562,318.67999267578125,176.4199981689453,130.16000366210938,62.970001220703125,357.82000732421875,270.0199890136719,18.719999313354492,53.20000076293945,234.51666259765625,212.64999389648438,41.77333450317383,99.08999633789062
2022-06-06,146.13999938964844,139.24000549316406,223.6300048828125,176.8300018310547,320.510009765625,176.39999389648438,129.72999572753906,62.869998931884766,360.1400146484375,268.75,18.785999298095703,53.2599983215332,238.27999877929688,212.94000244140625,41.62333297729492,98.83999633789062
2022-06-07,148.7100067138672,140.82000732421875,227.10000610351562,180.1999969482422,321.510009765625,178.33999633789062,130.07000732421875,63.25,364.0199890136719,272.5,18.926000595092773,53.959999084472656,238.8866729736328,214.5,41.12333297729492,103.37000274658203
2022-06-08,147.9600067138672,139.6300048828125,229.8000030517578,181.1300048828125,314.67999267578125,177.27999877929688,128.0,62.88999938964844,362.3299865722656,270.4100036621094,18.648000717163086,53.470001220703125,241.86666870117188,213.5,40.766666412353516,104.58999633789062
2022-06-09,142.63999938964844,133.72999572753906,223.6699981689453,177.52000427246094,304.2200012207031,173.7100067138672,125.30999755859375,61.79999923706055,349.0,264.7900085449219,18.04800033569336,51.779998779296875,239.7066650390625,206.11000061035156,40.34000015258789,102.33000183105469
2022-06-10,137.1300048828125,127.0,215.17999267578125,175.39999389648438,287.0199890136719,172.5500030517578,119.55000305175781,61.40999984741211,334.75,252.99000549316406,16.974000930786133,49.970001220703125,232.22999572753906,199.50999450683594,40.56666564941406,100.45999908447266
2022-06-13,131.8800048828125,115.86000061035156,206.8800048828125,167.3300018310547,283.32000732421875,170.80999755859375,115.98999786376953,61.34000015258789,319.739990234375,242.25999450683594,15.647000312805176,47.90999984741211,215.73666381835938,192.25999450683594,39.8033332824707,95.8499984741211
2022-06-14,132.75999450683594,122.16000366210938,206.69000244140625,167.5500030517578,282.5400085449219,168.19000244140625,114.05999755859375,59.22999954223633,322.1400146484375,244.49000549316406,15.836000442504883,47.91999816894531,220.88999938964844,193.52000427246094,39.81999969482422,96.0999984741211
2022-06-15,135.42999267578125,133.72000122070312,206.0,164.25999450683594,290.07000732421875,169.99000549316406,115.41000366210938,59.66999816894531,325.3900146484375,251.75999450683594,16.527000427246094,48.5099983215332,233.0,196.16000366210938,39.793331146240234,94.88999938964844
2022-06-16,130.05999755859375,133.36000061035156,194.7899932861328,155.47999572753906,284.9800109863281,170.0800018310547,113.43000030517578,59.06999969482422,308.7799987792969,244.97000122070312,15.60099983215332,47.47999954223633,213.10000610351562,189.0500030517578,40.206668853759766,91.38999938964844
2022-06-17,131.55999755859375,136.8000030517578,192.63999938964844,148.3800048828125,279.7900085449219,169.4600067138672,113.02999877929688,59.43000030517578,310.69000244140625,247.64999389648438,15.880000114440918,46.529998779296875,216.75999450683594,190.00999450683594,39.43000030517578,86.12000274658203
2022-06-21,135.8699951171875,136.75,196.3699951171875,154.58999633789062,284.80999755859375,173.00999450683594,115.83000183105469,60.70000076293945,317.3999938964844,253.74000549316406,16.56599998474121,48.11000061035156,237.0366668701172,194.38999938964844,40.723331451416016,91.4800033569336
2022-06-22,135.35000610351562,137.16000366210938,187.8300018310547,147.8699951171875,284.5400085449219,175.74000549316406,115.18000030517578,61.150001525878906,316.1499938964844,253.1300048828125,16.360000610351562,49.06999969482422,236.086669921875,193.82000732421875,40.22999954223633,87.86000061035156
2022-06-23,138.27000427246094,133.97000122070312,178.6699981689453,142.42999267578125,286.1700134277344,179.66000366210938,113.91999816894531,61.880001068115234,316.760009765625,258.8599853515625,16.225000381469727,50.09000015258789,235.07000732421875,196.63999938964844,41.206668853759766,85.20999908447266
2022-06-24,141.66000366210938,141.52999877929688,185.49000549316406,144.77000427246094,302.75,182.2899932861328,117.31999969482422,63.040000915527344,330.5,267.70001220703125,17.125999450683594,51.59000015258789,245.7066650390625,205.50999450683594,41.2400016784668,86.9000015258789
2022-06-27,141.66000366210938,138.72000122070312,187.58999633789062,147.57000732421875,300.7799987792969,182.1199951171875,116.37999725341797,62.90999984741211,328.8299865722656,264.8900146484375,16.868999481201172,51.880001068115234,244.9199981689453,203.55999755859375,41.37333297729492,89.02999877929688
2022-06-28,137.44000244140625,138.6999969482422,187.44000244140625,149.94000244140625,299.489990234375,176.94000244140625,115.81999969482422,62.279998779296875,318.2900085449219,256.4800109863281,15.982000350952148,50.65999984741211,232.663330078125,198.1199951171875,40.790000915527344,91.5
2022-06-29,139.22999572753906,138.4499969482422,183.47999572753906,146.97999572753906,303.2799987792969,176.99000549316406,115.30000305175781,62.72999954223633,322.5899963378906,260.260009765625,15.541999816894531,50.939998626708984,228.49000549316406,199.5,40.63999938964844,88.12000274658203
2022-06-30,136.72000122070312,136.72000122070312,178.75999450683594,144.77999877929688,297.0199890136719,177.50999450683594,112.61000061035156,62.90999984741211,315.4800109863281,256.8299865722656,15.159000396728516,52.43000030517578,224.47332763671875,196.88999938964844,40.526668548583984,85.63999938964844
2022-07-01,138.92999267578125,139.83999633789062,178.2899932861328,146.50999450683594,299.2300109863281,179.52000427246094,114.05000305175781,64.37999725341797,318.239990234375,259.5799865722656,14.52299976348877,52.310001373291016,227.26333618164062,199.17999267578125,40.87666702270508,87.55000305175781
2022-07-05,141.55999755859375,137.6999969482422,173.75999450683594,142.66000366210938,297.20001220703125,178.13999938964844,112.62000274658203,63.279998779296875,319.260009765625,262.8500061035156,14.96399974822998,51.63999938964844,233.06666564941406,200.5399932861328,41.41666793823242,84.80999755859375
2022-07-06,142.9199981689453,136.30999755859375,172.30999755859375,140.77999877929688,293.760009765625,178.3000030517578,111.88999938964844,63.40999984741211,320.1700134277344,266.2099914550781,15.130000114440918,52.75,231.73333740234375,201.1199951171875,41.709999084472656,83.27999877929688
2022-07-07,146.35000610351562,139.97000122070312,180.27999877929688,143.52000427246094,298.6000061035156,178.5,114.72000122070312,62.90999984741211,324.07000732421875,268.3999938964844,15.857999801635742,53.41999816894531,244.5433349609375,202.8000030517578,41.77333450317383,85.94000244140625
2022-07-08,147.0399932861328,139.07000732421875,179.10000610351562,142.77000427246094,296.4700012207031,178.27999877929688,114.36000061035156,63.13999938964844,323.05999755859375,267.6600036621094,15.838000297546387,53.16999816894531,250.76333618164062,203.57000732421875,41.79999923706055,86.08000183105469
2022-07-11,144.8699951171875,136.99000549316406,175.02000427246094,141.50999450683594,293.17999267578125,178.35000610351562,112.86000061035156,62.939998626708984,324.19000244140625,264.510009765625,15.152000427246094,52.88999938964844,234.3433380126953,205.05999755859375,41.81666564941406,85.63999938964844
2022-07-12,145.86000061035156,147.14999389648438,174.49000549316406,138.9199981689453,292.5299987792969,175.85000610351562,112.97000122070312,62.66999816894531,322.8599853515625,253.6699981689453,15.081999778747559,52.040000915527344,233.07000732421875,204.82000732421875,41.689998626708984,84.5
2022-07-13,145.49000549316406,143.9499969482422,173.8699951171875,137.99000549316406,290.1499938964844,175.44000244140625,111.91000366210938,62.380001068115234,323.3699951171875,252.72000122070312,15.163999557495117,51.790000915527344,237.0399932861328,204.14999389648438,41.790000915527344,84.83999633789062
2022-07-14,148.47000122070312,147.14999389648438,169.94000244140625,135.94000244140625,281.5899963378906,175.67999267578125,108.0,62.18000030517578,325.0299987792969,254.0800018310547,15.371999740600586,51.38999938964844,238.31333923339844,205.91000366210938,42.606666564941406,83.13999938964844
2022-07-15,150.1699981689453,147.74000549316406,173.3800048828125,137.64999389648438,293.8699951171875,178.22999572753906,112.94999694824219,62.5,332.57000732421875,256.7200012207031,15.76200008392334,51.75,240.06666564941406,210.0399932861328,43.02333450317383,84.54000091552734
2022-07-18,147.07000732421875,147.72000122070312,173.49000549316406,139.5800018310547,301.260009765625,174.22999572753906,111.79000091552734,61.650001525878906,331.010009765625,254.25,16.10099983215332,50.75,240.54666137695312,207.2100067138672,42.92333221435547,86.0999984741211
2022-07-19,151.0,156.1300048828125,179.49000549316406,144.61000061035156,318.04998779296875,171.69000244140625,114.55999755859375,62.529998779296875,340.3800048828125,259.5299987792969,16.992000579833984,51.369998931884766,245.52999877929688,213.66000366210938,43.186668395996094,88.2699966430664
2022-07-20,153.0399932861328,158.3800048828125,179.97000122070312,146.52000427246094,321.45001220703125,170.7100067138672,114.54000091552734,61.5,341.2699890136719,262.2699890136719,17.80699920654297,50.81999969482422,247.5,213.3699951171875,43.54666519165039,89.23999786376953
2022-07-21,155.35000610351562,161.41000366210938,180.99000549316406,145.39999389648438,326.5400085449219,171.30999755859375,115.31999969482422,61.36000061035156,346.9200134277344,264.8399963378906,18.049999237060547,51.119998931884766,271.7066650390625,216.19000244140625,44.18333435058594,87.75
2022-07-22,154.08999633789062,158.16000366210938,178.6199951171875,144.19000244140625,323.92999267578125,172.1199951171875,114.76000213623047,61.59000015258789,343.8800048828125,260.3599853515625,17.319000244140625,51.22999954223633,272.24334716796875,213.6999969482422,44.06999969482422,87.08000183105469
2022-07-25,152.9499969482422,156.63999938964844,181.80999755859375,148.47999572753906,324.1199951171875,172.4600067138672,115.22000122070312,62.189998626708984,344.2099914550781,258.8299865722656,17.02400016784668,51.77000045776367,268.4333190917969,214.27000427246094,44.00666809082031,89.9800033569336
2022-07-26,151.60000610351562,155.9199981689453,181.22999572753906,147.32000732421875,318.54998779296875,173.67999267578125,113.41999816894531,63.209999084472656,341.2799987792969,251.89999389648438,16.533000946044922,52.29999923706055,258.8599853515625,212.49000549316406,40.65999984741211,89.62999725341797
2022-07-27,156.7899932861328,156.08999633789062,185.25,149.25999450683594,324.5400085449219,173.1999969482422,115.23999786376953,63.0099983215332,343.2699890136719,268.739990234375,17.790000915527344,51.95000076293945,274.82000732421875,210.47000122070312,42.1966667175293,91.56999969482422
2022-07-28,157.35000610351562,159.08999633789062,187.83999633789062,150.38999938964844,329.1099853515625,174.1999969482422,114.80999755859375,64.05999755859375,352.45001220703125,276.4100036621094,17.983999252319336,50.720001220703125,280.8999938964844,211.35000610351562,43.25,92.63999938964844
2022-07-29,162.50999450683594,159.30999755859375,198.25,163.77999877929688,333.3900146484375,174.52000427246094,115.36000061035156,64.16999816894531,353.7900085449219,280.739990234375,18.163000106811523,50.5099983215332,297.1499938964844,212.11000061035156,44.016666412353516,96.93000030517578
2022-08-01,161.50999450683594,169.07000732421875,194.86000061035156,160.50999450683594,332.0799865722656,173.91000366210938,114.20999908447266,64.5199966430664,350.5400085449219,278.010009765625,18.44099998474121,50.61000061035156,297.27667236328125,211.36000061035156,44.18000030517578,94.4800033569336
2022-08-02,160.00999450683594,163.27999877929688,183.50999450683594,159.13999938964844,327.8800048828125,172.9199981689453,112.43000030517578,63.63999938964844,349.010009765625,274.82000732421875,18.525999069213867,49.689998626708984,300.586669921875,206.25999450683594,44.22666549682617,94.06999969482422
2022-08-03,166.1300048828125,166.63999938964844,182.8699951171875,155.36000061035156,333.1700134277344,174.58999633789062,113.61000061035156,63.91999816894531,354.1300048828125,282.4700012207031,18.89299964904785,49.86000061035156,307.39666748046875,208.47999572753906,43.5,91.0199966430664
2022-08-04,165.80999755859375,166.5,183.63999938964844,151.13999938964844,331.8699951171875,171.7899932861328,112.36000061035156,63.66999816894531,356.07000732421875,283.6499938964844,19.21500015258789,49.86000061035156,308.6333312988281,213.47000122070312,41.856666564941406,87.19000244140625
2022-08-05,165.35000610351562,165.0399932861328,185.38999938964844,153.63999938964844,334.6700134277344,171.11000061035156,115.76000213623047,63.380001068115234,357.510009765625,282.9100036621094,18.98900032043457,49.27000045776367,288.1700134277344,215.8699951171875,42.19333267211914,88.44999694824219
2022-08-08,164.8699951171875,165.88999938964844,185.80999755859375,153.41000366210938,334.67999267578125,170.1999969482422,114.3499984741211,62.970001220703125,352.1600036621094,280.32000732421875,17.792999267578125,49.56999969482422,290.42333984375,213.32000732421875,42.53666687011719,88.94999694824219
2022-08-09,164.9199981689453,164.85000610351562,186.02999877929688,155.41000366210938,336.6199951171875,170.17999267578125,115.37999725341797,63.04999923706055,346.5400085449219,282.29998779296875,17.086000442504883,49.779998779296875,283.3333435058594,210.25999450683594,42.956668853759766,90.58999633789062
2022-08-10,169.24000549316406,169.02000427246094,190.72000122070312,155.82000732421875,347.9100036621094,170.6699981689453,118.38999938964844,63.650001525878906,353.3800048828125,289.1600036621094,18.097000122070312,49.95000076293945,294.3566589355469,212.10000610351562,43.04666519165039,91.44999694824219
2022-08-11,168.49000549316406,167.8800048828125,194.0,159.6199951171875,351.67999267578125,167.13999938964844,120.13999938964844,63.220001220703125,350.5799865722656,287.0199890136719,17.941999435424805,48.290000915527344,286.6300048828125,211.0800018310547,43.27333450317383,93.19000244140625
2022-08-12,172.10000610351562,169.99000549316406,196.83999633789062,159.85000610351562,353.82000732421875,165.3000030517578,122.12999725341797,63.70000076293945,354.2699890136719,291.9100036621094,18.708999633789062,50.11000061035156,300.0299987792969,211.3300018310547,44.073333740234375,94.0
2022-08-15,173.19000244140625,170.47000122070312,195.9499969482422,156.80999755859375,355.8500061035156,166.08999633789062,122.45999908447266,64.5,359.95001220703125,293.4700012207031,19.031999588012695,49.75,309.32000732421875,216.4199981689453,44.20000076293945,92.31999969482422
2022-08-16,173.02999877929688,172.0800018310547,197.52000427246094,156.41000366210938,354.9700012207031,167.57000732421875,123.62999725341797,65.02999877929688,359.25,292.7099914550781,18.878999710083008,49.86000061035156,306.5633239746094,217.13999938964844,46.456668853759766,91.45999908447266
2022-08-17,174.5500030517578,167.1999969482422,195.92999267578125,157.6999969482422,353.739990234375,167.5800018310547,122.58999633789062,64.87999725341797,355.3299865722656,291.32000732421875,18.334999084472656,49.27000045776367,303.9966735839844,214.52000427246094,46.50666809082031,92.19999694824219
2022-08-18,174.14999389648438,168.69000244140625,197.35000610351562,159.02000427246094,354.5199890136719,166.77000427246094,121.63999938964844,65.22000122070312,357.3599853515625,290.1700134277344,18.773000717163086,48.58000183105469,302.8699951171875,215.25,46.356666564941406,94.37999725341797
2022-08-19,171.52000427246094,162.9199981689453,195.60000610351562,157.69000244140625,349.2699890136719,169.30999755859375,118.62999725341797,65.16999816894531,354.2799987792969,286.1499938964844,17.849000930786133,49.150001525878906,296.6666564941406,212.82000732421875,45.67333221435547,94.08000183105469
2022-08-22,167.57000732421875,158.97999572753906,191.75999450683594,156.89999389648438,342.4200134277344,167.58999633789062,116.66999816894531,64.19999694824219,345.510009765625,277.75,17.034000396728516,48.900001525878906,289.913330078125,208.61000061035156,44.856666564941406,94.01000213623047
2022-08-23,167.22999572753906,160.07000732421875,197.2100067138672,161.99000549316406,340.17999267578125,166.1300048828125,115.5199966430664,64.2699966430664,340.8900146484375,276.44000244140625,17.180999755859375,48.0099983215332,296.4533386230469,206.8000030517578,44.66666793823242,98.0
2022-08-24,167.52999877929688,163.60000610351562,194.16000366210938,163.19000244140625,341.94000244140625,165.5800018310547,115.80000305175781,64.36000061035156,339.7099914550781,275.7900085449219,17.222000122070312,47.43000030517578,297.0966796875,206.6699981689453,44.9900016784668,98.58000183105469
2022-08-25,170.02999877929688,169.3800048828125,198.8800048828125,164.6199951171875,346.489990234375,167.1300048828125,118.55000305175781,64.66999816894531,344.6700134277344,278.8500061035156,17.913000106811523,47.900001525878906,296.07000732421875,209.82000732421875,45.290000915527344,99.08999633789062
2022-08-26,163.6199951171875,164.52999877929688,191.9199981689453,163.41000366210938,336.3999938964844,164.27000427246094,114.66999816894531,63.11000061035156,331.9599914550781,268.0899963378906,16.260000228881836,46.81999969482422,288.0899963378906,202.88999938964844,43.866668701171875,97.87000274658203
2022-08-29,161.3800048828125,165.4199981689453,191.77999877929688,164.6300048828125,333.9200134277344,163.0,114.38999938964844,62.72999954223633,329.3500061035156,265.2300109863281,15.800999641418457,46.22999954223633,284.82000732421875,202.3300018310547,44.293331146240234,100.12000274658203
2022-08-30,158.91000366210938,162.2100067138672,186.94000244140625,160.6199951171875,333.6300048828125,162.42999267578125,114.41000366210938,62.150001525878906,327.80999755859375,262.9700012207031,15.468000411987305,45.849998474121094,277.70001220703125,201.3800048828125,44.15999984741211,96.30999755859375
2022-08-31,157.22000122070312,160.25,184.7100067138672,158.05999755859375,332.6700134277344,161.33999633789062,113.7300033569336,61.709999084472656,324.3699951171875,261.4700012207031,15.093999862670898,45.22999954223633,275.6099853515625,198.7100067138672,44.18333435058594,95.58999633789062
2022-09-01,157.9600067138672,153.66000366210938,182.44000244140625,155.5399932861328,333.5,165.33999633789062,114.51000213623047,62.0,325.25,260.3999938964844,13.937000274658203,46.630001068115234,277.1600036621094,200.1300048828125,44.82666778564453,93.87000274658203
2022-09-02,155.80999755859375,151.82000732421875,180.8300018310547,157.85000610351562,331.4800109863281,162.74000549316406,113.70999908447266,61.150001525878906,322.55999755859375,256.05999755859375,13.647000312805176,45.70000076293945,270.2099914550781,197.75999450683594,44.33333206176758,95.58999633789062
2022-09-06,154.52999877929688,152.38999938964844,180.66000366210938,157.1199951171875,326.489990234375,163.17999267578125,113.73999786376953,61.18000030517578,324.0799865722656,253.25,13.46500015258789,45.7599983215332,274.4200134277344,198.63999938964844,44.11333465576172,94.94999694824219
2022-09-07,155.9600067138672,155.9499969482422,180.86000061035156,155.11000061035156,330.55999755859375,164.07000732421875,115.9000015258789,62.310001373291016,328.6199951171875,258.0899963378906,13.71399974822998,46.130001068115234,283.70001220703125,200.4199981689453,45.246665954589844,94.13999938964844
2022-09-08,154.4600067138672,157.7899932861328,183.14999389648438,155.9499969482422,335.3800048828125,165.38999938964844,118.5999984741211,62.119998931884766,330.07000732421875,258.5199890136719,13.989999771118164,47.08000183105469,289.260009765625,200.7100067138672,45.47666549682617,94.91000366210938
2022-09-09,157.3699951171875,157.52000427246094,189.49000549316406,159.97000122070312,340.1000061035156,165.7100067138672,119.16999816894531,62.31999969482422,335.8500061035156,264.4599914550781,14.38700008392334,47.84000015258789,299.67999267578125,205.1999969482422,45.61333465576172,96.5
2022-09-12,163.42999267578125,158.72000122070312,192.39999389648438,162.5,342.5799865722656,165.63999938964844,120.58000183105469,62.5,338.4200134277344,266.6499938964844,14.505000114440918,47.7599983215332,304.4200134277344,206.6300048828125,46.02333450317383,97.61000061035156
2022-09-13,153.83999633789062,147.30999755859375,184.30999755859375,159.41000366210938,328.3900146484375,161.3300018310547,116.38999938964844,60.470001220703125,325.44000244140625,251.99000549316406,13.130999565124512,46.189998626708984,292.1300048828125,199.6699981689453,45.073333740234375,95.33000183105469
2022-09-14,155.30999755859375,149.25999450683594,184.64999389648438,163.27000427246094,327.260009765625,164.66000366210938,116.12000274658203,60.790000915527344,325.8500061035156,252.22000122070312,13.128000259399414,46.150001525878906,302.6099853515625,199.41000366210938,44.973331451416016,97.66999816894531
2022-09-15,152.3699951171875,149.77999877929688,182.49000549316406,160.6199951171875,331.6199951171875,165.0800018310547,117.87000274658203,59.529998779296875,316.9599914550781,245.3800048828125,12.928999900817871,45.939998626708984,303.75,195.3699951171875,44.4900016784668,94.83000183105469
2022-09-16,150.6999969482422,144.2899932861328,179.47000122070312,156.4499969482422,326.2099914550781,167.60000610351562,117.08000183105469,59.540000915527344,315.1300048828125,244.74000549316406,13.197999954223633,46.029998779296875,303.3500061035156,193.3000030517578,44.39666748046875,93.20999908447266
2022-09-19,154.47999572753906,144.8800048828125,182.11000061035156,156.89999389648438,328.6600036621094,166.27999877929688,118.16000366210938,59.9900016784668,314.0299987792969,244.52000427246094,13.381999969482422,45.439998626708984,309.07000732421875,193.1300048828125,44.776668548583984,93.19999694824219
2022-09-20,156.89999389648438,145.94000244140625,177.99000549316406,156.27999877929688,323.260009765625,164.97000122070312,115.83000183105469,59.900001525878906,313.2699890136719,242.4499969482422,13.175999641418457,44.77000045776367,308.7300109863281,192.07000732421875,44.516666412353516,92.44000244140625
2022-09-21,153.72000122070312,143.2899932861328,171.9499969482422,155.00999450683594,320.7099914550781,163.27999877929688,112.48999786376953,59.400001525878906,304.5,238.9499969482422,13.26099967956543,43.91999816894531,300.79998779296875,187.02000427246094,44.92333221435547,90.94999694824219
2022-09-22,152.74000549316406,138.7100067138672,170.5500030517578,154.88999938964844,312.9200134277344,166.17999267578125,111.20999908447266,59.2599983215332,298.3599853515625,240.97999572753906,12.560999870300293,44.56999969482422,288.5899963378906,185.7899932861328,44.46333312988281,90.56999969482422
2022-09-23,150.42999267578125,131.25999450683594,164.24000549316406,144.77000427246094,301.9700012207031,166.72000122070312,109.13999938964844,58.599998474121094,293.5799865722656,237.9199981689453,12.515999794006348,44.08000183105469,275.3299865722656,183.9600067138672,43.35333251953125,85.75
2022-09-26,150.77000427246094,127.33999633789062,162.6199951171875,140.9600067138672,294.6199951171875,165.6999969482422,106.79000091552734,57.869998931884766,290.1099853515625,237.4499969482422,12.227999687194824,43.83000183105469,276.010009765625,180.58999633789062,43.77000045776367,83.9800033569336
2022-09-27,151.75999450683594,127.51000213623047,162.44000244140625,141.02000427246094,291.3800048828125,164.94000244140625,105.8499984741211,56.380001068115234,286.4800109863281,236.41000366210938,12.413000106811523,44.09000015258789,282.94000244140625,177.8699951171875,43.650001525878906,85.73999786376953
2022-09-28,149.83999633789062,133.44000244140625,167.75999450683594,145.77999877929688,300.7900085449219,166.36000061035156,107.98999786376953,56.97999954223633,290.17999267578125,241.07000732421875,12.736000061035156,44.43000030517578,287.80999755859375,179.17999267578125,44.369998931884766,88.86000061035156
2022-09-29,142.47999572753906,125.33000183105469,165.89999389648438,144.77000427246094,296.1099853515625,164.52999877929688,106.16000366210938,56.56999969482422,286.7699890136719,237.5,12.220000267028809,44.15999984741211,268.2099914550781,180.05999755859375,44.08333206176758,88.68000030517578
2022-09-30,138.1999969482422,121.08000183105469,164.0800018310547,143.6699981689453,293.04998779296875,163.36000061035156,104.5,56.02000045776367,284.3399963378906,232.89999389648438,12.138999938964844,43.7599983215332,265.25,177.64999389648438,43.233333587646484,87.30999755859375
2022-10-03,142.4499969482422,126.05000305175781,171.22999572753906,151.72999572753906,299.1499938964844,163.1999969482422,107.7300033569336,56.650001525878906,290.4800109863281,240.74000549316406,12.51200008392334,44.13999938964844,242.39999389648438,181.64999389648438,44.176666259765625,91.91999816894531
2022-10-04,146.10000610351562,133.50999450683594,179.6300048828125,157.6300048828125,314.8699951171875,165.6199951171875,112.7699966430664,56.779998779296875,301.2699890136719,248.8800048828125,13.166999816894531,44.459999084472656,249.44000244140625,185.64999389648438,44.75,95.2699966430664
2022-10-05,146.39999389648438,132.11000061035156,178.3800048828125,158.52999877929688,309.0,165.11000061035156,110.38999938964844,56.2400016784668,304.20001220703125,249.1999969482422,13.208999633789062,44.119998931884766,240.80999755859375,187.6699981689453,44.30666732788086,99.12000274658203
2022-10-06,145.42999267578125,132.1999969482422,178.80999755859375,161.4199981689453,304.6700134277344,161.91000366210938,108.13999938964844,55.029998779296875,299.2300109863281,246.7899932861328,13.130000114440918,43.09000015258789,238.1300048828125,185.58999633789062,43.893333435058594,102.05999755859375
2022-10-07,140.08999633789062,129.7899932861328,177.5500030517578,160.02999877929688,301.0799865722656,160.1999969482422,105.9800033569336,54.5099983215332,294.9700012207031,234.24000549316406,12.076000213623047,42.31999969482422,223.07000732421875,183.8300018310547,42.85333251953125,101.02999877929688
2022-10-10,140.4199981689453,131.89999389648438,178.6699981689453,157.13999938964844,300.5400085449219,160.41000366210938,104.98999786376953,54.38999938964844,291.7799987792969,229.25,11.670000076293945,41.75,222.9600067138672,182.17999267578125,43.106666564941406,98.83999633789062
2022-10-11,138.97999572753906,131.57000732421875,179.75,157.1699981689453,294.2099914550781,162.72999572753906,101.95999908447266,54.47999954223633,286.04998779296875,225.41000366210938,11.586000442504883,41.91999816894531,216.5,179.13999938964844,44.223331451416016,98.0
2022-10-12,138.33999633789062,130.4199981689453,179.5,157.63999938964844,295.30999755859375,162.69000244140625,103.61000061035156,55.13999938964844,283.3800048828125,225.75,11.5,42.029998779296875,217.24000549316406,178.24000549316406,43.723331451416016,98.43000030517578
2022-10-13,142.99000549316406,132.39999389648438,183.13999938964844,165.27999877929688,307.07000732421875,165.14999389648438,109.37000274658203,55.869998931884766,293.9599914550781,234.24000549316406,11.960000038146973,42.97999954223633,221.72000122070312,184.66000366210938,44.09333419799805,101.87000274658203
2022-10-14,138.3800048828125,133.14999389648438,178.19000244140625,160.13999938964844,299.989990234375,164.4600067138672,111.19000244140625,54.97999954223633,288.69000244140625,228.55999755859375,11.22700023651123,42.86000061035156,204.99000549316406,182.6199951171875,43.47666549682617,99.19000244140625
2022-10-17,142.41000366210938,136.08999633789062,180.8000030517578,161.30999755859375,306.7099914550781,166.58999633789062,115.86000061035156,55.689998626708984,295.0400085449219,237.52999877929688,11.887999534606934,43.650001525878906,219.35000610351562,185.25,43.790000915527344,100.62000274658203
2022-10-18,143.75,137.33999633789062,183.5500030517578,162.72000122070312,313.8500061035156,166.00999450683594,118.83999633789062,56.439998626708984,300.3800048828125,238.5,11.967000007629395,44.09000015258789,220.19000244140625,187.1699981689453,44.71333312988281,100.80000305175781
2022-10-19,143.86000061035156,138.38999938964844,184.41000366210938,168.0,311.760009765625,164.69000244140625,116.51000213623047,55.959999084472656,297.760009765625,236.47999572753906,12.050999641418457,43.11000061035156,222.0399932861328,186.41000366210938,44.586666107177734,103.79000091552734
2022-10-20,143.38999938964844,139.1300048828125,180.5399932861328,168.9600067138672,310.80999755859375,165.11000061035156,116.12999725341797,55.08000183105469,296.2799987792969,236.14999389648438,12.194000244140625,42.90999984741211,207.27999877929688,187.22000122070312,44.6966667175293,103.93000030517578
2022-10-21,147.27000427246094,141.32000732421875,190.22000122070312,173.19000244140625,325.1000061035156,168.7100067138672,122.2300033569336,55.959999084472656,302.3699951171875,242.1199951171875,12.465999603271484,44.95000076293945,214.44000244140625,190.3699951171875,45.599998474121094,105.86000061035156
2022-10-24,149.4499969482422,142.0500030517578,191.3000030517578,173.1300048828125,328.70001220703125,170.97999572753906,122.37999725341797,57.56999969482422,305.6000061035156,247.25,12.598999977111816,45.540000915527344,211.25,190.7100067138672,46.470001220703125,106.5999984741211
2022-10-25,152.33999633789062,146.64999389648438,194.83999633789062,174.92999267578125,332.3999938964844,170.7100067138672,122.69999694824219,58.95000076293945,311.4100036621094,250.66000366210938,13.26099967956543,45.59000015258789,222.4199981689453,194.3800048828125,46.689998626708984,105.87999725341797
2022-10-26,149.35000610351562,133.7899932861328,196.9600067138672,177.08999633789062,335.69000244140625,172.2100067138672,124.11000061035156,59.38999938964844,319.510009765625,231.32000732421875,12.895999908447266,46.060001373291016,224.63999938964844,203.3300018310547,47.04666519165039,107.13999938964844
2022-10-27,144.8000030517578,139.75999450683594,212.13999938964844,177.89999389648438,337.17999267578125,172.30999755859375,124.5999984741211,59.529998779296875,319.3699951171875,226.75,13.175999641418457,45.7400016784668,225.08999633789062,204.2899932861328,46.90999984741211,107.55000305175781
2022-10-28,155.74000549316406,143.83999633789062,219.33999633789062,179.97999572753906,341.82000732421875,174.8699951171875,126.08000183105469,60.7599983215332,329.4700012207031,235.8699951171875,13.833999633789062,47.43000030517578,228.52000427246094,209.33999633789062,47.503334045410156,110.69999694824219
2022-10-31,153.33999633789062,142.50999450683594,216.4600067138672,180.89999389648438,344.510009765625,173.97000122070312,125.87999725341797,59.849998474121094,328.17999267578125,232.1300048828125,13.496999740600586,46.54999923706055,227.5399932861328,207.16000366210938,47.44333267211914,110.80999755859375
2022-11-01,150.64999389648438,143.3800048828125,218.5,182.22000122070312,348.5799865722656,173.08999633789062,128.14999389648438,59.63999938964844,333.19000244140625,228.1699981689453,13.543000221252441,48.0099983215332,227.82000732421875,206.92999267578125,47.22999954223633,111.91000366210938
2022-11-02,145.02999877929688,147.41000366210938,214.5399932861328,178.5,349.7900085449219,170.42999267578125,126.97000122070312,58.810001373291016,319.82000732421875,220.10000610351562,13.218999862670898,47.06999969482422,214.97999572753906,200.9499969482422,46.91666793823242,109.61000061035156
2022-11-03,138.8800048828125,156.75,219.25999450683594,181.1300048828125,348.8699951171875,170.72000122070312,127.19999694824219,58.779998779296875,309.1700134277344,214.25,13.420999526977539,46.56999969482422,215.30999755859375,194.75,46.90666580200195,111.0999984741211
2022-11-04,138.3800048828125,160.00999450683594,227.85000610351562,183.4199981689453,357.9100036621094,171.47999572753906,130.67999267578125,59.2599983215332,318.3699951171875,221.38999938964844,14.156000137329102,47.220001220703125,207.47000122070312,196.97999572753906,46.9900016784668,112.30999755859375
2022-11-07,138.9199981689453,164.91000366210938,228.61000061035156,185.61000061035156,362.55999755859375,172.97999572753906,131.3699951171875,59.4900016784668,325.1300048828125,227.8699951171875,14.300999641418457,47.09000015258789,197.0800018310547,200.10000610351562,47.483333587646484,113.63999938964844
2022-11-08,139.5,169.6199951171875,229.80999755859375,185.33999633789062,364.0199890136719,173.83999633789062,131.4499969482422,59.599998474121094,325.75,228.8699951171875,14.60200023651123,47.349998474121094,191.3000030517578,201.77999877929688,47.5966682434082,114.0
2022-11-09,134.8699951171875,168.74000549316406,225.5399932861328,177.92999267578125,362.0,172.4499969482422,129.74000549316406,58.77000045776367,315.6400146484375,224.50999450683594,13.776000022888184,46.720001220703125,177.58999633789062,193.92999267578125,46.4900016784668,108.9000015258789
2022-11-10,146.8699951171875,177.5800018310547,232.4499969482422,181.3000030517578,378.30999755859375,174.47000122070312,135.0800018310547,60.880001068115234,337.2699890136719,242.97999572753906,15.75,47.380001068115234,190.72000122070312,205.57000732421875,47.45333480834961,110.5
2022-11-11,149.6999969482422,177.49000549316406,236.49000549316406,186.4600067138672,385.1700134277344,169.25,135.3000030517578,61.31999969482422,339.2900085449219,247.11000061035156,16.32699966430664,47.599998474121094,195.97000122070312,205.0,47.526668548583984,113.94999694824219
2022-11-14,148.27999877929688,173.5500030517578,236.5,186.5500030517578,382.3599853515625,171.91000366210938,133.91000366210938,60.72999954223633,339.3699951171875,241.5500030517578,16.295000076293945,49.2400016784668,190.9499969482422,206.86000061035156,46.130001068115234,113.37000274658203
2022-11-15,150.0399932861328,175.35000610351562,234.58999633789062,188.0500030517578,382.8800048828125,172.38999938964844,132.94000244140625,60.630001068115234,343.510009765625,241.97000122070312,16.666000366210938,48.56999969482422,194.4199981689453,209.99000549316406,49.14666748046875,114.12999725341797
2022-11-16,148.7899932861328,172.69000244140625,232.4199981689453,184.99000549316406,382.3299865722656,173.4600067138672,133.1199951171875,60.52000045776367,342.760009765625,241.72999572753906,15.90999984741211,48.04999923706055,186.9199981689453,210.13999938964844,49.5,112.91000366210938
2022-11-17,150.72000122070312,172.77999877929688,230.44000244140625,184.08999633789062,379.7799987792969,174.86000061035156,132.5399932861328,60.709999084472656,341.2699890136719,241.67999267578125,15.677000045776367,48.33000183105469,183.1699981689453,210.99000549316406,49.33333206176758,113.05999755859375
2022-11-18,151.2899932861328,173.88999938964844,231.42999267578125,182.99000549316406,379.20001220703125,176.1999969482422,133.83999633789062,61.13999938964844,343.69000244140625,241.22000122070312,15.409000396728516,48.22999954223633,180.19000244140625,210.8000030517578,50.07666778564453,112.08000183105469
2022-11-21,148.00999450683594,172.94000244140625,232.1699981689453,181.24000549316406,380.2099914550781,175.97000122070312,133.0500030517578,62.08000183105469,338.25,242.0500030517578,15.317000389099121,48.18000030517578,167.8699951171875,206.32000732421875,50.383331298828125,110.97000122070312
2022-11-22,150.17999267578125,172.5,237.25999450683594,185.88999938964844,383.8699951171875,176.82000732421875,135.0399932861328,62.349998474121094,344.9599914550781,245.02999877929688,16.038000106811523,49.08000183105469,169.91000366210938,210.3300018310547,50.563331604003906,114.18000030517578
2022-11-23,151.07000732421875,174.85000610351562,236.9199981689453,184.24000549316406,386.25,177.00999450683594,136.47999572753906,62.630001068115234,348.6400146484375,247.5800018310547,16.518999099731445,48.849998474121094,183.1999969482422,211.72999572753906,50.80666732788086,113.61000061035156
2022-11-25,148.11000061035156,178.36000061035156,235.6999969482422,183.6999969482422,388.8599853515625,177.24000549316406,136.74000549316406,62.689998626708984,351.2900085449219,247.49000549316406,16.270000457763672,49.209999084472656,182.86000061035156,213.7899932861328,51.02333450317383,113.20999908447266
2022-11-28,144.22000122070312,171.8300018310547,232.3000030517578,178.36000061035156,382.3599853515625,177.3300018310547,134.35000610351562,62.70000076293945,344.5899963378906,241.75999450683594,15.82699966430664,49.56999969482422,182.9199981689453,211.25999450683594,51.16999816894531,109.80999755859375
2022-11-29,141.1699981689453,175.32000732421875,235.1199951171875,181.02999877929688,383.7099914550781,176.08999633789062,136.55999755859375,62.47999954223633,343.1300048828125,240.3300018310547,15.638999938964844,49.4900016784668,180.8300018310547,209.05999755859375,50.9900016784668,110.54000091552734
2022-11-30,148.02999877929688,178.8800048828125,236.41000366210938,183.30999755859375,386.1499938964844,178.0,138.17999267578125,63.61000061035156,356.3999938964844,255.13999938964844,16.92300033569336,50.130001068115234,194.6999969482422,217.0,50.80666732788086,111.33999633789062
2022-12-01,148.30999755859375,175.77999877929688,235.69000244140625,182.49000549316406,383.80999755859375,178.74000549316406,136.24000549316406,63.790000915527344,360.79998779296875,254.69000244140625,17.135000228881836,51.08000183105469,194.6999969482422,217.0,51.12333297729492,110.80000305175781
2022-12-02,147.80999755859375,182.8699951171875,236.1300048828125,181.02999877929688,380.5799865722656,178.8800048828125,135.16000366210938,64.3499984741211,360.05999755859375,255.02000427246094,16.875999450683594,50.90999984741211,194.86000061035156,217.66000366210938,51.073333740234375,109.86000061035156
2022-12-05,146.6300048828125,185.10000610351562,232.57000732421875,176.55999755859375,371.5400085449219,178.77999877929688,131.3699951171875,63.470001220703125,356.0899963378906,250.1999969482422,16.610000610351562,50.72999954223633,182.4499969482422,213.67999267578125,50.54999923706055,106.8499984741211
2022-12-06,142.91000366210938,178.42999267578125,228.2899932861328,172.00999450683594,362.9100036621094,176.10000610351562,131.58999633789062,63.439998626708984,347.5299987792969,245.1199951171875,15.987000465393066,49.709999084472656,179.82000732421875,209.0800018310547,49.96333312988281,103.87999725341797
2022-12-07,140.94000244140625,176.5,228.97999572753906,172.52000427246094,359.9200134277344,177.1699981689453,131.5,63.540000915527344,347.4200134277344,244.3699951171875,16.1200008392334,50.2400016784668,174.0399932861328,207.80999755859375,49.70333480834961,103.6500015258789
2022-12-08,142.64999389648438,179.0800018310547,230.9199981689453,173.5399932861328,358.0799865722656,177.1999969482422,132.8800048828125,63.810001373291016,351.1700134277344,247.39999389648438,17.16900062561035,51.779998779296875,173.44000244140625,209.10000610351562,49.59333419799805,104.41999816894531
2022-12-09,142.16000366210938,179.5399932861328,227.2899932861328,168.0,359.1400146484375,175.74000549316406,132.16000366210938,63.13999938964844,348.8299865722656,245.4199981689453,17.000999450683594,51.720001220703125,179.0500030517578,208.6999969482422,48.436668395996094,103.54000091552734
2022-12-12,144.49000549316406,186.27000427246094,233.05999755859375,169.75,363.17999267578125,177.83999633789062,134.2100067138672,63.970001220703125,358.1700134277344,252.50999450683594,17.53499984741211,52.15999984741211,167.82000732421875,214.58999633789062,49.34000015258789,106.08999633789062
2022-12-13,145.47000122070312,187.1300048828125,235.49000549316406,173.52999877929688,368.69000244140625,179.2100067138672,134.0800018310547,63.9900016784668,357.1499938964844,256.9200134277344,18.07200050354004,53.06999969482422,160.9499969482422,213.0399932861328,49.163333892822266,107.25
2022-12-14,143.2100067138672,188.25,234.47999572753906,172.3300018310547,360.3800048828125,179.75999450683594,133.41000366210938,63.9900016784668,357.510009765625,257.2200012207031,17.673999786376953,54.47999954223633,156.8000030517578,213.32000732421875,48.88999938964844,106.45999908447266
2022-12-15,136.5,183.72000122070312,230.66000366210938,171.0399932861328,349.8299865722656,177.49000549316406,130.10000610351562,63.11000061035156,346.25,249.00999450683594,16.95199966430664,53.61000061035156,157.6699981689453,207.91000366210938,48.45333480834961,105.44000244140625
2022-12-16,134.50999450683594,184.6999969482422,232.72000122070312,168.72000122070312,346.3500061035156,175.6699981689453,129.2899932861328,62.75,345.8399963378906,244.69000244140625,16.570999145507812,51.400001525878906,150.22999572753906,206.88999938964844,47.58333206176758,104.69999694824219
2022-12-19,132.3699951171875,185.67999267578125,232.2899932861328,169.8800048828125,344.6099853515625,175.47999572753906,130.05999755859375,62.84000015258789,341.260009765625,240.4499969482422,16.253999710083008,51.36000061035156,149.8699951171875,204.82000732421875,47.599998474121094,105.16999816894531
2022-12-20,132.3000030517578,188.2899932861328,235.13999938964844,172.6699981689453,344.489990234375,175.6699981689453,130.69000244140625,62.790000915527344,342.95001220703125,241.8000030517578,16.084999084472656,51.31999969482422,137.8000030517578,205.36000061035156,48.016666412353516,106.69000244140625
2022-12-21,135.4499969482422,196.0,241.72999572753906,174.6999969482422,350.1600036621094,177.67999267578125,132.16000366210938,63.79999923706055,345.69000244140625,244.42999267578125,16.500999450683594,51.65999984741211,137.57000732421875,206.80999755859375,48.393333435058594,108.05999755859375
2022-12-22,132.22999572753906,188.25,237.5399932861328,172.0800018310547,345.5799865722656,177.02999877929688,130.66000366210938,63.34000015258789,341.5199890136719,238.19000244140625,15.33899974822998,51.63999938964844,125.3499984741211,205.05999755859375,47.82666778564453,105.87999725341797
2022-12-23,131.86000061035156,189.05999755859375,239.8699951171875,177.39999389648438,345.510009765625,177.47999572753906,131.27999877929688,63.81999969482422,343.6000061035156,238.72999572753906,15.206000328063965,51.83000183105469,123.1500015258789,205.8300018310547,47.92333221435547,108.68000030517578
2022-12-27,130.02999877929688,189.39999389648438,243.13999938964844,179.6300048828125,341.9700012207031,177.42999267578125,131.74000549316406,64.20999908447266,346.1600036621094,236.9600067138672,14.121000289916992,51.130001068115234,109.0999984741211,206.2899932861328,47.936668395996094,110.19000244140625
2022-12-28,126.04000091552734,188.3800048828125,239.3800048828125,176.97999572753906,340.8699951171875,176.66000366210938,132.4600067138672,63.56999969482422,341.95001220703125,234.52999877929688,14.03600025177002,50.79999923706055,112.70999908447266,204.99000549316406,47.0966682434082,108.37999725341797
2022-12-29,129.61000061035156,188.91000366210938,240.1999969482422,178.32000732421875,343.42999267578125,177.55999755859375,133.22000122070312,63.95000076293945,348.2099914550781,241.00999450683594,14.602999687194824,51.33000183105469,121.81999969482422,208.05999755859375,47.383331298828125,109.19999694824219
2022-12-30,129.92999267578125,190.49000549316406,239.55999755859375,179.49000549316406,343.3800048828125,176.64999389648438,134.10000610351562,63.61000061035156,347.7300109863281,239.82000732421875,14.61400032043457,51.2400016784668,123.18000030517578,207.75999450683594,47.26333236694336,110.30000305175781
2023-01-03,125.06999969482422,195.38999938964844,238.8800048828125,173.99000549316406,346.2200012207031,178.19000244140625,135.1199951171875,62.95000076293945,346.79998779296875,239.5800018310547,14.3149995803833,51.2599983215332,108.0999984741211,207.38999938964844,47.866668701171875,106.51000213623047
2023-01-04,126.36000061035156,203.63999938964844,241.36000061035156,172.13999938964844,347.70001220703125,180.1300048828125,136.3800048828125,62.91999816894531,355.1499938964844,229.10000610351562,14.74899959564209,50.130001068115234,113.63999938964844,212.61000061035156,47.91999816894531,106.81999969482422
2023-01-05,125.0199966430664,204.99000549316406,240.27999877929688,175.24000549316406,343.760009765625,178.8000030517578,135.35000610351562,62.20000076293945,351.7699890136719,222.30999755859375,14.265000343322754,49.65999984741211,110.33999633789062,211.11000061035156,47.75666809082031,109.20999908447266
2023-01-06,129.6199951171875,213.0,248.86000061035156,176.55999755859375,348.0799865722656,180.25,137.94000244140625,63.400001525878906,367.6700134277344,224.92999267578125,14.859000205993652,50.91999816894531,113.05999755859375,217.75,48.926666259765625,110.52999877929688
2023-01-09,130.14999389648438,208.57000732421875,246.6199951171875,175.17999267578125,353.0,175.5800018310547,137.3699951171875,62.61000061035156,370.9700012207031,227.1199951171875,15.628000259399414,48.38999938964844,119.7699966430664,218.60000610351562,48.31666564941406,108.47000122070312
2023-01-10,130.72999572753906,206.69000244140625,250.50999450683594,176.0399932861328,357.3599853515625,175.16000366210938,138.60000610351562,62.130001068115234,371.010009765625,228.85000610351562,15.909000396728516,47.619998931884766,118.8499984741211,221.08999633789062,48.28666687011719,110.08999633789062
2023-01-11,133.49000549316406,208.02999877929688,250.72999572753906,175.1999969482422,364.4800109863281,174.8800048828125,139.6300048828125,62.0099983215332,377.8599853515625,235.77000427246094,16.000999450683594,47.45000076293945,123.22000122070312,222.10000610351562,48.709999084472656,111.37000274658203
2023-01-12,133.41000366210938,214.32000732421875,255.07000732421875,177.0800018310547,369.94000244140625,174.0,139.49000549316406,61.209999084472656,379.80999755859375,238.50999450683594,16.51099967956543,47.709999084472656,123.55999755859375,223.6199951171875,48.27000045776367,113.22000122070312
2023-01-13,134.75999450683594,214.1300048828125,258.4599914550781,177.55999755859375,374.0,173.42999267578125,143.00999450683594,61.43000030517578,375.5199890136719,239.22999572753906,16.89900016784668,47.849998474121094,122.4000015258789,223.05999755859375,48.43000030517578,113.1500015258789
2023-01-17,135.94000244140625,211.41000366210938,256.260009765625,180.49000549316406,349.9200134277344,172.36000061035156,140.8000030517578,61.68000030517578,375.0,240.35000610351562,17.70199966430664,46.08000183105469,131.49000549316406,223.0,48.13666534423828,112.93000030517578
2023-01-18,135.2100067138672,209.41000366210938,252.82000732421875,177.22999572753906,349.0899963378906,169.75999450683594,136.57000732421875,59.810001373291016,368.9200134277344,235.80999755859375,17.37700080871582,45.0,128.77999877929688,219.4600067138672,46.9466667175293,110.61000061035156
2023-01-19,135.27000427246094,207.08999633789062,245.75,179.0,350.75,169.52999877929688,134.75,59.720001220703125,367.94000244140625,231.92999267578125,16.764999389648438,44.959999084472656,127.16999816894531,220.41000366210938,46.276668548583984,111.31999969482422
2023-01-20,137.8699951171875,206.75999450683594,249.7100067138672,180.89999389648438,341.8399963378906,168.74000549316406,135.0800018310547,60.08000183105469,376.2799987792969,240.22000122070312,17.839000701904297,45.11000061035156,133.4199981689453,224.30999755859375,46.8466682434082,113.3499984741211
2023-01-23,141.11000061035156,209.97000122070312,252.6999969482422,180.66000366210938,349.1400146484375,168.30999755859375,137.27000427246094,60.22999954223633,378.57000732421875,242.5800018310547,19.19300079345703,44.97999954223633,143.75,224.17999267578125,47.54666519165039,112.76000213623047
2023-01-24,142.52999877929688,211.97999572753906,257.6099853515625,180.8300018310547,348.3299865722656,168.30999755859375,138.4499969482422,60.54999923706055,380.010009765625,242.0399932861328,19.264999389648438,44.709999084472656,143.88999938964844,223.88999938964844,47.67333221435547,113.80999755859375
2023-01-25,141.86000061035156,212.67999267578125,258.44000244140625,179.0800018310547,349.6300048828125,169.50999450683594,139.1199951171875,60.93000030517578,382.3900146484375,240.61000061035156,19.322999954223633,45.06999969482422,144.42999267578125,224.89999389648438,47.4466667175293,113.20999908447266
2023-01-26,143.9600067138672,212.72999572753906,262.1199951171875,187.7899932861328,354.9700012207031,168.88999938964844,139.97999572753906,60.810001373291016,377.239990234375,248.0,19.802000045776367,44.25,160.27000427246094,224.7100067138672,47.4033317565918,117.76000213623047
2023-01-27,145.92999267578125,211.1699981689453,264.5400085449219,179.4499969482422,353.70001220703125,168.22999572753906,140.32000732421875,60.4900016784668,374.0299987792969,248.16000366210938,20.364999771118164,43.790000915527344,177.89999389648438,231.44000244140625,47.766666412353516,115.61000061035156
2023-01-30,143.0,209.6699981689453,261.5,174.1999969482422,357.4599914550781,162.0,139.1300048828125,60.63999938964844,371.1199951171875,242.7100067138672,19.16200065612793,43.54999923706055,166.66000366210938,229.10000610351562,47.383331298828125,113.55999755859375
2023-01-31,144.2899932861328,213.0,252.2899932861328,174.02000427246094,365.80999755859375,163.4199981689453,139.9600067138672,61.31999969482422,370.6000061035156,247.80999755859375,19.53700065612793,44.15999984741211,173.22000122070312,230.2100067138672,47.956668853759766,116.01000213623047
2023-02-01,145.42999267578125,214.75,249.5399932861328,171.36000061035156,365.7099914550781,164.9199981689453,139.58999633789062,61.33000183105469,374.0799865722656,252.75,20.94300079345703,43.970001220703125,181.41000366210938,230.89999389648438,48.223331451416016,114.73999786376953
2023-02-02,150.82000732421875,209.33999633789062,244.89999389648438,169.00999450683594,369.4700012207031,165.5399932861328,138.94000244140625,60.279998779296875,374.94000244140625,264.6000061035156,21.708999633789062,44.34000015258789,188.27000427246094,229.55999755859375,47.87333297729492,111.1500015258789
2023-02-03,154.5,206.00999450683594,247.75999450683594,169.4499969482422,369.95001220703125,164.61000061035156,141.08999633789062,59.83000183105469,373.9100036621094,258.3500061035156,21.100000381469727,44.060001373291016,189.97999572753906,230.1300048828125,47.23666763305664,111.91999816894531
2023-02-06,151.72999572753906,206.80999755859375,251.4199981689453,169.63999938964844,370.79998779296875,163.36000061035156,141.9199981689453,60.16999816894531,372.9700012207031,256.7699890136719,21.089000701904297,43.7599983215332,194.75999450683594,229.44000244140625,46.893333435058594,111.7300033569336
2023-02-07,154.64999389648438,214.75999450683594,249.66000366210938,174.08999633789062,374.3999938964844,163.39999389648438,143.64999389648438,60.06999969482422,375.05999755859375,267.55999755859375,22.17300033569336,43.59000015258789,196.80999755859375,231.32000732421875,46.99333190917969,114.91999816894531
2023-02-08,151.9199981689453,213.5,248.8699951171875,170.0,375.1000061035156,163.61000061035156,142.63999938964844,59.720001220703125,370.3500061035156,266.7300109863281,22.204999923706055,43.97999954223633,201.2899932861328,230.1999969482422,46.7400016784668,113.91999816894531
2023-02-09,150.8699951171875,211.99000549316406,246.27999877929688,168.44000244140625,367.989990234375,161.39999389648438,140.4199981689453,59.619998931884766,370.4200134277344,263.6199951171875,22.336999893188477,43.34000015258789,207.32000732421875,229.35000610351562,47.17333221435547,114.3499984741211
2023-02-10,151.00999450683594,212.88999938964844,247.6699981689453,171.97000122070312,371.2799987792969,162.14999389648438,141.0399932861328,59.619998931884766,366.8299865722656,263.1000061035156,21.264999389648438,43.880001068115234,196.88999938964844,227.1999969482422,47.90666580200195,119.16999816894531
2023-02-13,153.85000610351562,215.64999389648438,248.14999389648438,171.00999450683594,374.0199890136719,162.75,142.57000732421875,60.599998474121094,370.8299865722656,271.32000732421875,21.788000106811523,43.9900016784668,194.63999938964844,228.8800048828125,48.63666534423828,117.80000305175781
2023-02-14,153.1999969482422,218.4499969482422,244.36000061035156,172.32000732421875,371.7799987792969,162.0399932861328,143.1999969482422,59.59000015258789,369.9599914550781,272.1700134277344,22.97100067138672,43.720001220703125,209.25,229.38999938964844,48.496665954589844,116.41999816894531
2023-02-15,155.3300018310547,217.44000244140625,248.6999969482422,169.00999450683594,374.3399963378906,159.3699951171875,143.8000030517578,59.59000015258789,369.6400146484375,269.32000732421875,22.763999938964844,43.31999969482422,214.24000549316406,228.9199981689453,48.856666564941406,116.06999969482422
2023-02-16,153.7100067138672,212.2100067138672,246.52000427246094,166.57000732421875,370.20001220703125,158.24000549316406,141.82000732421875,59.220001220703125,367.54998779296875,262.1499938964844,22.00200080871582,42.95000076293945,202.0399932861328,225.8300018310547,48.09000015258789,115.7300033569336
2023-02-17,152.5500030517578,211.66000366210938,247.7899932861328,162.85000610351562,368.5,160.38999938964844,142.24000549316406,60.119998931884766,361.1300048828125,258.05999755859375,21.38800048828125,43.209999084472656,208.30999755859375,223.55999755859375,48.813331604003906,111.27999877929688
2023-02-21,148.47999572753906,205.52000427246094,240.7100067138672,161.0,361.1199951171875,158.0,139.6300048828125,59.79999923706055,355.9599914550781,252.6699981689453,20.655000686645508,42.70000076293945,197.3699951171875,220.6199951171875,49.11000061035156,111.16999816894531
2023-02-22,148.91000366210938,205.75999450683594,237.88999938964844,160.35000610351562,360.8900146484375,157.77999877929688,138.55999755859375,59.97999954223633,354.9700012207031,251.50999450683594,20.753999710083008,42.380001068115234,200.86000061035156,220.02000427246094,48.08000183105469,109.7300033569336
2023-02-23,149.39999389648438,208.1300048828125,237.9499969482422,161.92999267578125,363.5400085449219,157.72999572753906,139.6699981689453,60.09000015258789,355.5299987792969,254.77000427246094,23.663999557495117,42.29999923706055,202.07000732421875,221.1300048828125,47.36333465576172,110.73999786376953
2023-02-24,146.7100067138672,198.14999389648438,236.1699981689453,162.41000366210938,363.8500061035156,155.97000122070312,140.92999267578125,59.84000015258789,353.1199951171875,249.22000122070312,23.285999298095703,41.75,196.8800048828125,219.5500030517578,47.4900016784668,110.75
2023-02-27,147.9199981689453,200.4600067138672,239.97999572753906,162.82000732421875,365.5299987792969,155.6300048828125,142.16000366210938,59.81999969482422,355.4800109863281,250.16000366210938,23.500999450683594,40.779998779296875,207.6300048828125,220.35000610351562,47.14666748046875,110.55000305175781
2023-02-28,147.41000366210938,201.5500030517578,239.5500030517578,160.77000427246094,351.6499938964844,153.25999450683594,143.35000610351562,59.5099983215332,355.2900085449219,249.4199981689453,23.215999603271484,40.56999969482422,205.7100067138672,219.94000244140625,47.37666702270508,109.91000366210938
2023-03-01,145.30999755859375,204.5500030517578,248.6699981689453,162.0500030517578,346.2300109863281,152.57000732421875,142.5500030517578,58.86000061035156,353.5,246.27000427246094,22.697999954223633,40.18000030517578,202.77000427246094,218.36000061035156,46.71666717529297,110.88999938964844
2023-03-02,145.91000366210938,210.05999755859375,252.17999267578125,162.55999755859375,349.1000061035156,152.4499969482422,141.07000732421875,59.720001220703125,355.57000732421875,251.11000061035156,23.31399917602539,40.619998931884766,190.89999389648438,219.05999755859375,46.83333206176758,111.4000015258789
2023-03-03,151.02999877929688,215.11000061035156,255.30999755859375,164.9600067138672,357.0899963378906,154.02000427246094,143.66000366210938,59.439998626708984,361.5,255.2899932861328,23.889999389648438,41.150001525878906,197.7899932861328,223.77000427246094,46.88999938964844,112.80999755859375
2023-03-06,153.8300018310547,211.9199981689453,253.97999572753906,166.1699981689453,357.04998779296875,155.55999755859375,142.82000732421875,60.36000061035156,366.92999267578125,256.8699951171875,23.554000854492188,41.11000061035156,193.80999755859375,226.75,46.883331298828125,113.80999755859375
2023-03-07,151.60000610351562,207.9199981689453,246.13999938964844,164.02999877929688,346.0799865722656,154.08999633789062,138.6199951171875,60.0099983215332,359.94000244140625,254.14999389648438,23.288000106811523,40.34000015258789,187.7100067138672,223.1699981689453,46.41666793823242,111.61000061035156
2023-03-08,152.8699951171875,207.1999969482422,248.72000122070312,162.99000549316406,349.2900085449219,152.9600067138672,137.8000030517578,60.040000915527344,359.0299987792969,253.6999969482422,24.180999755859375,40.119998931884766,182.0,222.19000244140625,46.03333282470703,109.9800033569336
2023-03-09,150.58999633789062,201.24000549316406,240.9600067138672,160.50999450683594,342.0899963378906,151.24000549316406,130.33999633789062,59.459999084472656,354.44000244140625,252.32000732421875,23.43600082397461,39.459999084472656,172.9199981689453,220.00999450683594,45.723331451416016,109.12999725341797
2023-03-10,148.5,203.07000732421875,227.00999450683594,159.6699981689453,327.6700134277344,151.61000061035156,133.64999389648438,59.209999084472656,347.1099853515625,248.58999633789062,22.96500015258789,39.38999938964844,173.44000244140625,216.13999938964844,45.65666580200195,107.77999877929688
2023-03-13,150.47000122070312,203.3699951171875,224.6999969482422,158.7100067138672,315.510009765625,153.05999755859375,131.25,59.810001373291016,344.7099914550781,253.9199981689453,22.965999603271484,39.86000061035156,174.47999572753906,214.47000122070312,45.790000915527344,106.54000091552734
2023-03-14,152.58999633789062,207.27999877929688,225.6699981689453,160.75999450683594,322.1499938964844,153.9199981689453,134.6199951171875,60.029998779296875,352.82000732421875,260.7900085449219,24.062999725341797,39.900001525878906,183.25999450683594,218.66000366210938,46.03333282470703,106.94000244140625
2023-03-15,152.99000549316406,198.2100067138672,217.25999450683594,153.8000030517578,312.19000244140625,154.35000610351562,128.25999450683594,60.43000030517578,348.0799865722656,265.44000244140625,24.22800064086914,40.279998779296875,180.4499969482422,216.3699951171875,46.54666519165039,101.62000274658203
2023-03-16,155.85000610351562,203.19000244140625,218.7100067138672,154.2899932861328,315.0899963378906,154.02999877929688,130.75,60.29999923706055,348.0,276.20001220703125,25.541000366210938,40.369998931884766,184.1300048828125,217.4499969482422,46.09333419799805,101.02999877929688
2023-03-17,155.0,201.0500030517578,215.00999450683594,152.33999633789062,303.5400085449219,152.3800048828125,125.80999755859375,60.02000045776367,349.6600036621094,279.42999267578125,25.725000381469727,40.099998474121094,180.1300048828125,217.38999938964844,46.46666717529297,99.83999633789062
2023-03-20,157.39999389648438,204.77000427246094,220.30999755859375,154.5800018310547,309.5299987792969,153.88999938964844,127.13999938964844,60.599998474121094,349.32000732421875,272.2300109863281,25.899999618530273,40.810001373291016,183.25,218.14999389648438,46.96666717529297,102.44999694824219
2023-03-21,159.27999877929688,204.6999969482422,224.9199981689453,159.30999755859375,317.2799987792969,153.88999938964844,130.5500030517578,60.31999969482422,354.57000732421875,273.7799987792969,26.198999404907227,40.65999984741211,197.5800018310547,221.9499969482422,46.80666732788086,107.04000091552734
2023-03-22,157.8300018310547,196.16000366210938,219.9499969482422,156.07000732421875,313.6700134277344,151.0500030517578,127.18000030517578,60.04999923706055,351.0299987792969,272.2900085449219,26.468000411987305,40.0099983215332,191.14999389648438,220.0399932861328,46.50666809082031,104.58999633789062
2023-03-23,158.92999267578125,197.89999389648438,219.44000244140625,154.52000427246094,314.8500061035156,151.1300048828125,126.83999633789062,59.91999816894531,354.3699951171875,277.6600036621094,27.19099998474121,40.18000030517578,192.22000122070312,222.58999633789062,46.883331298828125,103.41000366210938
2023-03-24,160.25,197.52999877929688,217.00999450683594,156.05999755859375,312.57000732421875,152.64999389648438,124.91000366210938,60.900001525878906,351.6300048828125,280.57000732421875,26.77899932861328,40.38999938964844,190.41000366210938,221.0399932861328,47.266666412353516,103.52999877929688
2023-03-27,158.27999877929688,200.57000732421875,218.0,157.64999389648438,318.5299987792969,153.3000030517578,128.49000549316406,61.349998474121094,354.6199951171875,276.3800048828125,26.5310001373291,40.220001220703125,191.80999755859375,221.80999755859375,48.05666732788086,105.80000305175781
2023-03-28,157.64999389648438,204.9600067138672,220.16000366210938,159.49000549316406,318.44000244140625,151.82000732421875,128.8800048828125,61.41999816894531,354.3299865722656,275.2300109863281,26.40999984741211,39.9900016784668,189.19000244140625,220.3300018310547,47.869998931884766,107.12000274658203
2023-03-29,160.77000427246094,207.97000122070312,223.0,160.86000061035156,320.7200012207031,153.30999755859375,129.13999938964844,61.86000061035156,359.5299987792969,280.510009765625,26.983999252319336,40.25,193.8800048828125,223.3000030517578,48.07666778564453,108.95999908447266
2023-03-30,162.36000061035156,211.0399932861328,224.5399932861328,162.38999938964844,321.1400146484375,153.42999267578125,128.75,61.849998474121094,359.260009765625,284.04998779296875,27.382999420166016,40.380001068115234,195.27999877929688,222.36000061035156,48.55666732788086,109.48999786376953
2023-03-31,164.89999389648438,212.42999267578125,228.83999633789062,163.16000366210938,327.1099853515625,155.0,130.30999755859375,62.029998779296875,363.4100036621094,288.29998779296875,27.777000427246094,40.79999923706055,207.4600067138672,225.4600067138672,49.150001525878906,109.66000366210938
2023-04-03,166.1699981689453,215.38999938964844,229.8699951171875,169.9499969482422,326.5199890136719,156.85000610351562,130.16000366210938,62.400001525878906,366.4700012207031,287.2300109863281,27.96500015258789,41.349998474121094,194.77000427246094,229.0,49.563331604003906,116.12999725341797
2023-04-04,165.6300048828125,213.89999389648438,217.4499969482422,169.0399932861328,322.6499938964844,158.49000549316406,128.4199981689453,62.209999084472656,363.8999938964844,287.17999267578125,27.452999114990234,40.900001525878906,192.5800018310547,227.66000366210938,49.07666778564453,115.0199966430664
2023-04-05,163.75999450683594,210.0,213.52999877929688,169.8800048828125,321.5299987792969,165.61000061035156,127.61000061035156,62.79999923706055,363.7900085449219,284.3399963378906,26.881000518798828,41.54999923706055,185.52000427246094,228.1699981689453,49.88999938964844,116.98999786376953
2023-04-06,164.66000366210938,211.3699951171875,209.1699981689453,167.64999389648438,322.3999938964844,165.14999389648438,127.47000122070312,62.84000015258789,361.4700012207031,291.6000061035156,27.03700065612793,41.5,185.05999755859375,225.99000549316406,50.266666412353516,115.05000305175781
2023-04-10,162.02999877929688,210.77999877929688,215.52999877929688,168.2899932861328,324.9599914550781,164.32000732421875,127.88999938964844,62.689998626708984,360.1400146484375,289.3900146484375,27.57900047302246,41.72999954223633,184.50999450683594,226.42999267578125,50.16999816894531,114.54000091552734
2023-04-11,160.8000030517578,212.32000732421875,220.60000610351562,169.22000122070312,327.3699951171875,164.27000427246094,128.52000427246094,62.58000183105469,364.1300048828125,282.8299865722656,27.16900062561035,41.790000915527344,186.7899932861328,228.4499969482422,50.02333450317383,115.3499984741211
2023-04-12,160.10000610351562,212.33999633789062,220.5,169.82000732421875,330.239990234375,163.9199981689453,128.5,62.689998626708984,361.7799987792969,283.489990234375,26.4950008392334,41.369998931884766,180.5399932861328,227.80999755859375,49.779998779296875,115.2300033569336
2023-04-13,165.55999755859375,213.58999633789062,221.6699981689453,172.08999633789062,332.1300048828125,166.11000061035156,128.99000549316406,63.150001525878906,369.6499938964844,289.8399963378906,26.46299934387207,41.470001220703125,185.89999389648438,232.69000244140625,49.83000183105469,115.7699966430664
2023-04-14,165.2100067138672,201.7100067138672,223.67999267578125,172.44000244140625,336.9200134277344,165.83999633789062,138.72999572753906,63.04999923706055,372.42999267578125,286.1400146484375,26.757999420166016,41.189998626708984,185.0,234.02000427246094,49.49333190917969,116.05000305175781
2023-04-17,165.22999572753906,205.02999877929688,225.24000549316406,170.9199981689453,339.67999267578125,165.6699981689453,139.8300018310547,63.459999084472656,372.760009765625,288.79998779296875,27.00200080871582,41.18000030517578,187.0399932861328,233.47999572753906,49.84000015258789,114.69999694824219
2023-04-18,166.47000122070312,208.3699951171875,225.1999969482422,170.52000427246094,333.9100036621094,161.00999450683594,141.39999389648438,63.560001373291016,372.32000732421875,288.3699951171875,27.66699981689453,40.54999923706055,184.30999755859375,233.60000610351562,49.95000076293945,116.94000244140625
2023-04-19,167.6300048828125,208.7100067138672,224.64999389648438,170.67999267578125,336.8900146484375,162.52999877929688,141.22000122070312,63.68000030517578,372.79998779296875,288.45001220703125,27.930999755859375,40.2400016784668,180.58999633789062,232.57000732421875,50.003334045410156,116.56999969482422
2023-04-20,166.64999389648438,207.22999572753906,222.27000427246094,169.85000610351562,338.7099914550781,163.5800018310547,140.80999755859375,63.959999084472656,375.0,286.1099853515625,27.104000091552734,39.849998474121094,162.99000549316406,234.60000610351562,50.323333740234375,115.63999938964844
2023-04-21,165.02000427246094,205.14999389648438,220.27000427246094,169.1199951171875,341.6600036621094,162.69000244140625,140.5399932861328,64.05000305175781,375.239990234375,285.760009765625,27.118999481201172,40.209999084472656,165.0800018310547,234.0500030517578,50.57666778564453,116.01000213623047
2023-04-24,165.3300018310547,205.77000427246094,223.42999267578125,171.47999572753906,343.9599914550781,163.67999267578125,140.72999572753906,63.95000076293945,374.7300109863281,281.7699890136719,27.04199981689453,39.90999984741211,162.5500030517578,232.75999450683594,50.91999816894531,118.19999694824219
2023-04-25,163.77000427246094,202.19000244140625,218.6300048828125,168.99000549316406,339.4800109863281,165.17999267578125,137.6699981689453,63.849998474121094,368.5299987792969,275.4200134277344,26.240999221801758,39.33000183105469,160.6699981689453,229.58999633789062,50.52333450317383,116.5199966430664
2023-04-26,163.75999450683594,203.02999877929688,216.19000244140625,165.97999572753906,336.55999755859375,162.6199951171875,135.22999572753906,63.54999923706055,366.760009765625,295.3699951171875,26.95599937438965,38.630001068115234,153.75,228.14999389648438,50.3033332824707,115.44999694824219
2023-04-27,168.41000366210938,206.0399932861328,214.3300018310547,166.9499969482422,341.6000061035156,163.0,137.0500030517578,63.68000030517578,373.6700134277344,304.8299865722656,27.22599983215332,38.7400016784668,160.19000244140625,229.00999450683594,50.459999084472656,116.83000183105469
2023-04-28,169.67999267578125,206.77999877929688,218.8000030517578,168.5800018310547,343.44000244140625,163.6999969482422,138.24000549316406,64.1500015258789,380.0299987792969,307.260009765625,27.749000549316406,38.88999938964844,164.30999755859375,232.72999572753906,50.323333740234375,118.33999633789062
2023-05-01,169.58999633789062,203.8699951171875,217.27000427246094,167.24000549316406,340.57000732421875,163.60000610351562,141.1999969482422,64.30000305175781,379.8599853515625,305.55999755859375,28.90999984741211,39.209999084472656,161.8300018310547,232.50999450683594,50.529998779296875,114.66999816894531
2023-05-02,168.5399932861328,203.25,215.14999389648438,160.0399932861328,333.3699951171875,165.02999877929688,138.9199981689453,64.01000213623047,376.0299987792969,305.4100036621094,28.209999084472656,39.060001373291016,160.30999755859375,226.97999572753906,50.393333435058594,110.0999984741211
2023-05-03,167.4499969482422,200.92999267578125,215.63999938964844,156.8300018310547,328.6499938964844,162.8699951171875,135.97999572753906,63.650001525878906,374.8999938964844,304.3999938964844,27.802000045776367,38.45000076293945,160.61000061035156,225.97999572753906,50.206668853759766,107.93000030517578
2023-05-04,165.7899932861328,197.0500030517578,210.3800048828125,156.22000122070312,321.260009765625,162.1300048828125,134.1199951171875,63.720001220703125,376.1199951171875,305.4100036621094,27.562000274658203,38.22999954223633,161.1999969482422,225.60000610351562,50.15666580200195,106.04000091552734
2023-05-05,173.57000732421875,198.33999633789062,215.08999633789062,160.2100067138672,327.0199890136719,162.67999267578125,136.74000549316406,64.0199966430664,384.6600036621094,310.6499938964844,28.68000030517578,38.4900016784668,170.05999755859375,231.77999877929688,50.59000015258789,108.68000030517578
2023-05-08,173.5,197.25999450683594,214.7899932861328,159.5800018310547,326.510009765625,162.30999755859375,137.07000732421875,63.91999816894531,385.510009765625,308.6499938964844,29.150999069213867,38.66999816894531,171.7899932861328,232.22999572753906,50.90666580200195,109.11000061035156
2023-05-09,171.77000427246094,201.8800048828125,213.49000549316406,159.1199951171875,324.7699890136719,161.0500030517578,136.41000366210938,63.38999938964844,382.94000244140625,307.0,28.570999145507812,38.47999954223633,169.14999389648438,233.25999450683594,50.99333190917969,109.13999938964844
2023-05-10,173.55999755859375,200.83999633789062,213.1699981689453,157.08999633789062,322.54998779296875,161.64999389648438,136.47999572753906,63.5,382.5400085449219,312.30999755859375,28.885000228881836,38.29999923706055,168.5399932861328,231.27000427246094,50.849998474121094,107.73999786376953
2023-05-11,173.75,201.83999633789062,210.02999877929688,156.22000122070312,320.7200012207031,160.99000549316406,136.0500030517578,63.86000061035156,383.3900146484375,310.1099853515625,28.577999114990234,37.58000183105469,172.0800018310547,231.00999450683594,51.040000915527344,105.79000091552734
2023-05-12,172.57000732421875,200.6999969482422,209.5399932861328,156.6199951171875,319.5,160.77999877929688,134.10000610351562,64.11000061035156,381.9200134277344,308.9700012207031,28.34000015258789,37.349998474121094,167.97999572753906,231.3800048828125,51.02333450317383,105.77999877929688
2023-05-15,172.07000732421875,202.77000427246094,211.2899932861328,157.1999969482422,322.07000732421875,159.5500030517578,135.22999572753906,63.939998626708984,383.4100036621094,309.4599914550781,28.952999114990234,37.15999984741211,166.35000610351562,232.80999755859375,50.62666702270508,105.06999969482422
2023-05-16,172.07000732421875,200.8699951171875,207.1999969482422,153.50999450683594,320.80999755859375,159.33999633789062,134.32000732421875,63.220001220703125,380.239990234375,311.739990234375,29.21299934387207,37.0099983215332,166.52000427246094,230.47000122070312,49.926666259765625,102.5199966430664
2023-05-17,172.69000244140625,206.8699951171875,212.10000610351562,155.7100067138672,330.17999267578125,158.99000549316406,138.4499969482422,63.150001525878906,387.0,314.0,30.17799949645996,36.75,173.86000061035156,232.64999389648438,49.84333419799805,104.81999969482422
2023-05-18,175.0500030517578,207.24000549316406,214.72000122070312,154.00999450683594,329.5799865722656,158.47999572753906,139.5,62.79999923706055,392.0199890136719,318.5199890136719,31.67799949645996,36.47999954223633,176.88999938964844,233.60000610351562,50.4900016784668,105.7699966430664
2023-05-19,175.16000366210938,205.49000549316406,214.77999877929688,155.22999572753906,326.1499938964844,158.91000366210938,139.17999267578125,62.83000183105469,385.57000732421875,318.3399963378906,31.263999938964844,36.77000045776367,180.13999938964844,233.30999755859375,49.970001220703125,106.26000213623047
2023-05-22,174.1999969482422,205.91000366210938,214.25999450683594,152.44000244140625,324.9200134277344,156.8699951171875,138.02999877929688,61.5099983215332,384.5299987792969,321.17999267578125,31.176000595092773,38.75,188.8699951171875,231.27999877929688,49.529998779296875,104.97000122070312
2023-05-23,171.55999755859375,202.60000610351562,212.7100067138672,156.85000610351562,323.57000732421875,156.80999755859375,136.58999633789062,61.400001525878906,373.75,315.260009765625,30.687999725341797,39.63999938964844,185.77000427246094,224.5800018310547,49.436668395996094,106.4000015258789
2023-05-24,171.83999633789062,199.27000427246094,209.6999969482422,157.27000427246094,319.80999755859375,156.66000366210938,135.33999633789062,60.880001068115234,368.5,313.8500061035156,30.538000106811523,38.630001068115234,182.89999389648438,222.25,49.209999084472656,107.58999633789062
2023-05-25,172.99000549316406,200.8699951171875,209.97999572753906,154.55999755859375,323.8800048828125,154.41000366210938,135.6699981689453,60.40999984741211,370.0400085449219,325.9200134277344,37.97999954223633,37.83000183105469,184.47000122070312,223.3800048828125,48.720001220703125,105.66000366210938
2023-05-26,175.42999267578125,203.6300048828125,211.8000030517578,154.0800018310547,332.010009765625,154.35000610351562,136.94000244140625,60.2599983215332,374.3699951171875,332.8900146484375,38.94599914550781,37.599998474121094,193.1699981689453,225.00999450683594,48.80666732788086,104.97000122070312
2023-05-30,177.3000030517578,204.69000244140625,209.89999389648438,153.1199951171875,330.8299865722656,154.3699951171875,137.4600067138672,59.779998779296875,367.5,331.2099914550781,40.111000061035156,37.0099983215332,201.16000366210938,221.63999938964844,48.686668395996094,104.04000091552734
2023-05-31,177.25,205.6999969482422,205.75,150.6199951171875,323.8999938964844,155.05999755859375,135.7100067138672,59.65999984741211,365.0199890136719,328.3900146484375,37.83399963378906,38.02000045776367,203.92999267578125,221.02999877929688,48.956668853759766,102.18000030517578
2023-06-01,180.08999633789062,207.9600067138672,209.07000732421875,152.16000366210938,316.3999938964844,154.5399932861328,137.5800018310547,60.0,370.8800048828125,332.5799865722656,39.77000045776367,38.02000045776367,207.52000427246094,226.5,49.13666534423828,103.36000061035156
2023-06-02,180.9499969482422,213.32000732421875,226.6300048828125,156.25999450683594,323.6499938964844,156.97000122070312,140.47000122070312,61.15999984741211,373.7300109863281,335.3999938964844,39.32699966430664,38.36000061035156,213.97000122070312,228.7899932861328,49.606666564941406,105.76000213623047
2023-06-05,179.5800018310547,208.77999877929688,222.47000122070312,155.50999450683594,321.80999755859375,158.32000732421875,139.08999633789062,60.75,370.5199890136719,335.94000244140625,39.17100143432617,38.650001525878906,217.61000061035156,226.77000427246094,49.93333435058594,105.29000091552734
2023-06-06,179.2100067138672,207.2899932861328,226.67999267578125,155.7899932861328,326.79998779296875,158.17999267578125,139.33999633789062,60.310001373291016,379.9599914550781,333.67999267578125,38.65399932861328,38.369998931884766,221.30999755859375,228.22000122070312,49.926666259765625,106.1500015258789
2023-06-07,177.82000732421875,211.92999267578125,235.5500030517578,159.8300018310547,335.75,158.52000427246094,140.69000244140625,60.220001220703125,371.3900146484375,323.3800048828125,37.474998474121094,38.88999938964844,224.57000732421875,225.27000427246094,50.0,108.52999877929688
2023-06-08,180.57000732421875,218.11000061035156,234.4499969482422,159.24000549316406,335.4700012207031,160.25999450683594,140.72999572753906,60.369998931884766,367.5899963378906,325.260009765625,38.5099983215332,39.09000015258789,234.86000061035156,223.0500030517578,50.723331451416016,108.19000244140625
2023-06-09,180.9600067138672,217.30999755859375,235.02999877929688,158.86000061035156,336.0199890136719,160.00999450683594,141.00999450683594,60.470001220703125,369.2200012207031,326.7900085449219,38.77000045776367,38.970001220703125,244.39999389648438,223.55999755859375,51.029998779296875,107.38999938964844
2023-06-12,183.7899932861328,221.55999755859375,237.89999389648438,157.3300018310547,339.489990234375,159.89999389648438,141.0,60.209999084472656,375.30999755859375,331.8500061035156,39.481998443603516,39.900001525878906,249.8300018310547,226.1699981689453,51.366668701171875,106.41999816894531
2023-06-13,183.30999755859375,220.3800048828125,245.44000244140625,158.50999450683594,342.5,160.74000549316406,142.02000427246094,60.45000076293945,371.3800048828125,334.2900085449219,41.02199935913086,40.279998779296875,258.7099914550781,223.39999389648438,51.766666412353516,106.44000244140625
2023-06-14,183.9499969482422,216.89999389648438,243.32000732421875,157.08999633789062,338.4200134277344,161.55999755859375,141.49000549316406,60.86000061035156,374.760009765625,337.3399963378906,42.99700164794922,39.36000061035156,256.7900085449219,223.44000244140625,52.290000915527344,105.16000366210938
2023-06-15,186.00999450683594,219.41000366210938,247.6699981689453,158.27999877929688,339.739990234375,163.72999572753906,143.08999633789062,61.22999954223633,379.0400085449219,348.1000061035156,42.65299987792969,39.75,255.89999389648438,226.1699981689453,52.57666778564453,105.88999938964844
2023-06-16,184.9199981689453,219.99000549316406,245.27000427246094,157.25999450683594,338.30999755859375,164.22999572753906,143.25999450683594,61.66999816894531,376.5299987792969,342.3299865722656,42.69200134277344,40.060001373291016,260.5400085449219,228.91000366210938,51.84333419799805,105.12999725341797
2023-06-20,185.00999450683594,212.3699951171875,241.14999389648438,153.67999267578125,330.7200012207031,164.1300048828125,142.52999877929688,61.2599983215332,374.6199951171875,338.04998779296875,43.80799865722656,39.34000015258789,274.45001220703125,226.47000122070312,51.38666534423828,102.72000122070312
2023-06-21,183.9600067138672,212.0800018310547,241.47999572753906,154.8800048828125,325.07000732421875,163.8800048828125,142.32000732421875,61.43000030517578,376.1400146484375,333.55999755859375,43.04499816894531,38.900001525878906,259.4599914550781,227.25,51.48666763305664,103.87000274658203
2023-06-22,187.0,205.61000061035156,237.33999633789062,152.63999938964844,319.5799865722656,165.6199951171875,139.5800018310547,61.849998474121094,377.79998779296875,339.7099914550781,43.025001525878906,38.72999954223633,264.6099853515625,228.38999938964844,51.91666793823242,103.30000305175781
2023-06-23,186.67999267578125,205.41000366210938,234.44000244140625,151.35000610351562,314.7099914550781,165.47999572753906,138.85000610351562,61.20000076293945,379.80999755859375,335.0199890136719,42.20899963378906,38.29999923706055,256.6000061035156,229.5500030517578,51.81999969482422,102.4000015258789
2023-06-26,185.27000427246094,205.5800018310547,236.9499969482422,154.00999450683594,312.3599853515625,163.6300048828125,139.19000244140625,61.220001220703125,377.4200134277344,328.6000061035156,40.63199996948242,36.88999938964844,241.0500030517578,226.3000030517578,51.68333435058594,104.29000091552734
2023-06-27,188.05999755859375,209.42999267578125,240.69000244140625,153.52999877929688,313.45001220703125,163.2899932861328,139.1999969482422,61.09000015258789,381.7900085449219,334.57000732421875,41.875999450683594,36.41999816894531,250.2100067138672,227.33999633789062,51.496665954589844,104.55000305175781
2023-06-28,189.25,210.72000122070312,241.8699951171875,154.9199981689453,313.6600036621094,162.9600067138672,138.58999633789062,60.52000045776367,380.2300109863281,335.8500061035156,41.117000579833984,36.290000915527344,256.239990234375,227.9600067138672,51.776668548583984,105.4000015258789
2023-06-29,189.58999633789062,211.8300018310547,244.24000549316406,156.24000549316406,323.0899963378906,164.10000610351562,143.42999267578125,60.02000045776367,387.6700134277344,335.04998779296875,40.821998596191406,36.119998931884766,257.5,234.32000732421875,51.426666259765625,106.69999694824219
2023-06-30,193.97000122070312,211.16000366210938,246.0500030517578,157.35000610351562,322.5400085449219,165.52000427246094,145.44000244140625,60.220001220703125,393.29998779296875,340.5400085449219,42.301998138427734,36.68000030517578,261.7699890136719,237.47999572753906,52.393333435058594,107.25
2023-07-03,192.4600067138672,210.9199981689453,247.3300018310547,157.2100067138672,326.6099853515625,163.35000610351562,146.61000061035156,60.58000183105469,393.9599914550781,337.989990234375,42.41299819946289,36.650001525878906,279.82000732421875,237.97000122070312,52.733333587646484,107.45999908447266
2023-07-05,191.3300018310547,213.30999755859375,244.8300018310547,156.30999755859375,320.04998779296875,162.80999755859375,144.63999938964844,61.029998779296875,394.7300109863281,338.1499938964844,42.31700134277344,36.459999084472656,282.4800109863281,239.4499969482422,52.70333480834961,106.91000366210938
2023-07-06,191.80999755859375,212.6199951171875,240.5800018310547,152.8800048828125,313.0,161.60000610351562,143.2100067138672,60.560001373291016,393.1400146484375,341.2699890136719,42.10300064086914,35.630001068115234,276.5400085449219,238.8800048828125,52.369998931884766,102.91999816894531
2023-07-07,190.67999267578125,212.10000610351562,245.17999267578125,154.22000122070312,315.1700134277344,159.25,144.33999633789062,59.7599983215332,388.67999267578125,337.2200012207031,42.50299835205078,35.529998779296875,274.42999267578125,236.4499969482422,51.163333892822266,103.16000366210938
2023-07-10,188.61000061035156,213.30999755859375,248.80999755859375,155.25,316.4700012207031,159.50999450683594,145.14999389648438,59.310001373291016,392.1600036621094,331.8299865722656,42.18000030517578,35.68000030517578,269.6099853515625,238.16000366210938,51.62666702270508,104.69000244140625
2023-07-11,188.0800018310547,218.75999450683594,252.85000610351562,158.1199951171875,320.8800048828125,158.6300048828125,147.4199981689453,59.52000045776367,397.79998779296875,332.4700012207031,42.404998779296875,36.02000045776367,269.7900085449219,240.5500030517578,51.54999923706055,105.97000122070312
2023-07-12,189.77000427246094,217.11000061035156,253.60000610351562,159.63999938964844,326.3999938964844,158.0800018310547,148.14999389648438,59.84000015258789,400.69000244140625,337.20001220703125,43.902000427246094,35.9900016784668,271.989990234375,242.2100067138672,51.68000030517578,106.48999786376953
2023-07-13,190.5399932861328,216.85000610351562,255.86000061035156,157.50999450683594,328.67999267578125,158.80999755859375,148.8699951171875,60.349998474121094,400.55999755859375,342.6600036621094,45.97700119018555,36.060001373291016,277.8999938964844,243.30999755859375,51.37666702270508,104.54000091552734
2023-07-14,190.69000244140625,213.1199951171875,255.6199951171875,153.5800018310547,326.19000244140625,159.8699951171875,149.77000427246094,60.900001525878906,402.510009765625,345.239990234375,45.46900177001953,36.31999969482422,281.3800048828125,243.16000366210938,51.5533332824707,100.94000244140625
2023-07-17,193.99000549316406,211.8699951171875,257.4599914550781,153.44000244140625,327.20001220703125,159.07000732421875,153.3800048828125,60.810001373291016,402.20001220703125,345.7300109863281,46.46099853515625,35.86000061035156,290.3800048828125,243.99000549316406,51.616668701171875,101.37999725341797
2023-07-18,193.72999572753906,211.57000732421875,263.80999755859375,153.75,337.2699890136719,159.05999755859375,153.66000366210938,60.56999969482422,398.1600036621094,359.489990234375,47.49399948120117,36.2400016784668,293.3399963378906,240.77000427246094,51.52333450317383,100.91999816894531
2023-07-19,195.10000610351562,208.60000610351562,262.75,154.69000244140625,340.54998779296875,158.74000549316406,154.25,61.63999938964844,398.2699890136719,355.0799865722656,47.07699966430664,36.439998626708984,291.260009765625,241.4199981689453,51.540000915527344,101.62000274658203
2023-07-20,193.1300048828125,213.61000061035156,261.0899963378906,156.39999389648438,350.8599853515625,168.3800048828125,156.14999389648438,62.38999938964844,398.05999755859375,346.8699951171875,45.52000045776367,36.77000045776367,262.8999938964844,239.6199951171875,52.49333190917969,103.41000366210938
2023-07-21,191.94000244140625,211.8000030517578,257.6499938964844,158.69000244140625,351.9599914550781,170.19000244140625,154.9499969482422,62.439998626708984,397.489990234375,343.7699890136719,44.308998107910156,37.400001525878906,260.0199890136719,239.25,52.790000915527344,103.88999938964844
2023-07-24,192.75,215.8699951171875,259.3699951171875,161.82000732421875,358.92999267578125,171.0800018310547,158.0,62.459999084472656,404.7900085449219,345.1099853515625,44.61199951171875,37.5099983215332,269.05999755859375,240.74000549316406,53.099998474121094,105.5199966430664
2023-07-25,193.6199951171875,214.1199951171875,262.05999755859375,162.55999755859375,354.70001220703125,172.38999938964844,156.82000732421875,62.25,401.2799987792969,350.9800109863281,45.67900085449219,37.060001373291016,265.2799987792969,238.69000244140625,53.05666732788086,105.68000030517578
2023-07-26,194.5,232.8000030517578,258.32000732421875,161.33999633789062,357.55999755859375,172.72000122070312,157.75999450683594,63.04999923706055,402.4100036621094,337.7699890136719,45.45199966430664,37.209999084472656,264.3500061035156,237.10000610351562,53.246665954589844,105.08999633789062
2023-07-27,193.22000122070312,233.75,258.29998779296875,159.66000366210938,354.510009765625,173.69000244140625,156.02000427246094,62.439998626708984,394.5,330.7200012207031,45.900001525878906,36.20000076293945,255.7100067138672,234.44000244140625,53.0533332824707,105.41999816894531
2023-07-28,195.8300018310547,238.69000244140625,260.42999267578125,158.8699951171875,353.2300109863281,174.47999572753906,156.91000366210938,62.47999954223633,392.9599914550781,338.3699951171875,46.75,36.06999969482422,266.44000244140625,235.75,53.3033332824707,104.16000366210938
2023-07-31,196.4499969482422,238.85000610351562,265.1700134277344,163.66000366210938,355.8699951171875,167.52999877929688,157.9600067138672,61.93000030517578,394.2799987792969,335.9200134277344,46.729000091552734,36.060001373291016,267.42999267578125,237.72999572753906,53.28666687011719,107.23999786376953
2023-08-01,195.61000061035156,238.00999450683594,288.6499938964844,162.3000030517578,357.7200012207031,168.88999938964844,157.17999267578125,61.77000045776367,397.07000732421875,336.3399963378906,46.50699996948242,35.61000061035156,261.07000732421875,239.77999877929688,53.03666687011719,106.62000274658203
2023-08-02,192.5800018310547,231.3800048828125,287.57000732421875,159.72999572753906,351.1000061035156,169.91000366210938,155.39999389648438,61.959999084472656,390.0199890136719,327.5,44.26900100708008,35.349998474121094,254.11000061035156,237.55999755859375,53.073333740234375,105.29000091552734
2023-08-03,191.1699981689453,231.36000061035156,281.45001220703125,159.6699981689453,353.1600036621094,170.63999938964844,156.35000610351562,61.63999938964844,393.010009765625,326.6600036621094,44.51499938964844,35.0,259.32000732421875,238.75999450683594,53.086666107177734,107.12000274658203
2023-08-04,181.99000549316406,231.36000061035156,276.44000244140625,159.30999755859375,353.2200012207031,169.0399932861328,156.02000427246094,60.709999084472656,391.3500061035156,327.7799987792969,44.68000030517578,35.02000045776367,253.86000061035156,238.99000549316406,52.779998779296875,107.41999816894531
2023-08-07,178.85000610351562,238.25,281.6499938964844,159.88999938964844,355.55999755859375,173.10000610351562,156.75999450683594,61.189998626708984,396.8699951171875,330.1099853515625,45.41699981689453,35.68000030517578,251.4499969482422,241.50999450683594,53.496665954589844,107.19999694824219
2023-08-08,179.8000030517578,238.0399932861328,282.8900146484375,159.64999389648438,348.260009765625,173.17999267578125,155.8800048828125,60.91999816894531,393.19000244140625,326.04998779296875,44.66400146484375,35.63999938964844,249.6999969482422,239.2899932861328,53.54999923706055,107.7300033569336
2023-08-09,178.19000244140625,237.86000061035156,284.5299987792969,159.86000061035156,342.69000244140625,173.07000732421875,153.7899932861328,61.060001373291016,393.6700134277344,322.2300109863281,42.55400085449219,35.84000015258789,242.19000244140625,239.75999450683594,53.63666534423828,109.55999755859375
2023-08-10,177.97000122070312,238.25999450683594,283.82000732421875,160.8300018310547,340.3999938964844,172.1699981689453,153.55999755859375,60.91999816894531,397.1400146484375,322.92999267578125,42.38800048828125,35.720001220703125,245.33999633789062,240.16000366210938,53.41999816894531,110.12000274658203
2023-08-11,177.7899932861328,235.72000122070312,285.2200012207031,164.14999389648438,340.7300109863281,173.85000610351562,154.4499969482422,61.16999816894531,394.9800109863281,321.010009765625,40.85499954223633,36.040000915527344,242.64999389648438,240.0399932861328,53.733333587646484,111.83000183105469
2023-08-14,179.4600067138672,236.7100067138672,284.5400085449219,164.02999877929688,337.739990234375,173.44000244140625,154.77000427246094,60.880001068115234,398.5799865722656,324.0400085449219,43.75299835205078,36.06999969482422,239.75999450683594,242.89999389648438,53.33333206176758,111.91999816894531
2023-08-15,177.4499969482422,232.25999450683594,277.3699951171875,159.24000549316406,332.2099914550781,172.94000244140625,150.8300018310547,60.470001220703125,394.45001220703125,321.8599853515625,43.939998626708984,35.38999938964844,232.9600067138672,239.8300018310547,53.060001373291016,108.16000366210938
2023-08-16,176.57000732421875,229.9499969482422,274.510009765625,158.6300048828125,329.1099853515625,172.38999938964844,150.19000244140625,60.47999954223633,394.3699951171875,320.3999938964844,43.486000061035156,35.47999954223633,225.60000610351562,239.2899932861328,53.086666107177734,106.33999633789062
2023-08-17,174.0,224.5399932861328,275.1700134277344,159.75,327.5199890136719,174.00999450683594,148.6300048828125,60.61000061035156,392.6199951171875,316.8800048828125,43.34400177001953,36.5099983215332,219.22000122070312,237.3699951171875,51.89666748046875,108.4000015258789
2023-08-18,174.49000549316406,226.64999389648438,273.79998779296875,160.89999389648438,324.92999267578125,172.49000549316406,148.97000122070312,60.95000076293945,392.1700134277344,316.4800109863281,43.29899978637695,36.65999984741211,215.49000549316406,238.1699981689453,52.643333435058594,110.04000091552734
2023-08-21,175.83999633789062,227.22000122070312,272.75,160.36000061035156,322.05999755859375,167.35000610351562,149.47999572753906,60.43000030517578,393.20001220703125,321.8800048828125,46.96699905395508,37.0099983215332,231.27999877929688,239.4600067138672,52.503334045410156,108.70999908447266
2023-08-22,177.22999572753906,230.07000732421875,270.20001220703125,159.0399932861328,318.7900085449219,166.02000427246094,146.3800048828125,60.060001373291016,397.8399963378906,322.4599914550781,45.667999267578125,36.84000015258789,233.19000244140625,240.57000732421875,52.336666107177734,108.0999984741211
2023-08-23,181.1199951171875,228.5800018310547,273.0299987792969,159.25,322.3299865722656,164.52999877929688,147.3699951171875,60.27000045776367,401.05999755859375,327.0,47.11600112915039,36.65999984741211,236.86000061035156,242.3000030517578,52.70000076293945,107.1500015258789
2023-08-24,176.3800048828125,217.30999755859375,269.29998779296875,157.94000244140625,319.9599914550781,165.08999633789062,147.22999572753906,60.11000061035156,397.6700134277344,319.9700012207031,47.16299819946289,36.15999984741211,230.0399932861328,239.47000122070312,52.29666519165039,106.3499984741211
2023-08-25,178.61000061035156,223.41000366210938,272.55999755859375,159.1199951171875,320.1499938964844,166.25,147.0500030517578,60.38999938964844,402.8900146484375,322.9800109863281,46.018001556396484,36.380001068115234,238.58999633789062,242.57000732421875,52.606666564941406,108.25
2023-08-28,180.19000244140625,227.05999755859375,274.7900085449219,160.2100067138672,325.9700012207031,164.2899932861328,147.55999755859375,60.560001373291016,407.44000244140625,323.70001220703125,46.834999084472656,36.209999084472656,238.82000732421875,243.8300018310547,52.90666580200195,109.16000366210938
2023-08-29,184.1199951171875,227.25,280.0299987792969,159.9600067138672,332.54998779296875,164.30999755859375,148.75999450683594,60.5,411.6499938964844,328.4100036621094,48.784000396728516,36.150001525878906,257.17999267578125,245.33999633789062,53.349998474121094,109.80999755859375
2023-08-30,187.64999389648438,228.85000610351562,282.3299865722656,160.17999267578125,328.5799865722656,163.72999572753906,148.16000366210938,60.470001220703125,413.9100036621094,328.7900085449219,49.263999938964844,35.900001525878906,256.8999938964844,246.22999572753906,53.733333587646484,110.87999725341797
2023-08-31,187.8699951171875,224.02999877929688,281.1300048828125,161.10000610351562,327.7099914550781,161.67999267578125,146.3300018310547,59.83000183105469,412.6400146484375,327.760009765625,49.35499954223633,35.380001068115234,258.0799865722656,245.67999267578125,54.20333480834961,111.19000244140625
2023-09-01,189.4600067138672,223.39999389648438,286.25,164.3000030517578,327.3999938964844,160.47999572753906,146.82000732421875,59.310001373291016,415.57000732421875,328.6600036621094,48.50899887084961,35.779998779296875,245.00999450683594,248.11000061035156,53.856666564941406,113.5199966430664
2023-09-05,189.6999969482422,222.57000732421875,281.6300048828125,166.4600067138672,323.75,160.67999267578125,145.1999969482422,58.81999969482422,411.5,333.54998779296875,48.54800033569336,35.380001068115234,256.489990234375,245.33999633789062,53.42333221435547,113.52999877929688
2023-09-06,182.91000366210938,217.9499969482422,282.8999938964844,166.6300048828125,321.1300048828125,158.00999450683594,144.9600067138672,58.779998779296875,413.17999267578125,332.8800048828125,47.06100082397461,34.369998931884766,251.9199981689453,246.16000366210938,53.823333740234375,114.51000213623047
2023-09-07,177.55999755859375,216.0500030517578,281.42999267578125,166.63999938964844,321.9599914550781,160.02999877929688,143.72000122070312,58.33000183105469,414.6199951171875,329.9100036621094,46.24100112915039,34.279998779296875,251.49000549316406,247.13999938964844,54.4900016784668,113.94999694824219
2023-09-08,178.17999267578125,211.27000427246094,282.2799987792969,167.2100067138672,325.5199890136719,160.55999755859375,143.8300018310547,58.33000183105469,414.8399963378906,334.2699890136719,45.571998596191406,34.25,248.5,247.2899932861328,54.59000015258789,115.61000061035156
2023-09-11,179.36000061035156,211.00999450683594,282.04998779296875,163.75999450683594,324.6499938964844,162.66000366210938,144.4600067138672,58.880001068115234,416.69000244140625,337.94000244140625,45.178001403808594,33.939998626708984,273.5799865722656,247.22000122070312,54.779998779296875,114.16000366210938
2023-09-12,176.3000030517578,210.64999389648438,281.80999755859375,166.80999755859375,330.8999938964844,163.5800018310547,146.33999633789062,58.29999923706055,416.2699890136719,331.7699890136719,44.869998931884766,34.150001525878906,267.4800109863281,247.3000030517578,54.84000015258789,117.48999786376953
2023-09-13,174.2100067138672,208.39999389648438,275.9200134277344,166.1999969482422,334.9800109863281,163.99000549316406,146.41000366210938,58.439998626708984,416.29998779296875,336.05999755859375,45.48500061035156,34.08000183105469,271.29998779296875,247.8300018310547,54.85333251953125,116.44000244140625
2023-09-14,175.74000549316406,209.0500030517578,282.55999755859375,167.22999572753906,344.57000732421875,163.74000549316406,149.25,58.459999084472656,413.3399963378906,338.70001220703125,45.58100128173828,34.150001525878906,276.0400085449219,241.5,55.08333206176758,118.5199966430664
2023-09-15,175.00999450683594,208.11000061035156,279.1499938964844,166.5,342.5400085449219,161.4499969482422,148.80999755859375,57.939998626708984,414.30999755859375,330.2200012207031,43.900001525878906,34.06999969482422,274.3900146484375,241.07000732421875,54.880001068115234,116.69999694824219
2023-09-18,177.97000122070312,205.1199951171875,280.94000244140625,167.22000122070312,343.32000732421875,162.47000122070312,149.1199951171875,58.29999923706055,417.1300048828125,329.05999755859375,43.965999603271484,33.63999938964844,265.2799987792969,244.66000366210938,54.473331451416016,117.63999938964844
2023-09-19,179.07000732421875,204.47999572753906,279.6700134277344,167.1999969482422,341.8900146484375,162.1999969482422,148.92999267578125,58.18000030517578,413.5299987792969,328.6499938964844,43.52000045776367,33.9900016784668,266.5,243.55999755859375,54.459999084472656,117.33000183105469
2023-09-20,175.49000549316406,202.3699951171875,278.6099853515625,166.69000244140625,336.70001220703125,162.91000366210938,148.3000030517578,58.439998626708984,410.5199890136719,320.7699890136719,42.23899841308594,33.619998931884766,262.5899963378906,241.86000061035156,54.63666534423828,116.4000015258789
2023-09-21,173.92999267578125,199.9499969482422,272.0299987792969,165.19000244140625,330.239990234375,161.66000366210938,147.13999938964844,57.540000915527344,403.3599853515625,319.5299987792969,41.016998291015625,32.849998474121094,255.6999969482422,236.61000061035156,53.973331451416016,114.76000213623047
2023-09-22,174.7899932861328,197.7100067138672,273.05999755859375,166.27999877929688,327.8900146484375,160.5,145.72999572753906,57.599998474121094,402.2200012207031,317.010009765625,41.61000061035156,32.689998626708984,244.8800048828125,235.0800018310547,54.116668701171875,114.94000244140625
2023-09-25,176.0800018310547,198.77999877929688,274.2699890136719,168.7100067138672,328.8399963378906,160.25999450683594,146.4499969482422,57.0,402.489990234375,317.5400085449219,42.22200012207031,32.97999954223633,246.99000549316406,233.36000061035156,54.356666564941406,116.2300033569336
2023-09-26,171.9600067138672,195.63999938964844,269.5199890136719,167.8000030517578,323.82000732421875,159.02000427246094,144.92999267578125,56.529998779296875,395.3800048828125,312.1400146484375,41.9109992980957,32.400001525878906,244.1199951171875,229.64999389648438,54.16666793823242,116.41000366210938
2023-09-27,170.42999267578125,195.4600067138672,272.7099914550781,171.0399932861328,321.95001220703125,157.11000061035156,145.77999877929688,55.95000076293945,395.4800109863281,312.7900085449219,42.46799850463867,32.099998474121094,240.5,229.5,53.90666580200195,120.19999694824219
2023-09-28,170.69000244140625,190.42999267578125,276.239990234375,170.58999633789062,325.20001220703125,156.8800048828125,147.58999633789062,55.810001373291016,399.44000244140625,313.6400146484375,43.0890007019043,32.09000015258789,246.3800048828125,231.66000366210938,54.18000030517578,119.47000122070312
2023-09-29,171.2100067138672,191.67999267578125,273.0,168.6199951171875,323.57000732421875,155.75,145.02000427246094,55.97999954223633,395.9100036621094,315.75,43.499000549316406,33.16999816894531,250.22000122070312,230.00999450683594,53.310001373291016,117.58000183105469
2023-10-02,173.75,187.8300018310547,271.7200012207031,166.5399932861328,318.5,155.14999389648438,143.77000427246094,55.47999954223633,395.8500061035156,321.79998779296875,44.78200149536133,33.939998626708984,251.60000610351562,231.27000427246094,53.366668701171875,115.62999725341797
2023-10-03,172.39999389648438,188.9199981689453,268.9700012207031,166.92999267578125,306.1199951171875,155.33999633789062,142.7100067138672,54.880001068115234,391.05999755859375,313.3900146484375,43.516998291015625,33.900001525878906,246.52999877929688,228.80999755859375,53.029998779296875,115.83000183105469
2023-10-04,173.66000366210938,186.72999572753906,265.0299987792969,163.0399932861328,308.6000061035156,155.52000427246094,143.35000610351562,55.040000915527344,393.760009765625,318.9599914550781,44.04100036621094,33.310001373291016,261.1600036621094,231.22000122070312,53.66666793823242,111.5
2023-10-05,174.91000366210938,186.2899932861328,260.79998779296875,163.89999389648438,310.5,157.13999938964844,142.89999389648438,52.380001068115234,394.20001220703125,319.3599853515625,44.6879997253418,33.470001220703125,260.04998779296875,233.47999572753906,53.026668548583984,108.98999786376953
2023-10-06,177.49000549316406,187.3800048828125,266.0400085449219,162.22999572753906,312.4800109863281,157.63999938964844,145.10000610351562,53.13999938964844,397.9700012207031,327.260009765625,45.762001037597656,33.130001068115234,260.5299987792969,235.0399932861328,52.13666534423828,107.16999816894531
2023-10-09,178.99000549316406,188.49000549316406,271.29998779296875,166.72000122070312,312.6099853515625,158.5399932861328,144.77000427246094,52.880001068115234,394.739990234375,329.82000732421875,45.27299880981445,33.20000076293945,259.6700134277344,234.44000244140625,51.9466667175293,110.91999816894531
2023-10-10,178.38999938964844,193.52999877929688,273.2099914550781,166.5399932861328,314.7699890136719,158.36000061035156,145.64999389648438,54.029998779296875,400.3699951171875,328.3900146484375,45.79800033569336,33.16999816894531,263.6199951171875,236.60000610351562,52.53333282470703,110.44999694824219
2023-10-11,179.8000030517578,196.07000732421875,272.8299865722656,161.10000610351562,313.0199890136719,156.17999267578125,146.14999389648438,53.709999084472656,399.80999755859375,332.4200134277344,46.805999755859375,33.11000061035156,262.989990234375,235.67999267578125,52.74333190917969,106.48999786376953
2023-10-12,180.7100067138672,191.3000030517578,269.6099853515625,161.22999572753906,309.8500061035156,156.3300018310547,145.80999755859375,52.810001373291016,399.8999938964844,331.1600036621094,46.94499969482422,32.91999816894531,258.8699951171875,236.77999877929688,52.983333587646484,106.47000122070312
2023-10-13,178.85000610351562,184.91000366210938,267.94000244140625,164.05999755859375,309.29998779296875,156.85000610351562,148.0,52.88999938964844,398.0299987792969,327.7300109863281,45.46099853515625,32.11000061035156,251.1199951171875,237.6699981689453,53.276668548583984,109.87000274658203
2023-10-16,178.72000122070312,184.92999267578125,270.7900085449219,165.39999389648438,314.3900146484375,157.52999877929688,147.85000610351562,53.43000030517578,401.1600036621094,332.6400146484375,46.095001220703125,33.27000045776367,253.9199981689453,240.07000732421875,53.73666763305664,109.94999694824219
2023-10-17,177.14999389648438,185.60000610351562,272.6499938964844,167.58999633789062,309.3599853515625,156.08999633789062,147.52999877929688,54.06999969482422,401.7699890136719,332.05999755859375,43.9379997253418,32.75,254.85000610351562,241.1999969482422,53.80666732788086,111.38999938964844
2023-10-18,175.83999633789062,185.69000244140625,259.2200012207031,168.9199981689453,301.9599914550781,152.72999572753906,145.91000366210938,54.04999923706055,393.2099914550781,330.1099853515625,42.19599914550781,31.40999984741211,242.67999267578125,237.47000122070312,53.8466682434082,112.94999694824219
2023-10-19,175.4600067138672,182.7899932861328,252.88999938964844,169.10000610351562,299.19000244140625,152.32000732421875,145.2899932861328,54.349998474121094,387.8699951171875,331.32000732421875,42.10100173950195,31.190000534057617,220.11000061035156,233.80999755859375,53.59000015258789,113.0199966430664
2023-10-20,172.8800048828125,180.0399932861328,249.1999969482422,166.8300018310547,300.04998779296875,153.0,142.9499969482422,54.56999969482422,384.4100036621094,326.6700134277344,41.387001037597656,30.649999618530273,211.99000549316406,233.3800048828125,52.91999816894531,111.08000183105469
2023-10-23,173.0,181.02999877929688,247.32000732421875,160.67999267578125,299.2200012207031,151.38999938964844,141.0,54.08000183105469,383.6700134277344,329.32000732421875,42.974998474121094,30.84000015258789,212.0800018310547,231.52999877929688,53.66999816894531,109.44999694824219
2023-10-24,173.44000244140625,182.36000061035156,249.5500030517578,156.64999389648438,299.17999267578125,151.22999572753906,141.1699981689453,55.63999938964844,386.9100036621094,330.5299987792969,43.66299819946289,30.43000030517578,216.52000427246094,234.64999389648438,54.41666793823242,108.38999938964844
2023-10-25,171.10000610351562,177.72999572753906,244.94000244140625,155.8699951171875,296.760009765625,151.57000732421875,140.39999389648438,56.119998931884766,386.30999755859375,340.6700134277344,41.77899932861328,30.729999542236328,212.4199981689453,236.85000610351562,54.253334045410156,108.58999633789062
2023-10-26,166.88999938964844,179.08999633789062,242.42999267578125,154.75,296.989990234375,149.0,140.75999450683594,55.779998779296875,364.5899963378906,327.8900146484375,40.32600021362305,31.15999984741211,205.75999450683594,231.27999877929688,53.92333221435547,107.5999984741211
2023-10-27,168.22000122070312,179.69000244140625,238.55999755859375,144.35000610351562,289.9100036621094,145.60000610351562,135.69000244140625,55.2400016784668,364.0799865722656,329.80999755859375,40.5,30.110000610351562,207.3000030517578,229.27000427246094,53.723331451416016,105.55000305175781
2023-10-30,170.2899932861328,182.35000610351562,242.16000366210938,146.08999633789062,300.8299865722656,147.02999877929688,137.4199981689453,56.150001525878906,372.4200134277344,337.30999755859375,41.1609992980957,30.549999237060547,197.36000061035156,233.0800018310547,54.34000015258789,105.87999725341797
2023-10-31,170.77000427246094,186.82000732421875,226.0500030517578,145.72999572753906,303.6099853515625,148.33999633789062,139.05999755859375,56.4900016784668,376.3500061035156,338.1099853515625,40.779998779296875,30.559999465942383,200.83999633789062,235.10000610351562,54.470001220703125,105.8499984741211
2023-11-01,173.97000122070312,189.3800048828125,231.8300018310547,143.97999572753906,307.1600036621094,148.69000244140625,138.94000244140625,56.439998626708984,377.82000732421875,346.07000732421875,42.32500076293945,30.510000228881836,205.66000366210938,238.5800018310547,54.956668853759766,105.63999938964844
2023-11-02,177.57000732421875,192.00999450683594,239.1199951171875,148.75999450683594,313.760009765625,150.24000549316406,141.4199981689453,57.09000015258789,382.69000244140625,348.32000732421875,43.50600051879883,30.5,218.50999450683594,243.25,55.17333221435547,109.11000061035156
2023-11-03,176.64999389648438,195.0500030517578,240.75,147.61000061035156,327.6199951171875,151.33999633789062,143.0,56.7400016784668,386.04998779296875,352.79998779296875,45.005001068115234,31.260000228881836,219.9600067138672,243.60000610351562,54.88666534423828,107.77999877929688
2023-11-06,179.22999572753906,192.9499969482422,238.27999877929688,147.0,323.9100036621094,151.6999969482422,144.0800018310547,56.970001220703125,386.1600036621094,356.5299987792969,45.750999450683594,31.18000030517578,219.27000427246094,243.49000549316406,54.959999084472656,105.87000274658203
2023-11-07,181.82000732421875,191.41000366210938,234.9199981689453,144.41000366210938,323.95001220703125,150.89999389648438,144.00999450683594,57.18000030517578,388.8699951171875,360.5299987792969,45.95500183105469,31.25,222.17999267578125,244.77000427246094,55.21666717529297,104.20999908447266
2023-11-08,182.88999938964844,191.8300018310547,234.82000732421875,142.39999389648438,324.55999755859375,150.35000610351562,144.72000122070312,57.09000015258789,389.70001220703125,363.20001220703125,46.57400131225586,30.81999969482422,222.11000061035156,243.91000366210938,54.766666412353516,102.93000030517578
2023-11-09,182.41000366210938,193.3300018310547,234.14999389648438,141.94000244140625,320.7799987792969,147.4199981689453,144.2899932861328,56.65999984741211,387.9599914550781,360.69000244140625,46.95000076293945,29.68000030517578,209.97999572753906,241.63999938964844,54.63999938964844,102.95999908447266
2023-11-10,186.39999389648438,196.64999389648438,239.67999267578125,142.9499969482422,325.510009765625,147.25,146.42999267578125,56.720001220703125,394.3800048828125,369.6700134277344,48.334999084472656,29.479999542236328,214.64999389648438,245.25,55.39666748046875,103.75
2023-11-13,184.8000030517578,204.5399932861328,241.6699981689453,144.0,326.9100036621094,147.6300048828125,145.77999877929688,56.93000030517578,394.3500061035156,366.67999267578125,48.619998931884766,28.979999542236328,223.7100067138672,244.6699981689453,55.893333435058594,104.83999633789062
2023-11-14,187.44000244140625,207.47000122070312,247.86000061035156,145.0500030517578,338.7200012207031,147.66000366210938,148.44000244140625,57.099998474121094,397.6499938964844,370.2699890136719,49.65599822998047,29.260000228881836,237.41000366210938,246.94000244140625,55.883331298828125,104.29000091552734
2023-11-15,188.00999450683594,208.7100067138672,251.08999633789062,145.55999755859375,337.6000061035156,148.8000030517578,149.74000549316406,57.209999084472656,396.8299865722656,369.6700134277344,48.88800048828125,30.190000534057617,242.83999633789062,248.11000061035156,56.59333419799805,103.66000366210938
2023-11-16,189.7100067138672,206.60000610351562,248.2100067138672,141.77000427246094,336.6700134277344,150.10000610351562,151.4499969482422,57.150001525878906,397.1000061035156,376.1700134277344,49.47999954223633,29.770000457763672,233.58999633789062,248.57000732421875,52.01333236694336,102.45999908447266
2023-11-17,189.69000244140625,208.0399932861328,253.07000732421875,144.4600067138672,339.19000244140625,149.7899932861328,152.82000732421875,57.2599983215332,400.29998779296875,369.8500061035156,49.29800033569336,29.920000076293945,234.3000030517578,249.55999755859375,51.78333282470703,104.95999908447266
2023-11-20,191.4499969482422,217.7100067138672,250.4499969482422,144.3800048828125,339.45001220703125,149.91000366210938,153.2899932861328,57.400001525878906,404.3999938964844,377.44000244140625,50.409000396728516,29.979999542236328,235.60000610351562,249.97000122070312,51.766666412353516,104.5
2023-11-21,190.63999938964844,218.27000427246094,249.41000366210938,144.0399932861328,334.9700012207031,151.1199951171875,152.97000122070312,58.029998779296875,408.95001220703125,373.07000732421875,49.944000244140625,30.299999237060547,241.1999969482422,252.22999572753906,51.95333480834961,104.45999908447266
2023-11-22,191.30999755859375,219.91000366210938,246.00999450683594,144.3300018310547,338.6400146484375,150.82000732421875,153.3300018310547,58.41999816894531,410.3299865722656,377.8500061035156,48.715999603271484,30.31999969482422,234.2100067138672,253.72000122070312,51.55666732788086,104.01000213623047
2023-11-24,189.97000122070312,220.0,247.36000061035156,144.89999389648438,339.1499938964844,152.5,153.5399932861328,58.56999969482422,412.5,377.42999267578125,47.7760009765625,30.5,235.4499969482422,254.3000030517578,52.02000045776367,104.56999969482422
2023-11-27,189.7899932861328,219.3000030517578,247.38999938964844,144.36000061035156,337.7099914550781,151.27999877929688,153.19000244140625,58.459999084472656,408.9700012207031,378.6099853515625,48.242000579833984,30.139999389648438,236.0800018310547,254.13999938964844,52.25666809082031,103.95999908447266
2023-11-28,190.39999389648438,222.3699951171875,247.5,145.50999450683594,337.6499938964844,151.6300048828125,153.5399932861328,58.58000183105469,409.010009765625,382.70001220703125,47.82099914550781,29.690000534057617,246.72000122070312,252.94000244140625,52.880001068115234,103.9000015258789
2023-11-29,189.3699951171875,224.42999267578125,249.4499969482422,143.91000366210938,340.260009765625,152.11000061035156,154.32000732421875,58.22999954223633,409.82000732421875,378.8500061035156,48.13999938964844,30.079999923706055,244.13999938964844,254.22999572753906,52.026668548583984,102.33999633789062
2023-11-30,189.9499969482422,231.6300048828125,250.72000122070312,143.60000610351562,341.5400085449219,154.66000366210938,156.0800018310547,58.439998626708984,413.8299865722656,378.9100036621094,46.77000045776367,30.469999313354492,240.0800018310547,256.67999267578125,51.89666748046875,102.73999786376953
2023-12-01,191.24000549316406,233.8699951171875,256.760009765625,144.80999755859375,348.42999267578125,158.3800048828125,156.83999633789062,58.63999938964844,414.3599853515625,374.510009765625,46.76499938964844,28.90999984741211,238.8300018310547,256.45001220703125,51.4466667175293,102.98999786376953
2023-12-04,189.42999267578125,234.8699951171875,254.75,144.8699951171875,349.3900146484375,158.8800048828125,157.99000549316406,58.56999969482422,408.2300109863281,369.1400146484375,45.5099983215332,29.280000686645508,235.5800018310547,254.44000244140625,51.43333435058594,102.43000030517578
2023-12-05,193.4199981689453,234.16000366210938,255.19000244140625,142.86000061035156,341.75,158.5500030517578,157.97000122070312,58.65999984741211,408.69000244140625,372.5199890136719,46.566001892089844,29.09000015258789,238.72000122070312,254.61000061035156,51.90999984741211,100.44000244140625
2023-12-06,192.32000732421875,236.88999938964844,255.97000122070312,142.52999877929688,341.9700012207031,156.6199951171875,156.30999755859375,58.599998474121094,410.3800048828125,368.79998779296875,45.50299835205078,28.790000915527344,239.3699951171875,254.2899932861328,51.3466682434082,99.11000061035156
2023-12-07,194.27000427246094,237.3300018310547,257.4100036621094,142.4199981689453,344.6199951171875,155.39999389648438,156.7899932861328,58.7400016784668,413.1499938964844,370.95001220703125,46.59600067138672,28.6299991607666,242.63999938964844,255.82000732421875,50.81999969482422,98.41999816894531
2023-12-08,195.7100067138672,244.6999969482422,259.5,144.30999755859375,350.8299865722656,154.4199981689453,158.52000427246094,58.61000061035156,412.1600036621094,374.2300109863281,47.50600051879883,28.780000686645508,243.83999633789062,255.74000549316406,50.28666687011719,99.55000305175781
2023-12-11,193.17999267578125,248.0800018310547,260.9200134277344,144.35000610351562,351.760009765625,155.05999755859375,159.10000610351562,59.040000915527344,415.7099914550781,371.29998779296875,46.62699890136719,28.639999389648438,239.74000549316406,256.5199890136719,50.413333892822266,99.62000274658203
2023-12-12,194.7100067138672,248.6300048828125,261.42999267578125,142.5,352.6099853515625,155.07000732421875,160.52000427246094,59.41999816894531,420.75,374.3800048828125,47.65700149536133,28.579999923706055,237.00999450683594,259.55999755859375,50.45333480834961,98.05000305175781
2023-12-13,197.9600067138672,250.91000366210938,267.9700012207031,144.61000061035156,362.7300109863281,155.7899932861328,161.05999755859375,59.93000030517578,424.67999267578125,374.3699951171875,48.0880012512207,26.65999984741211,239.2899932861328,262.3800048828125,51.349998474121094,98.91999816894531
2023-12-14,198.11000061035156,256.239990234375,285.1700134277344,149.92999267578125,383.4700012207031,156.8699951171875,163.99000549316406,59.040000915527344,418.55999755859375,365.92999267578125,48.349998474121094,26.1299991607666,251.0500030517578,258.7300109863281,50.723331451416016,101.58000183105469
2023-12-15,197.57000732421875,264.2699890136719,285.739990234375,149.35000610351562,380.510009765625,155.16000366210938,165.22999572753906,58.599998474121094,418.57000732421875,370.7300109863281,48.88999938964844,26.6299991607666,253.5,258.0299987792969,50.913333892822266,100.9000015258789
2023-12-18,195.88999938964844,260.4100036621094,285.7099914550781,149.67999267578125,376.3999938964844,155.44000244140625,166.22999572753906,59.02000045776367,424.42999267578125,372.6499938964844,50.07699966430664,27.059999465942383,252.0800018310547,258.3699951171875,51.65666580200195,101.6500015258789
2023-12-19,196.94000244140625,263.510009765625,292.9599914550781,151.63999938964844,382.45001220703125,156.4600067138672,168.4499969482422,58.83000183105469,425.4700012207031,373.260009765625,49.604000091552734,28.15999984741211,257.2200012207031,259.989990234375,51.84333419799805,102.98999786376953
2023-12-20,194.8300018310547,260.25,289.7099914550781,150.25,377.5199890136719,153.27000427246094,166.5500030517578,57.61000061035156,419.45001220703125,370.6199951171875,48.111000061035156,27.6299991607666,247.13999938964844,257.1099853515625,51.23666763305664,101.2699966430664
2023-12-21,194.67999267578125,262.0199890136719,290.07000732421875,150.7100067138672,380.57000732421875,154.83999633789062,167.5,57.9900016784668,423.44000244140625,373.5400085449219,48.9900016784668,28.309999465942383,254.5,259.5400085449219,51.599998474121094,101.7300033569336
2023-12-22,193.60000610351562,260.44000244140625,290.3599853515625,151.0500030517578,380.6499938964844,155.4600067138672,167.39999389648438,58.31999969482422,424.1000061035156,374.5799865722656,48.83000183105469,28.399999618530273,252.5399932861328,258.42999267578125,52.21666717529297,101.91000366210938
2023-12-26,193.0500030517578,262.7900085449219,295.6300048828125,152.41000366210938,381.6099853515625,156.13999938964844,168.38999938964844,58.560001373291016,423.6700134277344,374.6600036621094,49.27899932861328,28.40999984741211,256.6099853515625,259.1600036621094,52.13666534423828,102.13999938964844
2023-12-27,193.14999389648438,262.1000061035156,298.1199951171875,151.91000366210938,384.4800109863281,156.35000610351562,169.39999389648438,58.709999084472656,424.3599853515625,374.07000732421875,49.41699981689453,28.610000610351562,261.44000244140625,258.92999267578125,52.62666702270508,101.66000366210938
2023-12-28,193.5800018310547,260.3500061035156,296.8800048828125,149.77000427246094,386.4100036621094,156.5800018310547,170.3000030517578,58.75,426.32000732421875,375.2799987792969,49.52199935913086,28.790000915527344,253.17999267578125,260.3999938964844,52.52333450317383,100.19000244140625
2023-12-29,192.52999877929688,260.6600036621094,295.6700134277344,149.16000366210938,385.7699890136719,156.74000549316406,170.10000610351562,58.93000030517578,426.510009765625,376.0400085449219,49.52199935913086,28.790000915527344,248.47999572753906,260.3500061035156,52.54999923706055,99.9800033569336
2024-01-02,185.63999938964844,251.75999450683594,292.7099914550781,149.47999572753906,388.29998779296875,159.97000122070312,172.0800018310547,59.81999969482422,421.8900146484375,370.8699951171875,48.167999267578125,29.729999542236328,248.4199981689453,258.8699951171875,53.0966682434082,102.36000061035156
2024-01-03,184.25,243.91000366210938,284.29998779296875,152.3300018310547,381.7900085449219,160.97000122070312,171.3300018310547,59.959999084472656,418.7699890136719,370.6000061035156,47.569000244140625,29.729999542236328,238.4499969482422,257.9800109863281,53.099998474121094,103.22000122070312
2024-01-04,181.91000366210938,244.94000244140625,286.1000061035156,150.66000366210938,382.95001220703125,160.6300048828125,171.41000366210938,59.7599983215332,419.7699890136719,367.94000244140625,47.99800109863281,29.09000015258789,237.92999267578125,259.6099853515625,52.586666107177734,102.31999969482422
2024-01-05,181.17999267578125,249.0,288.92999267578125,150.39999389648438,386.44000244140625,161.1300048828125,172.27000427246094,59.66999816894531,419.4200134277344,367.75,49.09700012207031,29.469999313354492,237.49000549316406,259.69000244140625,52.23666763305664,102.62999725341797
2024-01-08,185.55999755859375,229.0,292.25,149.5,388.8599853515625,161.52999877929688,172.02000427246094,60.11000061035156,421.9800109863281,374.69000244140625,52.25299835205078,29.579999923706055,240.4499969482422,262.5400085449219,52.75,100.91999816894531
2024-01-09,185.13999938964844,225.75999450683594,292.2900085449219,145.6999969482422,383.739990234375,161.6300048828125,170.66000366210938,60.0,422.6000061035156,375.7900085449219,53.13999938964844,29.399999618530273,234.9600067138672,263.3299865722656,53.10333251953125,99.66999816894531
2024-01-10,186.19000244140625,227.83999633789062,293.3500061035156,144.5,381.9599914550781,161.8699951171875,171.02000427246094,60.20000076293945,428.2699890136719,382.7699890136719,54.349998474121094,28.989999771118164,233.94000244140625,264.55999755859375,53.76333236694336,98.69000244140625
2024-01-11,185.58999633789062,222.66000366210938,292.05999755859375,145.27999877929688,379.75,161.14999389648438,170.3000030517578,59.810001373291016,426.7200012207031,384.6300048828125,54.821998596191406,28.399999618530273,227.22000122070312,264.0299987792969,53.70333480834961,98.66999816894531
2024-01-12,185.9199981689453,217.6999969482422,290.4100036621094,147.27000427246094,377.75,162.38999938964844,169.0500030517578,60.38999938964844,429.1000061035156,388.4700012207031,54.709999084472656,28.700000762939453,218.88999938964844,264.1700134277344,53.77333450317383,99.94999694824219
2024-01-16,183.6300048828125,200.52000427246094,287.2300109863281,143.69000244140625,380.45001220703125,160.52000427246094,167.99000549316406,59.9900016784668,428.3500061035156,390.2699890136719,56.38199996948242,28.31999969482422,219.91000366210938,265.239990234375,53.94333267211914,97.69000244140625
2024-01-17,182.67999267578125,203.05999755859375,278.6300048828125,143.1199951171875,377.17999267578125,160.42999267578125,167.08999633789062,59.9900016784668,427.4200134277344,389.4700012207031,56.053001403808594,28.149999618530273,215.5500030517578,266.6300048828125,53.689998626708984,96.9800033569336
2024-01-18,188.6300048828125,211.61000061035156,281.8999938964844,141.82000732421875,376.9100036621094,161.2100067138672,167.4199981689453,60.15999984741211,430.7200012207031,393.8699951171875,57.106998443603516,28.09000015258789,211.8800048828125,268.1400146484375,54.413333892822266,96.80000305175781
2024-01-19,191.55999755859375,215.02000427246094,285.2799987792969,142.24000549316406,382.20001220703125,161.67999267578125,170.30999755859375,59.83000183105469,436.7799987792969,398.6700134277344,59.49100112915039,28.280000686645508,212.19000244140625,270.8999938964844,54.12666702270508,96.94999694824219
2024-01-22,193.88999938964844,214.92999267578125,288.6700134277344,142.49000549316406,385.9599914550781,162.47000122070312,170.11000061035156,59.56999969482422,439.75,396.510009765625,59.65399932861328,28.309999465942383,208.8000030517578,271.20001220703125,54.130001068115234,96.81999969482422
2024-01-23,195.17999267578125,211.5,288.8299865722656,142.08999633789062,380.7699890136719,159.80999755859375,168.99000549316406,59.849998474121094,438.760009765625,398.8999938964844,59.87300109863281,28.43000030517578,209.13999938964844,271.260009765625,54.266666412353516,97.91000366210938
2024-01-24,194.5,214.1300048828125,290.67999267578125,144.9199981689453,379.3999938964844,158.9600067138672,170.5,58.90999984741211,438.70001220703125,402.55999755859375,61.36199951171875,28.329999923706055,207.8300018310547,271.6499938964844,53.5,99.5999984741211
2024-01-25,194.1699981689453,201.8800048828125,300.7699890136719,148.57000732421875,382.70001220703125,159.55999755859375,172.94000244140625,59.15999984741211,436.79998779296875,404.8699951171875,61.617000579833984,27.469999313354492,182.6300048828125,272.6099853515625,54.279998779296875,102.12999725341797
2024-01-26,192.4199981689453,205.47000122070312,299.42999267578125,149.13999938964844,377.7900085449219,159.5,172.27999877929688,59.369998931884766,438.5299987792969,403.92999267578125,61.03099822998047,27.469999313354492,183.25,267.94000244140625,54.75666809082031,103.0
2024-01-29,191.72999572753906,205.19000244140625,303.25,149.0800018310547,380.55999755859375,159.36000061035156,172.72999572753906,59.72999954223633,440.5799865722656,409.7200012207031,62.46500015258789,27.479999542236328,190.92999267578125,273.6600036621094,55.01333236694336,103.12999725341797
2024-01-30,188.0399932861328,200.44000244140625,304.760009765625,150.1199951171875,386.8699951171875,158.77000427246094,176.27000427246094,59.900001525878906,445.19000244140625,408.5899963378906,62.77399826049805,27.020000457763672,191.58999633789062,277.1499938964844,55.1966667175293,104.8499984741211
2024-01-31,184.39999389648438,211.0399932861328,300.30999755859375,147.42999267578125,384.010009765625,158.89999389648438,174.36000061035156,59.4900016784668,449.2300109863281,397.5799865722656,61.527000427246094,27.079999923706055,187.2899932861328,273.260009765625,55.08333206176758,102.80999755859375
2024-02-01,186.86000061035156,209.80999755859375,307.69000244140625,147.88999938964844,383.8500061035156,158.36000061035156,173.72999572753906,60.97999954223633,460.9200134277344,403.7799987792969,63.027000427246094,27.290000915527344,188.86000061035156,277.04998779296875,56.10333251953125,102.38999938964844
2024-02-02,185.85000610351562,209.3800048828125,315.0899963378906,152.24000549316406,387.8599853515625,156.61000061035156,174.72999572753906,60.540000915527344,460.5799865722656,411.2200012207031,66.16000366210938,26.93000030517578,187.91000366210938,277.17999267578125,56.52333450317383,101.97000122070312
2024-02-05,187.67999267578125,206.6300048828125,321.3999938964844,152.3300018310547,383.0199890136719,155.8000030517578,174.5,60.040000915527344,456.760009765625,405.6499938964844,69.33200073242188,26.56999969482422,181.05999755859375,275.5799865722656,56.220001220703125,101.55000305175781
2024-02-06,189.3000030517578,208.5800018310547,322.7200012207031,152.35000610351562,384.989990234375,158.05999755859375,175.10000610351562,59.939998626708984,460.5,405.489990234375,68.2229995727539,27.5,185.10000610351562,276.760009765625,56.60333251953125,102.25
2024-02-07,189.41000366210938,211.9199981689453,323.5899963378906,152.1300048828125,386.6600036621094,157.97999572753906,175.42999267578125,59.9900016784668,461.9100036621094,414.04998779296875,70.0989990234375,27.559999465942383,187.5800018310547,279.3900146484375,56.459999084472656,102.22000122070312
2024-02-08,188.32000732421875,209.22000122070312,322.0,154.05999755859375,385.0400085449219,156.39999389648438,174.8000030517578,59.83000183105469,458.260009765625,414.1099853515625,69.64099884033203,27.56999969482422,189.55999755859375,275.7799987792969,56.456668853759766,103.97000122070312
2024-02-09,188.85000610351562,209.1999969482422,317.1600036621094,151.0399932861328,384.260009765625,156.75999450683594,175.00999450683594,59.560001373291016,457.8800048828125,420.54998779296875,72.13300323486328,27.559999465942383,193.57000732421875,276.42999267578125,56.426666259765625,101.7699966430664
2024-02-12,187.14999389648438,209.3300018310547,321.6300048828125,152.0800018310547,392.6400146484375,157.85000610351562,175.7899932861328,59.70000076293945,458.7099914550781,415.260009765625,72.24800109863281,27.65999984741211,188.1300048828125,275.07000732421875,56.766666412353516,103.16999816894531
2024-02-13,185.0399932861328,204.4600067138672,312.8399963378906,150.60000610351562,378.75,156.47000122070312,174.25999450683594,59.349998474121094,460.4599914550781,406.32000732421875,72.12799835205078,26.969999313354492,184.02000427246094,275.80999755859375,56.380001068115234,101.33999633789062
2024-02-14,184.14999389648438,203.3800048828125,316.7099914550781,151.00999450683594,378.0400085449219,155.74000549316406,176.02999877929688,59.290000915527344,465.19000244140625,409.489990234375,73.9000015258789,27.110000610351562,188.7100067138672,277.55999755859375,56.20000076293945,100.83999633789062
2024-02-15,183.86000061035156,205.3300018310547,323.07000732421875,154.4600067138672,385.4200134277344,157.9199981689453,179.8699951171875,59.400001525878906,471.2799987792969,406.55999755859375,72.65799713134766,27.510000228881836,200.4499969482422,280.9800109863281,56.43000030517578,103.7300033569336
2024-02-16,182.30999755859375,203.88999938964844,321.9100036621094,154.6300048828125,384.44000244140625,156.5500030517578,179.02999877929688,59.38999938964844,468.1300048828125,404.05999755859375,72.61299896240234,27.6200008392334,199.9499969482422,278.55999755859375,56.78666687011719,103.7300033569336
2024-02-20,181.55999755859375,203.3699951171875,313.739990234375,154.0,384.5199890136719,157.86000061035156,179.72999572753906,60.70000076293945,451.75,402.7900085449219,69.4520034790039,27.59000015258789,193.75999450683594,275.1499938964844,58.619998931884766,102.75
2024-02-21,182.32000732421875,201.57000732421875,317.1400146484375,155.44000244140625,388.2699890136719,158.67999267578125,180.89999389648438,61.2400016784668,459.04998779296875,402.17999267578125,67.47200012207031,27.670000076293945,194.77000427246094,276.760009765625,57.900001525878906,104.8499984741211
2024-02-22,184.3699951171875,201.5,322.0899963378906,155.42999267578125,390.4700012207031,160.4499969482422,183.07000732421875,61.150001525878906,471.55999755859375,411.6499938964844,78.53800201416016,27.549999237060547,197.41000366210938,283.75,58.470001220703125,104.76000213623047
2024-02-23,182.52000427246094,200.8300018310547,323.8800048828125,154.66000366210938,391.04998779296875,161.83999633789062,183.99000549316406,61.20000076293945,473.4200134277344,410.3399963378906,78.81700134277344,27.760000228881836,191.97000122070312,283.6000061035156,58.52000045776367,103.83999633789062
2024-02-26,181.16000366210938,200.5399932861328,325.3800048828125,154.4499969482422,390.2200012207031,160.7899932861328,183.36000061035156,60.709999084472656,474.510009765625,407.5400085449219,79.09200286865234,27.18000030517578,199.39999389648438,284.1499938964844,59.599998474121094,104.25
2024-02-27,182.6300048828125,201.39999389648438,327.6300048828125,152.16000366210938,390.80999755859375,160.97999572753906,183.4499969482422,60.34000015258789,474.75,407.4800109863281,78.70099639892578,26.889999389648438,199.72999572753906,283.1700134277344,59.59000015258789,104.02999877929688
2024-02-28,181.4199981689453,207.0,329.55999755859375,152.33999633789062,393.17999267578125,161.5500030517578,184.3800048828125,60.400001525878906,478.8500061035156,407.7200012207031,77.66300201416016,27.040000915527344,202.0399932861328,285.6300048828125,59.619998931884766,104.31999969482422
2024-02-29,180.75,203.72000122070312,333.9599914550781,152.00999450683594,389.04998779296875,161.3800048828125,186.05999755859375,60.02000045776367,474.760009765625,413.6400146484375,79.11199951171875,26.559999465942383,201.8800048828125,282.6400146484375,58.61000061035156,104.5199966430664
2024-03-01,179.66000366210938,200.0,336.70001220703125,152.80999755859375,388.1000061035156,162.1199951171875,185.2899932861328,59.529998779296875,476.6300048828125,415.5,82.27899932861328,26.59000015258789,202.63999938964844,283.1600036621094,58.7599983215332,105.83999633789062
2024-03-04,175.10000610351562,200.5399932861328,338.6499938964844,148.8800048828125,392.25,159.83999633789062,186.67999267578125,59.810001373291016,468.489990234375,414.9200134277344,85.23699951171875,25.889999389648438,188.13999938964844,280.5299987792969,59.29999923706055,104.36000061035156
2024-03-05,170.1199951171875,201.13999938964844,333.5299987792969,149.58999633789062,390.9100036621094,159.97000122070312,188.5500030517578,59.52000045776367,467.5199890136719,402.6499938964844,85.96399688720703,26.079999923706055,180.74000549316406,279.3800048828125,60.040000915527344,105.63999938964844
2024-03-06,169.1199951171875,201.0,335.6300048828125,148.3300018310547,389.57000732421875,159.33999633789062,189.52999877929688,59.54999923706055,471.6000061035156,402.0899963378906,88.69999694824219,27.190000534057617,176.5399932861328,280.42999267578125,60.56999969482422,106.7699966430664
2024-03-07,169.0,203.02999877929688,340.2200012207031,149.3699951171875,388.42999267578125,158.8699951171875,187.8699951171875,59.439998626708984,467.5400085449219,409.1400146484375,92.66899871826172,26.790000915527344,178.64999389648438,278.260009765625,60.36000061035156,107.37000274658203
2024-03-08,170.72999572753906,198.49000549316406,339.19000244140625,149.8800048828125,386.989990234375,159.52000427246094,188.22000122070312,59.52000045776367,469.260009765625,406.2200012207031,87.52799987792969,27.219999313354492,175.33999633789062,280.0400085449219,60.119998931884766,108.37999725341797
2024-03-11,172.75,192.49000549316406,334.9700012207031,152.0,386.1600036621094,161.22999572753906,188.2899932861328,60.2400016784668,469.1600036621094,404.5199890136719,85.77400207519531,28.3700008392334,177.77000427246094,280.55999755859375,60.65999984741211,109.0199966430664
2024-03-12,173.22999572753906,184.24000549316406,337.239990234375,151.88999938964844,388.17999267578125,162.74000549316406,189.83999633789062,60.5,472.8699951171875,415.2799987792969,91.91300201416016,28.010000228881836,177.5399932861328,283.9200134277344,61.40999984741211,108.31999969482422
2024-03-13,171.1300048828125,182.35000610351562,341.5199890136719,153.88999938964844,392.30999755859375,161.10000610351562,191.3800048828125,61.119998931884766,475.6099853515625,415.1000061035156,90.88800048828125,28.219999313354492,169.47999572753906,285.1400146484375,61.279998779296875,109.52999877929688
2024-03-14,173.0,181.14999389648438,341.9200134277344,155.6999969482422,388.6099853515625,159.2100067138672,187.97000122070312,60.5,479.4800109863281,425.2200012207031,87.94400024414062,28.1299991607666,162.5,286.4100036621094,61.02000045776367,111.47000122070312
2024-03-15,172.6199951171875,182.52999877929688,346.9700012207031,155.5500030517578,387.2099914550781,158.17999267578125,190.3000030517578,59.880001068115234,475.8299865722656,416.4200134277344,87.83699798583984,27.940000534057617,163.57000732421875,283.0400085449219,60.68000030517578,111.2699966430664
2024-03-18,173.72000122070312,179.83999633789062,351.8999938964844,155.41000366210938,384.3699951171875,156.75999450683594,192.66000366210938,60.130001068115234,478.8900146484375,417.32000732421875,88.45500183105469,27.719999313354492,173.8000030517578,285.04998779296875,60.86000061035156,112.30000305175781
2024-03-19,176.0800018310547,181.13999938964844,353.8999938964844,156.6199951171875,388.6600036621094,156.2100067138672,193.7899932861328,60.22999954223633,484.0,421.4100036621094,89.39800262451172,27.6299991607666,171.32000732421875,287.3500061035156,60.869998931884766,113.08999633789062
2024-03-20,178.6699981689453,187.77999877929688,356.45001220703125,154.5500030517578,396.4700012207031,155.75999450683594,196.3300018310547,60.75,488.0400085449219,425.2300109863281,90.37200164794922,27.700000762939453,175.66000366210938,289.2799987792969,61.25,112.98999786376953
2024-03-21,171.3699951171875,187.6999969482422,364.55999755859375,154.86000061035156,413.7099914550781,155.75,199.05999755859375,60.470001220703125,488.6400146484375,429.3699951171875,91.43499755859375,27.65999984741211,172.82000732421875,290.3699951171875,61.45000076293945,113.48999786376953
2024-03-22,172.27999877929688,188.85000610351562,358.1099853515625,154.66000366210938,406.82000732421875,155.22999572753906,196.6199951171875,60.4900016784668,481.6700134277344,428.739990234375,94.28900146484375,27.360000610351562,170.8300018310547,283.260009765625,60.869998931884766,113.48999786376953
2024-03-25,170.85000610351562,191.41000366210938,355.95001220703125,156.47000122070312,404.94000244140625,155.22000122070312,194.82000732421875,60.400001525878906,476.0400085449219,422.8599853515625,95.00199890136719,27.43000030517578,172.6300048828125,281.2099914550781,60.56999969482422,114.6500015258789
2024-03-26,169.7100067138672,187.5,356.3900146484375,155.27000427246094,406.17999267578125,155.77000427246094,195.72999572753906,60.540000915527344,476.79998779296875,421.6499938964844,92.56099700927734,27.59000015258789,177.6699981689453,280.6000061035156,60.5099983215332,113.79000091552734
2024-03-27,173.30999755859375,191.9499969482422,364.6499938964844,156.35000610351562,415.25,157.9600067138672,199.52000427246094,61.029998779296875,477.95001220703125,421.42999267578125,90.25,27.780000686645508,179.8300018310547,279.0199890136719,60.720001220703125,114.97000122070312
2024-03-28,171.47999572753906,192.99000549316406,366.42999267578125,157.74000549316406,417.69000244140625,158.19000244140625,200.3000030517578,61.18000030517578,481.57000732421875,420.7200012207031,90.35600280761719,27.75,175.7899932861328,279.0799865722656,60.16999816894531,116.23999786376953
2024-04-01,170.02999877929688,189.5,363.739990234375,159.0800018310547,413.510009765625,157.77999877929688,198.94000244140625,60.68000030517578,478.3999938964844,424.57000732421875,90.36299896240234,27.719999313354492,175.22000122070312,278.2799987792969,60.0,116.98999786376953
2024-04-02,168.83999633789062,188.0399932861328,364.8299865722656,159.77999877929688,410.1499938964844,157.72999572753906,198.86000061035156,60.150001525878906,479.42999267578125,421.44000244140625,89.4520034790039,27.549999237060547,166.6300048828125,278.44000244140625,59.15999984741211,119.27999877929688
2024-04-03,169.64999389648438,184.9199981689453,375.7900085449219,160.44000244140625,414.0,154.25999450683594,198.3000030517578,59.83000183105469,477.4200134277344,420.45001220703125,88.96399688720703,27.219999313354492,168.3800048828125,276.9599914550781,59.43000030517578,119.30000305175781
2024-04-04,168.82000732421875,183.2899932861328,369.7900085449219,160.69000244140625,406.25,152.5,195.64999389648438,59.29999923706055,469.7699890136719,417.8800048828125,85.90499877929688,26.649999618530273,171.11000061035156,274.0,59.5,119.72000122070312
2024-04-05,169.5800018310547,183.13999938964844,379.29998779296875,161.60000610351562,408.07000732421875,152.38999938964844,197.4499969482422,59.5099983215332,477.1499938964844,425.5199890136719,88.00800323486328,26.65999984741211,164.89999389648438,277.1400146484375,59.849998474121094,121.37000274658203
2024-04-08,168.4499969482422,181.55999755859375,373.4700012207031,161.27000427246094,410.5400085449219,151.58999633789062,198.47999572753906,59.27000045776367,478.8500061035156,424.5899963378906,87.13300323486328,26.579999923706055,172.97999572753906,277.760009765625,59.779998779296875,120.55000305175781
2024-04-09,169.6699981689453,178.1199951171875,371.8999938964844,162.0,410.7099914550781,152.2899932861328,197.14999389648438,59.720001220703125,472.1600036621094,426.2799987792969,85.35399627685547,26.780000686645508,176.8800048828125,276.7200012207031,59.790000915527344,121.18000030517578
2024-04-10,167.77999877929688,174.6300048828125,372.07000732421875,162.6699981689453,400.760009765625,150.1999969482422,195.47000122070312,58.91999816894531,469.1700134277344,423.260009765625,87.03900146484375,26.31999969482422,171.75999450683594,274.4800109863281,60.619998931884766,122.19999694824219
2024-04-11,175.0399932861328,173.36000061035156,371.9800109863281,161.88999938964844,397.4800109863281,148.7899932861328,195.42999267578125,59.04999923706055,468.30999755859375,427.92999267578125,90.61599731445312,26.34000015258789,174.60000610351562,275.67999267578125,60.09000015258789,121.79000091552734
2024-04-12,176.5500030517578,169.5500030517578,365.6300048828125,158.9600067138672,389.489990234375,147.52000427246094,182.7899932861328,58.279998779296875,465.3800048828125,421.8999938964844,88.18599700927734,25.860000610351562,171.0500030517578,275.9599914550781,60.13999938964844,120.37000274658203
2024-04-15,172.69000244140625,167.82000732421875,363.9100036621094,157.58999633789062,400.8800048828125,147.58999633789062,182.88999938964844,58.13999938964844,459.7900085449219,413.6400146484375,86.0009994506836,25.90999984741211,161.47999572753906,271.2799987792969,59.93000030517578,119.68000030517578
2024-04-16,169.3800048828125,170.5500030517578,359.8800048828125,156.27999877929688,396.8599853515625,144.4499969482422,180.8000030517578,58.060001373291016,459.82000732421875,414.5799865722656,87.41500091552734,25.690000534057617,157.11000061035156,271.3500061035156,59.84000015258789,118.69000244140625
2024-04-17,168.0,170.2100067138672,358.32000732421875,156.39999389648438,403.9100036621094,144.77000427246094,180.0800018310547,58.5099983215332,460.1600036621094,411.8399963378906,84.03500366210938,25.420000076293945,155.4499969482422,272.69000244140625,59.650001525878906,118.62999725341797
2024-04-18,167.0399932861328,170.22999572753906,357.92999267578125,157.57000732421875,403.1099853515625,145.74000549316406,181.25,58.90999984741211,454.70001220703125,404.2699890136719,84.6709976196289,25.389999389648438,149.92999267578125,271.3699951171875,59.2599983215332,118.5199966430664
2024-04-19,165.0,169.82000732421875,354.6600036621094,160.0,404.0,147.91000366210938,185.8000030517578,60.16999816894531,455.3900146484375,399.1199951171875,76.19999694824219,26.0,147.0500030517578,269.7799987792969,59.529998779296875,119.87999725341797
2024-04-22,165.83999633789062,170.47999572753906,357.6099853515625,161.9199981689453,417.3500061035156,149.1199951171875,189.41000366210938,60.54999923706055,456.75,400.9599914550781,79.51799774169922,26.260000228881836,142.0500030517578,272.3299865722656,60.13999938964844,120.55999755859375
2024-04-23,166.89999389648438,169.17999267578125,363.25,162.85000610351562,424.0,149.55999755859375,192.13999938964844,60.63999938964844,462.82000732421875,407.57000732421875,82.4229965209961,26.31999969482422,144.67999267578125,274.1099853515625,59.09000015258789,121.02999877929688
2024-04-24,169.02000427246094,164.3300018310547,363.5199890136719,163.57000732421875,423.0400085449219,148.52999877929688,193.0800018310547,61.54999923706055,462.5,409.05999755859375,79.677001953125,26.270000457763672,162.1300048828125,275.0199890136719,59.869998931884766,121.05000305175781
2024-04-25,169.88999938964844,166.80999755859375,338.0,165.27999877929688,420.04998779296875,146.82000732421875,193.3699951171875,61.7400016784668,462.1099853515625,399.0400085449219,82.63200378417969,25.260000228881836,170.17999267578125,275.1600036621094,60.209999084472656,121.33000183105469
2024-04-26,169.3000030517578,167.22000122070312,343.3800048828125,165.88999938964844,427.57000732421875,146.13999938964844,193.49000549316406,61.7400016784668,462.4200134277344,406.32000732421875,87.73500061035156,25.399999618530273,168.2899932861328,274.5199890136719,60.15999984741211,117.95999908447266
2024-04-29,173.5,173.49000549316406,349.79998779296875,166.3300018310547,430.80999755859375,146.82000732421875,193.27999877929688,62.040000915527344,457.1000061035156,402.25,87.75700378417969,25.639999389648438,194.0500030517578,271.8399963378906,60.2400016784668,119.63999938964844
2024-04-30,170.3300018310547,167.83999633789062,334.57000732421875,161.27000427246094,426.7099914550781,144.58999633789062,191.74000549316406,61.77000045776367,451.20001220703125,389.3299865722656,86.4020004272461,25.6200008392334,183.27999877929688,268.6099853515625,59.349998474121094,118.2699966430664
2024-05-01,169.3000030517578,171.4600067138672,331.07000732421875,159.6300048828125,426.95001220703125,151.17999267578125,191.86000061035156,61.93000030517578,442.07000732421875,394.94000244140625,83.04100036621094,27.18000030517578,179.99000549316406,267.32000732421875,58.849998474121094,116.02999877929688
2024-05-02,173.02999877929688,178.85000610351562,335.44000244140625,160.72999572753906,432.57000732421875,149.9199981689453,191.66000366210938,61.9900016784668,441.1000061035156,397.8399963378906,85.81700134277344,27.700000762939453,180.00999450683594,267.6099853515625,59.709999084472656,116.23999786376953
2024-05-03,183.3800048828125,179.7899932861328,336.75,160.25,438.17999267578125,149.27000427246094,190.50999450683594,62.16999816894531,443.5799865722656,406.6600036621094,88.78900146484375,27.809999465942383,181.19000244140625,268.489990234375,59.81999969482422,116.0
2024-05-06,181.7100067138672,178.35000610351562,342.1000061035156,162.3000030517578,443.6700134277344,148.5800018310547,192.0,62.349998474121094,449.3699951171875,413.5400085449219,92.13999938964844,28.15999984741211,184.75999450683594,272.6700134277344,59.869998931884766,116.75
2024-05-07,182.39999389648438,176.7100067138672,345.0,162.6699981689453,443.79998779296875,148.72000122070312,191.75,62.619998931884766,453.05999755859375,409.3399963378906,90.55400085449219,27.770000457763672,177.80999755859375,276.4599914550781,60.619998931884766,116.16999816894531
2024-05-08,182.74000549316406,180.35000610351562,344.5,162.5399932861328,446.95001220703125,148.9499969482422,195.64999389648438,62.849998474121094,454.7699890136719,410.5400085449219,90.41200256347656,28.270000457763672,174.72000122070312,277.19000244140625,60.29999923706055,116.1500015258789
2024-05-09,184.57000732421875,181.25,351.7799987792969,165.4499969482422,455.55999755859375,149.85000610351562,197.5,62.880001068115234,455.489990234375,412.32000732421875,88.74700164794922,28.18000030517578,171.97000122070312,278.5400085449219,60.439998626708984,118.44000244140625
2024-05-10,183.0500030517578,178.50999450683594,354.7900085449219,165.82000732421875,454.7300109863281,149.91000366210938,198.77000427246094,63.2599983215332,456.9800109863281,414.739990234375,89.87799835205078,28.010000228881836,168.47000122070312,280.739990234375,60.47999954223633,117.95999908447266
2024-05-13,186.27999877929688,178.44000244140625,356.67999267578125,164.52999877929688,453.55999755859375,151.22000122070312,198.72999572753906,63.58000183105469,457.760009765625,413.7200012207031,90.39900207519531,28.440000534057617,171.88999938964844,279.3900146484375,60.40999984741211,117.91000366210938
2024-05-14,187.42999267578125,180.75999450683594,358.17999267578125,163.61000061035156,458.4700012207031,151.3800048828125,201.50999450683594,63.099998474121094,454.20001220703125,416.55999755859375,91.35600280761719,28.3799991607666,177.5500030517578,277.739990234375,59.86000061035156,117.66999816894531
2024-05-15,189.72000122070312,176.99000549316406,360.0400085449219,163.0500030517578,466.0899963378906,152.6699981689453,202.11000061035156,63.130001068115234,458.0,423.0799865722656,94.62999725341797,28.81999969482422,173.99000549316406,281.5,59.83000183105469,118.58000183105469
2024-05-16,189.83999633789062,182.9600067138672,350.7200012207031,161.08999633789062,464.5199890136719,154.27999877929688,202.47000122070312,63.31999969482422,458.8699951171875,420.989990234375,94.35900115966797,28.920000076293945,174.83999633789062,279.8399963378906,64.01000213623047,117.87000274658203
2024-05-17,189.8699951171875,184.9499969482422,356.2699890136719,162.6699981689453,467.7200012207031,154.63999938964844,204.7899932861328,63.029998779296875,460.2699890136719,420.2099914550781,92.47899627685547,28.639999389648438,177.4600067138672,280.1000061035156,64.6500015258789,119.63999938964844
2024-05-20,191.0399932861328,186.61000061035156,362.75,161.13999938964844,462.94000244140625,151.27000427246094,195.5800018310547,62.56999969482422,459.6600036621094,425.3399963378906,94.77999877929688,28.530000686645508,174.9499969482422,278.5400085449219,64.18000030517578,118.66999816894531
2024-05-21,192.35000610351562,184.77999877929688,359.07000732421875,159.97000122070312,470.4100036621094,151.24000549316406,199.52000427246094,62.90999984741211,459.1000061035156,429.0400085449219,95.38600158691406,28.559999465942383,186.60000610351562,275.95001220703125,65.1500015258789,117.8499984741211
2024-05-22,190.89999389648438,186.27999877929688,355.94000244140625,157.57000732421875,462.3800048828125,153.5,198.30999755859375,63.0,456.5199890136719,430.5199890136719,94.94999694824219,29.600000381469727,180.11000061035156,275.5799865722656,65.25,115.4800033569336
2024-05-23,186.8800048828125,172.2100067138672,350.70001220703125,156.94000244140625,458.1499938964844,149.6999969482422,196.9199981689453,62.09000015258789,451.2099914550781,427.0,103.79900360107422,28.690000534057617,173.74000549316406,274.2300109863281,64.83999633789062,113.51000213623047
2024-05-24,189.97999572753906,174.52000427246094,348.8999938964844,157.75,461.17999267578125,146.97000122070312,200.7100067138672,62.0,451.17999267578125,430.1600036621094,106.46900177001953,28.8799991607666,179.24000549316406,274.489990234375,65.37999725341797,113.41999816894531
2024-05-28,189.99000549316406,175.0800018310547,346.4700012207031,159.0399932861328,459.80999755859375,144.3800048828125,199.5,61.81999969482422,445.0799865722656,430.32000732421875,113.9010009765625,28.299999237060547,176.75,270.9800109863281,65.04000091552734,114.86000061035156
2024-05-29,190.2899932861328,171.64999389648438,338.1099853515625,156.89999389648438,457.1700134277344,144.44000244140625,198.11000061035156,61.70000076293945,442.4700012207031,429.1700134277344,114.82499694824219,27.81999969482422,176.19000244140625,268.8599853515625,64.91999816894531,113.62999725341797
2024-05-30,191.2899932861328,172.75,339.25,158.25999450683594,450.2300109863281,145.27999877929688,199.3300018310547,61.970001220703125,442.1000061035156,414.6700134277344,110.5,28.200000762939453,178.7899932861328,271.29998779296875,64.88999938964844,113.98999786376953
2024-05-31,192.25,177.61000061035156,338.5199890136719,162.3000030517578,456.5199890136719,146.6699981689453,202.6300048828125,62.93000030517578,447.07000732421875,415.1300048828125,109.63300323486328,28.65999984741211,178.0800018310547,272.4599914550781,65.76000213623047,117.26000213623047
2024-06-03,194.02999877929688,184.57000732421875,331.3599853515625,157.4600067138672,454.9800109863281,147.74000549316406,201.82000732421875,62.93000030517578,443.19000244140625,413.5199890136719,115.0,29.309999465942383,176.2899932861328,270.3800048828125,65.81999969482422,114.44999694824219
2024-06-04,194.35000610351562,188.6199951171875,327.57000732421875,156.1300048828125,455.29998779296875,147.8000030517578,199.16000366210938,63.939998626708984,444.7699890136719,416.07000732421875,116.43699645996094,29.489999771118164,174.77000427246094,272.4200134277344,66.5999984741211,112.66999816894531
2024-06-05,195.8699951171875,189.85000610351562,329.45001220703125,154.97999572753906,461.67999267578125,145.97000122070312,197.25999450683594,63.91999816894531,446.6600036621094,424.010009765625,122.44000244140625,29.549999237060547,175.0,274.5,67.08999633789062,113.12000274658203
2024-06-06,194.47999572753906,191.4199981689453,328.2900085449219,155.92999267578125,458.1000061035156,146.4199981689453,196.91000366210938,64.1500015258789,448.67999267578125,424.5199890136719,120.99800109863281,28.799999237060547,177.94000244140625,277.0400085449219,67.1500015258789,113.97000122070312
2024-06-07,196.88999938964844,190.24000549316406,328.94000244140625,156.0800018310547,454.9100036621094,147.0800018310547,199.9499969482422,63.90999984741211,449.7900085449219,423.8500061035156,120.88800048828125,28.579999923706055,177.47999572753906,278.6700134277344,65.87999725341797,112.75
2024-06-10,193.1199951171875,190.1199951171875,329.6099853515625,156.74000549316406,453.54998779296875,147.1300048828125,199.61000061035156,63.59000015258789,449.25,427.8699951171875,121.79000091552734,28.06999969482422,173.7899932861328,275.0400085449219,66.95999908447266,113.08000183105469
2024-06-11,207.14999389648438,185.5,327.30999755859375,156.49000549316406,444.2699890136719,146.75999450683594,194.36000061035156,63.54999923706055,449.0400085449219,432.67999267578125,120.91000366210938,28.030000686645508,170.66000366210938,274.6700134277344,66.7300033569336,112.16999816894531
2024-06-12,213.07000732421875,182.6699981689453,328.7300109863281,154.22000122070312,448.70001220703125,145.41000366210938,191.52999877929688,62.880001068115234,443.0,441.05999755859375,125.19999694824219,27.65999984741211,177.2899932861328,270.32000732421875,66.30999755859375,110.93000030517578
2024-06-13,214.24000549316406,180.6999969482422,326.3599853515625,152.83999633789062,446.3500061035156,145.4499969482422,193.66000366210938,62.9900016784668,445.0,441.5799865722656,129.61000061035156,27.649999618530273,182.47000122070312,271.19000244140625,66.69999694824219,110.04000091552734
2024-06-14,212.49000549316406,177.27000427246094,321.4700012207031,152.57000732421875,446.4599914550781,145.5399932861328,193.77999877929688,62.54999923706055,444.6300048828125,442.57000732421875,131.8800048828125,27.530000686645508,178.00999450683594,270.6600036621094,67.0199966430664,109.11000061035156
2024-06-17,216.6699981689453,178.38999938964844,322.3999938964844,153.19000244140625,450.17999267578125,145.9499969482422,194.97999572753906,62.619998931884766,448.1099853515625,448.3699951171875,130.97999572753906,26.979999542236328,187.44000244140625,271.1700134277344,67.41999816894531,108.36000061035156
2024-06-18,214.2899932861328,174.99000549316406,325.1400146484375,153.3300018310547,457.42999267578125,145.64999389648438,197.0,62.630001068115234,450.1099853515625,446.3399963378906,135.5800018310547,27.40999984741211,184.86000061035156,273.6199951171875,67.5999984741211,109.37999725341797
2024-06-20,209.67999267578125,176.3000030517578,329.1300048828125,156.63999938964844,458.04998779296875,147.77999877929688,198.6699981689453,62.18000030517578,452.510009765625,445.70001220703125,130.77999877929688,27.739999771118164,181.57000732421875,276.82000732421875,68.01000213623047,111.73999786376953
2024-06-21,207.49000549316406,176.55999755859375,327.8399963378906,155.27999877929688,450.17999267578125,148.75,196.3000030517578,62.77000045776367,454.8500061035156,449.7799987792969,126.56999969482422,27.739999771118164,183.00999450683594,275.2200012207031,67.91000366210938,110.76000213623047
2024-06-24,208.13999938964844,179.10000610351562,330.0,159.30999755859375,462.0899963378906,149.1199951171875,198.8800048828125,63.970001220703125,456.9599914550781,447.6700134277344,118.11000061035156,28.360000610351562,182.5800018310547,276.29998779296875,68.9000015258789,114.05000305175781
2024-06-25,209.07000732421875,175.10000610351562,327.3999938964844,158.4600067138672,457.3800048828125,147.19000244140625,198.07000732421875,63.84000015258789,455.6499938964844,450.95001220703125,126.08999633789062,27.989999771118164,187.35000610351562,273.5299987792969,67.41999816894531,114.37000274658203
2024-06-26,213.25,178.5,326.7300109863281,155.9499969482422,455.8599853515625,146.82000732421875,197.42999267578125,64.05000305175781,452.3800048828125,452.1600036621094,126.4000015258789,27.420000076293945,196.3699951171875,273.6000061035156,68.29000091552734,114.41000366210938
2024-06-27,214.10000610351562,182.50999450683594,327.4599914550781,156.32000732421875,445.9599914550781,145.8000030517578,199.1699981689453,63.90999984741211,442.75,452.8500061035156,123.98999786376953,27.799999237060547,197.4199981689453,266.5899963378906,67.87999725341797,114.9000015258789
2024-06-28,210.6199951171875,182.00999450683594,333.1000061035156,156.4199981689453,452.32000732421875,146.16000366210938,202.25999450683594,63.650001525878906,441.1600036621094,446.95001220703125,123.54000091552734,27.979999542236328,197.8800048828125,262.4700012207031,67.70999908447266,115.12000274658203
2024-07-01,216.75,186.6999969482422,329.0799865722656,156.52000427246094,463.6600036621094,146.44000244140625,205.4499969482422,63.279998779296875,437.6099853515625,456.7300109863281,124.30000305175781,28.219999313354492,209.86000061035156,263.239990234375,67.4800033569336,114.95999908447266
2024-07-02,220.27000427246094,185.4199981689453,327.760009765625,156.75,465.6099853515625,146.02999877929688,208.8300018310547,63.150001525878906,444.6499938964844,459.2799987792969,122.66999816894531,27.829999923706055,231.25999450683594,268.2300109863281,68.06999969482422,114.18000030517578
2024-07-03,221.5500030517578,184.30999755859375,330.6099853515625,156.7100067138672,467.9200134277344,145.69000244140625,208.69000244140625,63.33000183105469,448.17999267578125,460.7699890136719,128.27999877929688,27.700000762939453,246.38999938964844,268.989990234375,68.23999786376953,114.76000213623047
2024-07-05,226.33999633789062,184.8300018310547,328.3500061035156,154.30999755859375,464.75,146.47999572753906,204.7899932861328,63.7599983215332,449.489990234375,467.55999755859375,125.83000183105469,28.049999237060547,251.52000427246094,270.3599853515625,70.04000091552734,113.37000274658203
2024-07-08,227.82000732421875,185.83999633789062,329.05999755859375,154.3300018310547,464.82000732421875,145.47999572753906,205.1699981689453,62.959999084472656,446.239990234375,466.239990234375,128.1999969482422,27.93000030517578,252.94000244140625,266.3999938964844,69.68000030517578,112.18000030517578
2024-07-09,228.67999267578125,183.24000549316406,326.05999755859375,152.97999572753906,472.8299865722656,147.0500030517578,207.6300048828125,62.689998626708984,444.70001220703125,459.5400085449219,131.3800048828125,27.719999313354492,262.3299865722656,265.44000244140625,69.9000015258789,110.94000244140625
2024-07-10,232.97999572753906,183.72999572753906,328.4800109863281,155.1300048828125,478.8900146484375,149.42999267578125,207.8000030517578,62.83000183105469,433.6400146484375,466.25,134.91000366210938,28.350000381469727,263.260009765625,263.0,70.41000366210938,111.91999816894531
2024-07-11,227.57000732421875,183.91000366210938,331.1300048828125,155.25999450683594,479.2300109863281,149.6999969482422,207.4499969482422,63.099998474121094,436.4200134277344,454.70001220703125,127.4000015258789,28.65999984741211,241.02999877929688,262.54998779296875,69.80000305175781,113.25
2024-07-12,230.5399932861328,182.30999755859375,335.5899963378906,155.58999633789062,479.8800048828125,149.8800048828125,204.94000244140625,63.70000076293945,440.1099853515625,453.54998779296875,129.24000549316406,28.920000076293945,248.22999572753906,265.739990234375,69.23999786376953,113.2699966430664
2024-07-15,234.39999389648438,179.11000061035156,345.7699890136719,158.0399932861328,492.2300109863281,149.24000549316406,210.0500030517578,63.40999984741211,444.0,453.9599914550781,128.44000244140625,29.100000381469727,252.63999938964844,268.45001220703125,69.61000061035156,115.20999908447266
2024-07-16,234.82000732421875,186.0500030517578,360.5799865722656,157.77000427246094,503.0199890136719,151.00999450683594,213.6199951171875,64.2699966430664,443.5299987792969,449.5199890136719,126.36000061035156,29.5,256.55999755859375,269.25,69.98999786376953,116.04000091552734
2024-07-17,228.8800048828125,184.83999633789062,357.79998779296875,161.22999572753906,502.17999267578125,156.5800018310547,216.8699951171875,65.20999908447266,451.1600036621094,443.5199890136719,117.98999786376953,30.030000686645508,248.5,272.70001220703125,71.02999877929688,117.63999938964844
2024-07-18,224.17999267578125,180.22999572753906,356.0299987792969,161.97000122070312,486.2099914550781,155.4199981689453,209.97999572753906,65.19000244140625,448.7200012207031,440.3699951171875,121.08999633789062,29.709999084472656,249.22999572753906,269.1499938964844,70.81999969482422,118.80000305175781
2024-07-19,224.30999755859375,179.6699981689453,347.6300048828125,159.14999389648438,484.92999267578125,154.69000244140625,209.77999877929688,65.29000091552734,443.69000244140625,437.1099853515625,117.93000030517578,29.969999313354492,239.1999969482422,265.4599914550781,70.75,116.06999969482422
2024-07-22,223.9600067138672,178.89999389648438,347.8699951171875,156.99000549316406,487.0400085449219,154.24000549316406,210.27999877929688,64.7699966430664,447.94000244140625,442.94000244140625,123.54000091552734,29.600000381469727,251.50999450683594,267.7099914550781,70.37999725341797,115.2699966430664
2024-07-23,225.00999450683594,186.47999572753906,344.1700134277344,154.08999633789062,492.1499938964844,152.35000610351562,210.3300018310547,64.95999908447266,441.7200012207031,444.8500061035156,122.58999633789062,29.5,246.3800048828125,264.7900085449219,70.6500015258789,113.41000366210938
2024-07-24,218.5399932861328,180.07000732421875,336.0400085449219,155.07000732421875,486.70001220703125,156.27999877929688,208.58999633789062,65.80999755859375,432.45001220703125,428.8999938964844,114.25,29.979999542236328,215.99000549316406,254.1699981689453,70.5999984741211,115.01000213623047
2024-07-25,217.49000549316406,184.35000610351562,344.29998779296875,157.5399932861328,491.7099914550781,159.63999938964844,208.6699981689453,66.06999969482422,429.6000061035156,418.3999938964844,112.27999877929688,30.18000030517578,220.25,253.74000549316406,70.0199966430664,117.43000030517578
2024-07-26,217.9600067138672,186.88999938964844,350.4800109863281,157.83999633789062,499.0299987792969,160.63999938964844,212.24000549316406,67.05000305175781,438.17999267578125,425.2699890136719,113.05999755859375,30.770000457763672,219.8000030517578,259.4599914550781,69.77999877929688,117.33000183105469
2024-07-29,218.24000549316406,185.42999267578125,344.5299987792969,156.60000610351562,492.7200012207031,158.55999755859375,210.85000610351562,66.83000183105469,441.29998779296875,426.7300109863281,111.58999633789062,30.719999313354492,232.10000610351562,261.6000061035156,69.62000274658203,116.0999984741211
2024-07-30,218.8000030517578,186.86000061035156,341.7200012207031,159.57000732421875,505.6700134277344,161.3300018310547,215.19000244140625,67.68000030517578,447.45001220703125,422.9200134277344,103.7300033569336,31.389999389648438,222.6199951171875,263.1000061035156,69.19000244140625,118.16999816894531
2024-07-31,222.0800018310547,190.60000610351562,346.20001220703125,160.47000122070312,509.0299987792969,157.85000610351562,212.8000030517578,66.73999786376953,463.7099914550781,418.3500061035156,117.0199966430664,30.540000915527344,232.07000732421875,265.6700134277344,68.63999938964844,118.58999633789062
2024-08-01,218.36000061035156,178.30999755859375,331.5199890136719,152.6199951171875,500.1199951171875,160.75999450683594,207.9600067138672,67.95999908447266,462.4100036621094,417.1099853515625,109.20999908447266,30.649999618530273,216.86000061035156,265.92999267578125,69.79000091552734,116.94999694824219
2024-08-02,219.86000061035156,169.9499969482422,320.8699951171875,148.5500030517578,470.6400146484375,164.13999938964844,199.13999938964844,69.33000183105469,462.0199890136719,408.489990234375,107.2699966430664,30.43000030517578,207.6699981689453,266.5799865722656,68.45999908447266,116.87999725341797
2024-08-05,209.27000427246094,167.02999877929688,316.79998779296875,144.66000366210938,459.0199890136719,161.25,194.89999389648438,68.0999984741211,442.0,395.1499938964844,100.44999694824219,29.739999771118164,198.8800048828125,256.44000244140625,67.58999633789062,114.7699966430664
2024-08-06,207.22999572753906,165.0399932861328,326.44000244140625,143.22999572753906,470.2200012207031,158.97000122070312,200.33999633789062,68.05000305175781,448.29998779296875,399.6099853515625,104.25,29.31999969482422,200.63999938964844,258.260009765625,67.73999786376953,114.16000366210938
2024-08-07,209.82000732421875,163.24000549316406,325.79998779296875,142.41000366210938,473.010009765625,158.89999389648438,200.39999389648438,68.45999908447266,449.8399963378906,398.42999267578125,98.91000366210938,28.850000381469727,191.75999450683594,256.5199890136719,66.91000366210938,115.68000030517578
2024-08-08,213.30999755859375,168.8699951171875,336.1600036621094,144.49000549316406,485.7699890136719,160.22000122070312,204.05999755859375,68.7300033569336,455.5799865722656,402.69000244140625,104.97000122070312,28.760000228881836,198.83999633789062,259.8299865722656,67.66000366210938,117.88999938964844
2024-08-09,216.24000549316406,167.91000366210938,338.260009765625,144.99000549316406,490.260009765625,160.6199951171875,205.8000030517578,68.68000030517578,456.7799987792969,406.0199890136719,104.75,28.549999237060547,200.0,259.760009765625,67.94999694824219,118.8499984741211
2024-08-12,217.52999877929688,164.1300048828125,336.0299987792969,145.02000427246094,485.5,159.8800048828125,206.19000244140625,68.16999816894531,455.69000244140625,406.80999755859375,109.0199966430664,28.450000762939453,197.49000549316406,259.8900146484375,68.69999694824219,119.0
2024-08-13,221.27000427246094,168.75999450683594,338.79998779296875,144.14999389648438,491.94000244140625,158.38999938964844,207.94000244140625,68.45999908447266,459.3599853515625,414.010009765625,116.13999938964844,28.850000381469727,207.8300018310547,260.1300048828125,68.12999725341797,117.86000061035156
2024-08-14,221.72000122070312,168.5,337.5899963378906,144.6699981689453,498.70001220703125,158.47999572753906,210.24000549316406,68.58000183105469,460.1600036621094,416.8599853515625,118.08000183105469,28.8799991607666,201.3800048828125,261.1400146484375,68.66000366210938,118.94999694824219
2024-08-15,224.72000122070312,176.41000366210938,345.6400146484375,146.8000030517578,499.0199890136719,159.08999633789062,211.5500030517578,68.6500015258789,468.7099914550781,421.0299987792969,122.86000061035156,28.709999084472656,214.13999938964844,266.79998779296875,73.18000030517578,118.7300033569336
2024-08-16,226.0500030517578,179.99000549316406,343.4800109863281,147.27000427246094,504.260009765625,159.38999938964844,213.97000122070312,69.18000030517578,468.8800048828125,418.4700012207031,124.58000183105469,28.299999237060547,216.1199951171875,267.3800048828125,73.44999694824219,118.16999816894531
2024-08-19,225.88999938964844,179.63999938964844,344.6499938964844,146.8300018310547,504.67999267578125,159.6300048828125,215.4499969482422,68.9800033569336,466.9800109863281,421.5299987792969,130.0,28.799999237060547,222.72000122070312,266.4700012207031,73.72000122070312,118.52999877929688
2024-08-20,226.50999450683594,172.10000610351562,343.29998779296875,144.69000244140625,497.3399963378906,160.16000366210938,214.52000427246094,69.37999725341797,469.1199951171875,424.79998779296875,127.25,28.899999618530273,221.10000610351562,268.0400085449219,74.54000091552734,114.58000183105469
2024-08-21,226.39999389648438,173.42999267578125,342.9700012207031,145.32000732421875,496.4599914550781,161.42999267578125,214.60000610351562,69.56999969482422,468.0,424.1400146484375,128.5,29.030000686645508,223.27000427246094,268.20001220703125,75.23999786376953,113.8499984741211
2024-08-22,224.52999877929688,172.75999450683594,342.3599853515625,145.72999572753906,497.75,162.35000610351562,216.6300048828125,69.33000183105469,468.82000732421875,415.54998779296875,123.73999786376953,28.780000686645508,210.66000366210938,267.94000244140625,75.58000183105469,114.7300033569336
2024-08-23,226.83999633789062,174.9600067138672,348.4100036621094,147.6199951171875,509.4200134277344,164.1300048828125,218.30999755859375,69.79000091552734,466.44000244140625,416.7900085449219,129.3699951171875,28.899999618530273,220.32000732421875,267.44000244140625,75.69999694824219,116.31999969482422
2024-08-26,227.17999267578125,173.47999572753906,351.1600036621094,148.5,507.8699951171875,164.61000061035156,219.1699981689453,70.83999633789062,468.6400146484375,413.489990234375,126.45999908447266,28.920000076293945,213.2100067138672,268.2099914550781,76.02999877929688,118.80999755859375
2024-08-27,228.02999877929688,173.0500030517578,351.1199951171875,146.9499969482422,507.260009765625,162.9499969482422,220.17999267578125,71.5,474.989990234375,413.8399963378906,128.3000030517578,28.81999969482422,209.2100067138672,270.7200012207031,76.12999725341797,117.68000030517578
2024-08-28,226.49000549316406,170.7100067138672,348.20001220703125,146.0,503.3299865722656,163.9199981689453,221.2899932861328,71.75,471.79998779296875,410.6000061035156,125.61000061035156,28.75,205.75,269.19000244140625,76.08000183105469,116.5199966430664
2024-08-29,229.7899932861328,172.25999450683594,351.6400146484375,147.4199981689453,510.1000061035156,164.22999572753906,222.2100067138672,72.05000305175781,480.79998779296875,413.1199951171875,117.58999633789062,28.719999313354492,206.27999877929688,274.32000732421875,76.41999816894531,118.12999725341797
2024-08-30,229.0,173.74000549316406,356.1000061035156,147.9499969482422,510.25,165.86000061035156,224.8000030517578,72.47000122070312,483.3399963378906,417.1400146484375,119.37000274658203,29.010000228881836,214.11000061035156,276.3699951171875,77.2300033569336,117.94000244140625
2024-09-03,222.77000427246094,161.02000427246094,340.239990234375,144.66000366210938,487.4599914550781,167.16000366210938,220.3000030517578,73.01000213623047,482.1199951171875,409.44000244140625,108.0,28.299999237060547,210.60000610351562,278.5400085449219,77.16999816894531,115.47000122070312
2024-09-04,220.85000610351562,163.22000122070312,336.75,142.07000732421875,490.6400146484375,167.36000061035156,219.3300018310547,72.55999755859375,483.1400146484375,408.8999938964844,106.20999908447266,28.389999389648438,219.41000366210938,280.489990234375,77.23999786376953,114.05999755859375
2024-09-05,222.3800048828125,162.14999389648438,333.55999755859375,140.92999267578125,487.8800048828125,164.99000549316406,217.6300048828125,71.16999816894531,477.3599853515625,408.3900146484375,107.20999908447266,28.510000228881836,230.1699981689453,278.6199951171875,76.95999908447266,113.16999816894531
2024-09-06,220.82000732421875,157.6199951171875,329.3599853515625,138.55999755859375,479.6099853515625,164.3800048828125,212.4600067138672,71.13999938964844,476.1199951171875,401.70001220703125,102.83000183105469,28.559999465942383,210.72999572753906,279.3699951171875,76.63999938964844,112.63999938964844
2024-09-09,220.91000366210938,162.91000366210938,334.0400085449219,140.3000030517578,488.57000732421875,166.61000061035156,216.80999755859375,71.8499984741211,487.0899963378906,405.7200012207031,106.47000122070312,29.40999984741211,216.27000427246094,285.6099853515625,77.33999633789062,115.01000213623047
2024-09-10,220.11000061035156,160.07000732421875,334.1600036621094,138.22999572753906,467.1300048828125,167.3800048828125,205.55999755859375,71.55000305175781,488.0199890136719,414.20001220703125,108.0999984741211,29.739999771118164,226.1699981689453,285.3399963378906,78.80999755859375,110.81999969482422
2024-09-11,222.66000366210938,161.3300018310547,335.0,137.8800048828125,471.1700134277344,164.82000732421875,207.22999572753906,71.08000183105469,488.17999267578125,423.0400085449219,116.91000366210938,29.65999984741211,228.1300048828125,283.9599914550781,78.83999633789062,109.72000122070312
2024-09-12,222.77000427246094,162.77000427246094,339.5799865722656,139.2100067138672,474.05999755859375,164.63999938964844,206.60000610351562,71.2300033569336,492.1099853515625,427.0,119.13999938964844,29.15999984741211,229.80999755859375,285.3699951171875,79.66000366210938,111.2300033569336
2024-09-13,222.5,156.77000427246094,345.30999755859375,140.61000061035156,478.989990234375,165.52000427246094,204.32000732421875,71.41000366210938,493.3599853515625,430.5899963378906,119.0999984741211,29.270000457763672,230.2899932861328,287.3500061035156,80.5999984741211,111.1500015258789
2024-09-16,216.32000732421875,155.5500030517578,347.9599914550781,142.08999633789062,485.1600036621094,166.99000549316406,207.86000061035156,72.0999984741211,497.7099914550781,431.3399963378906,116.77999877929688,30.06999969482422,226.77999877929688,290.4800109863281,80.55999755859375,112.70999908447266
2024-09-17,216.7899932861328,156.38999938964844,353.69000244140625,143.41000366210938,485.3900146484375,167.07000732421875,209.25,71.80000305175781,500.989990234375,435.1499938964844,115.58999633789062,29.829999923706055,227.8699951171875,291.55999755859375,78.5999984741211,114.18000030517578
2024-09-18,220.69000244140625,155.11000061035156,355.1199951171875,143.9600067138672,484.5799865722656,166.14999389648438,207.52999877929688,71.75,494.760009765625,430.80999755859375,113.37000274658203,29.75,227.1999969482422,288.4800109863281,79.02999877929688,114.58000183105469
2024-09-19,228.8699951171875,154.58999633789062,373.30999755859375,144.99000549316406,503.8299865722656,164.82000732421875,210.47999572753906,70.62000274658203,493.010009765625,438.69000244140625,117.87000274658203,29.65999984741211,243.9199981689453,285.239990234375,78.04000091552734,116.0
2024-09-20,228.1999969482422,153.2899932861328,368.82000732421875,145.67999267578125,498.42999267578125,164.16000366210938,211.08999633789062,71.63999938964844,492.739990234375,435.2699890136719,116.0,29.420000076293945,238.25,284.7699890136719,79.05999755859375,115.2699966430664
2024-09-23,226.47000122070312,156.3000030517578,371.1700134277344,147.5399932861328,497.4100036621094,163.22000122070312,211.44000244140625,71.7300033569336,497.1400146484375,433.510009765625,116.26000213623047,29.309999465942383,250.0,288.6300048828125,80.33000183105469,117.36000061035156
2024-09-24,227.3699951171875,155.80999755859375,385.92999267578125,147.4499969482422,498.0199890136719,162.77999877929688,211.58999633789062,71.33000183105469,487.4100036621094,429.1700134277344,120.87000274658203,29.5,254.27000427246094,272.7799987792969,80.66999816894531,117.05000305175781
2024-09-25,226.3699951171875,152.22000122070312,378.25,143.97000122070312,491.1400146484375,160.60000610351562,210.19000244140625,71.44999694824219,489.45001220703125,432.1099853515625,123.51000213623047,28.93000030517578,257.0199890136719,269.6300048828125,81.4000015258789,114.7699966430664
2024-09-26,227.52000427246094,154.5800018310547,390.9599914550781,141.99000549316406,496.9200134277344,161.38999938964844,209.77999877929688,71.4000015258789,491.2699890136719,431.30999755859375,124.04000091552734,28.969999313354492,254.22000122070312,271.69000244140625,79.91999816894531,112.80000305175781
2024-09-27,227.7899932861328,156.32000732421875,391.0799865722656,145.49000549316406,498.510009765625,161.39999389648438,210.5,71.79000091552734,493.6400146484375,428.0199890136719,121.4000015258789,29.09000015258789,260.4599914550781,275.1700134277344,79.77999877929688,115.81999969482422
2024-09-30,233.0,152.0399932861328,391.1199951171875,147.27000427246094,495.1099853515625,162.05999755859375,210.86000061035156,71.86000061035156,493.79998779296875,430.29998779296875,121.44000244140625,28.940000534057617,261.6300048828125,274.95001220703125,80.75,117.22000122070312
2024-10-01,226.2100067138672,154.22000122070312,392.3900146484375,149.6999969482422,490.1700134277344,161.99000549316406,207.0399932861328,71.70999908447266,496.3800048828125,420.69000244140625,117.0,28.670000076293945,258.0199890136719,277.6000061035156,81.2699966430664,119.93000030517578
2024-10-02,226.77999877929688,152.88999938964844,394.04998779296875,150.9499969482422,491.989990234375,161.1699981689453,207.2899932861328,71.01000213623047,495.57000732421875,417.1300048828125,118.8499984741211,28.610000610351562,249.02000427246094,277.0,80.43000030517578,121.5199966430664
2024-10-03,225.6699981689453,150.52000427246094,391.0899963378906,151.25,486.1000061035156,160.5,205.22999572753906,70.5199966430664,494.9700012207031,416.5400085449219,122.8499984741211,28.34000015258789,240.66000366210938,276.8599853515625,80.43000030517578,122.58000183105469
2024-10-04,226.8000030517578,155.0,397.0899963378906,150.74000549316406,495.1600036621094,160.2899932861328,211.22000122070312,70.16999816894531,497.70001220703125,416.05999755859375,124.91999816894531,28.579999923706055,250.0800018310547,277.92999267578125,80.94000244140625,124.83000183105469
2024-10-07,221.69000244140625,155.91000366210938,398.25,151.1199951171875,494.6199951171875,159.52999877929688,210.92999267578125,69.01000213623047,491.29998779296875,409.5400085449219,127.72000122070312,29.200000762939453,240.8300018310547,273.7900085449219,79.0999984741211,125.37000274658203
2024-10-08,225.77000427246094,154.64999389648438,387.9599914550781,148.75,496.57000732421875,159.69000244140625,210.75,69.18000030517578,497.05999755859375,414.7099914550781,132.88999938964844,29.18000030517578,244.5,274.9599914550781,79.70999908447266,122.04000091552734
2024-10-09,229.5399932861328,149.3699951171875,396.19000244140625,149.64999389648438,505.17999267578125,160.64999389648438,213.4199981689453,69.56999969482422,499.95001220703125,417.4599914550781,132.64999389648438,30.190000534057617,241.0500030517578,276.92999267578125,80.4000015258789,122.08999633789062
2024-10-10,229.0399932861328,146.6199951171875,396.6400146484375,150.6199951171875,503.7200012207031,160.50999450683594,212.83999633789062,69.25,498.0199890136719,415.8399963378906,134.80999755859375,29.34000015258789,238.77000427246094,277.4700012207031,79.61000061035156,123.13999938964844
2024-10-11,227.5500030517578,151.02000427246094,402.0199890136719,151.4199981689453,516.2999877929688,161.4600067138672,222.2899932861328,69.56999969482422,502.260009765625,416.32000732421875,134.8000030517578,29.15999984741211,217.8000030517578,277.8399963378906,80.0999984741211,123.61000061035156
2024-10-14,231.3000030517578,148.99000549316406,393.95001220703125,151.77999877929688,522.75,161.60000610351562,221.47999572753906,70.33999633789062,506.6600036621094,419.1400146484375,138.07000732421875,29.079999923706055,219.16000366210938,280.67999267578125,80.29000091552734,124.08000183105469
2024-10-15,233.85000610351562,152.35000610351562,387.989990234375,147.72999572753906,522.3800048828125,164.10000610351562,222.38999938964844,70.33999633789062,507.2300109863281,418.739990234375,131.60000610351562,29.440000534057617,219.57000732421875,279.2900085449219,81.6500015258789,120.3499984741211
2024-10-16,231.77999877929688,154.89999389648438,393.6199951171875,148.72999572753906,529.8599853515625,164.27999877929688,223.63999938964844,70.56999969482422,514.0700073242188,416.1199951171875,135.72000122070312,29.670000076293945,221.3300018310547,287.5199890136719,81.22000122070312,120.66000366210938
2024-10-17,232.14999389648438,155.30999755859375,394.489990234375,151.1999969482422,529.0,164.47000122070312,224.4199981689453,69.9000015258789,513.760009765625,416.7200012207031,136.92999267578125,29.270000457763672,220.88999938964844,290.3900146484375,80.88999938964844,120.3499984741211
2024-10-18,235.0,155.0,393.8599853515625,150.75,528.5,165.1199951171875,225.3699951171875,70.44000244140625,516.3400268554688,418.1600036621094,138.0,29.219999313354492,220.6999969482422,290.6199951171875,81.30999755859375,120.01000213623047
2024-10-21,236.47999572753906,159.82000732421875,390.4800109863281,150.8800048828125,517.7999877929688,162.8300018310547,223.0,69.44999694824219,515.010009765625,418.7799987792969,143.7100067138672,28.93000030517578,218.85000610351562,286.8500061035156,80.80999755859375,120.08000183105469
2024-10-22,235.86000061035156,159.8800048828125,388.4599914550781,150.9199981689453,518.2999877929688,163.4499969482422,224.1199951171875,69.44999694824219,513.02001953125,427.510009765625,143.58999633789062,28.84000015258789,217.97000122070312,284.7900085449219,82.0199966430664,120.69999694824219
2024-10-23,230.75999450683594,157.05999755859375,385.7300109863281,150.47999572753906,517.2000122070312,165.86000061035156,223.41000366210938,68.01000213623047,513.72998046875,424.6000061035156,139.55999755859375,28.860000610351562,213.64999389648438,283.760009765625,83.2699966430664,120.2699966430664
2024-10-24,230.57000732421875,155.1999969482422,387.05999755859375,150.4499969482422,524.5,163.6699981689453,224.97999572753906,67.30000305175781,510.6199951171875,424.7300109863281,140.41000366210938,28.639999389648438,260.4800109863281,283.2200012207031,83.04000091552734,119.58999633789062
2024-10-25,231.41000366210938,155.00999450683594,385.9700012207031,150.80999755859375,512.5999755859375,160.8800048828125,222.30999755859375,66.91999816894531,507.3599853515625,428.1499938964844,141.5399932861328,28.450000762939453,269.19000244140625,281.7300109863281,82.51000213623047,119.48999786376953
2024-10-28,233.39999389648438,150.69000244140625,390.6099853515625,150.5399932861328,523.5800170898438,161.60000610351562,225.5,66.66999816894531,508.2099914550781,426.5899963378906,140.52000427246094,28.860000610351562,262.510009765625,284.19000244140625,82.75,118.9000015258789
2024-10-29,233.6699981689453,152.97999572753906,387.510009765625,148.52000427246094,524.280029296875,160.08999633789062,222.89999389648438,65.55999755859375,506.2799987792969,431.95001220703125,141.25,28.459999084472656,259.5199890136719,281.8800048828125,81.69999694824219,117.27999877929688
2024-10-30,230.10000610351562,154.2899932861328,379.239990234375,148.0500030517578,524.4000244140625,160.61000061035156,224.41000366210938,65.91999816894531,513.6900024414062,432.5299987792969,139.33999633789062,28.520000457763672,257.54998779296875,290.1600036621094,81.38999938964844,116.69000244140625
2024-10-31,225.91000366210938,149.30999755859375,376.20001220703125,148.82000732421875,517.7899780273438,159.86000061035156,221.9199981689453,65.30999755859375,499.5899963378906,406.3500061035156,132.75999450683594,28.299999237060547,249.85000610351562,289.8500061035156,81.94999694824219,116.77999877929688
2024-11-01,222.91000366210938,154.58999633789062,379.6300048828125,153.07000732421875,519.3499755859375,160.1300048828125,222.94000244140625,65.01000213623047,508.0799865722656,410.3699951171875,135.39999389648438,28.09000015258789,248.97999572753906,290.739990234375,82.19000244140625,114.94999694824219
2024-11-04,222.00999450683594,155.07000732421875,376.5199890136719,153.97000122070312,511.4700012207031,158.24000549316406,219.77999877929688,65.11000061035156,505.5799865722656,408.4599914550781,136.0500030517578,27.760000228881836,242.83999633789062,291.8500061035156,82.44999694824219,118.61000061035156
2024-11-05,223.4499969482422,151.0,383.3699951171875,153.41000366210938,526.9600219726562,158.35000610351562,221.49000549316406,65.37000274658203,505.55999755859375,411.4599914550781,139.91000366210938,27.989999771118164,251.44000244140625,293.2900085449219,83.68000030517578,118.95999908447266
2024-11-06,222.72000122070312,147.16000366210938,416.8800048828125,157.72000122070312,595.97998046875,157.8800048828125,247.05999755859375,63.70000076293945,521.1300048828125,420.17999267578125,145.61000061035156,27.360000610351562,288.5299987792969,307.3999938964844,83.44000244140625,121.0
2024-11-07,227.47999572753906,150.97999572753906,408.2099914550781,156.77000427246094,582.1699829101562,156.72999572753906,236.3800048828125,63.65999984741211,517.8800048828125,425.42999267578125,148.8800048828125,27.459999084472656,296.9100036621094,305.79998779296875,83.8499984741211,121.1500015258789
2024-11-08,226.9600067138672,151.67999267578125,393.3699951171875,156.92999267578125,589.260009765625,155.47000122070312,236.97999572753906,63.91999816894531,524.760009765625,422.5400085449219,147.6300048828125,26.719999313354492,321.2200012207031,307.8699951171875,84.83000183105469,121.11000061035156
2024-11-11,224.22999572753906,148.9600067138672,396.5400085449219,156.5,602.3400268554688,155.0399932861328,239.2899932861328,63.36000061035156,530.1199951171875,418.010009765625,145.25999450683594,26.239999771118164,350.0,310.9200134277344,84.20999908447266,120.47000122070312
2024-11-12,224.22999572753906,145.1699981689453,393.010009765625,155.2899932861328,592.5900268554688,152.63999938964844,239.55999755859375,63.20000076293945,529.1699829101562,423.0299987792969,148.2899932861328,26.190000534057617,328.489990234375,309.8500061035156,84.98999786376953,120.3499984741211
2024-11-13,225.1199951171875,139.97000122070312,387.07000732421875,158.72000122070312,594.219970703125,153.24000549316406,241.16000366210938,63.0,521.8800048828125,425.20001220703125,146.27000427246094,26.719999313354492,330.239990234375,309.4800109863281,85.5,121.47000122070312
2024-11-14,228.22000122070312,138.13999938964844,387.3599853515625,161.8000030517578,588.6099853515625,151.8699951171875,241.8699951171875,62.54999923706055,520.4000244140625,426.8900146484375,146.75999450683594,26.020000457763672,311.17999267578125,308.25,84.47000122070312,120.55999755859375
2024-11-15,225.0,140.19000244140625,384.07000732421875,161.4199981689453,593.5399780273438,154.0,245.30999755859375,61.7400016784668,521.8900146484375,415.0,141.97999572753906,24.799999237060547,320.7200012207031,309.6400146484375,84.25,119.30999755859375
2024-11-18,228.02000427246094,143.8699951171875,384.4599914550781,160.75999450683594,587.989990234375,154.77000427246094,245.02999877929688,61.86000061035156,521.6300048828125,415.760009765625,140.14999389648438,24.860000610351562,338.739990234375,312.1600036621094,84.08000183105469,120.30999755859375
2024-11-19,228.27999877929688,145.60000610351562,382.3299865722656,159.60000610351562,581.3800048828125,153.0,243.08999633789062,62.59000015258789,519.4600219726562,417.7900085449219,147.00999450683594,25.100000381469727,346.0,311.8500061035156,86.5999984741211,118.62999725341797
2024-11-20,229.0,146.0800018310547,381.5,161.3300018310547,581.9299926757812,153.11000061035156,240.77999877929688,62.9900016784668,512.5399780273438,415.489990234375,145.88999938964844,24.940000534057617,342.0299987792969,307.3900146484375,87.18000030517578,120.31999969482422
2024-11-21,228.52000427246094,143.41000366210938,389.5899963378906,161.6300048828125,596.1099853515625,155.5,244.75999450683594,63.7599983215332,515.0999755859375,412.8699951171875,146.6699981689453,25.1299991607666,339.6400146484375,309.8999938964844,88.38999938964844,121.93000030517578
2024-11-22,229.8699951171875,149.2899932861328,397.489990234375,162.36000061035156,602.780029296875,155.1699981689453,248.5500030517578,63.91999816894531,520.8599853515625,417.0,141.9499969482422,25.649999618530273,352.55999755859375,309.9200134277344,90.44000244140625,121.79000091552734
2024-11-25,232.8699951171875,153.10000610351562,405.6499938964844,160.36000061035156,603.030029296875,155.77999877929688,250.2899932861328,64.37999725341797,526.5999755859375,418.7900085449219,136.02000427246094,26.170000076293945,338.5899963378906,313.19000244140625,89.5,119.97000122070312
2024-11-26,235.05999755859375,150.75999450683594,407.8299865722656,162.52999877929688,605.5,154.52000427246094,249.97000122070312,64.55000305175781,528.47998046875,427.989990234375,136.9199981689453,25.770000457763672,338.2300109863281,311.82000732421875,91.30999755859375,117.97000122070312
2024-11-27,234.92999267578125,152.39999389648438,403.70001220703125,162.11000061035156,605.4299926757812,155.39999389648438,249.7899932861328,64.43000030517578,532.3800048828125,422.989990234375,135.33999633789062,25.829999923706055,332.8900146484375,314.70001220703125,91.87999725341797,117.66000366210938
2024-11-29,237.3300018310547,155.44000244140625,406.1099853515625,161.92999267578125,608.5700073242188,155.00999450683594,249.72000122070312,64.08000183105469,532.9400024414062,423.4599914550781,138.25,26.209999084472656,345.1600036621094,315.0799865722656,92.5,117.95999908447266
2024-12-02,239.58999633789062,156.5399932861328,402.510009765625,162.2100067138672,601.7100219726562,154.8000030517578,246.25,63.650001525878906,531.3599853515625,430.9800109863281,138.6300048828125,25.81999969482422,357.0899963378906,316.6499938964844,92.63999938964844,117.8499984741211
2024-12-03,242.64999389648438,155.0,399.260009765625,161.9199981689453,602.0800170898438,152.36000061035156,244.82000732421875,63.52000045776367,526.1799926757812,431.20001220703125,140.25999450683594,25.559999465942383,351.4200134277344,313.010009765625,93.51000213623047,117.66999816894531
2024-12-04,243.00999450683594,158.27999877929688,399.510009765625,158.32000732421875,598.7100219726562,150.47000122070312,243.39999389648438,62.209999084472656,521.1400146484375,437.4200134277344,145.13999938964844,25.229999542236328,357.92999267578125,309.8999938964844,94.44999694824219,114.27999877929688
2024-12-05,243.0399932861328,156.6699981689453,394.9800109863281,159.3300018310547,596.7999877929688,149.52000427246094,245.47999572753906,62.91999816894531,524.77001953125,442.6199951171875,145.05999755859375,25.700000762939453,369.489990234375,309.0799865722656,95.30000305175781,114.77999877929688
2024-12-06,242.83999633789062,153.92999267578125,395.0299987792969,155.24000549316406,599.6799926757812,149.30999755859375,247.36000061035156,62.529998779296875,528.5700073242188,443.57000732421875,142.44000244140625,25.729999542236328,389.2200012207031,311.010009765625,95.69999694824219,113.56999969482422
2024-12-09,246.75,157.0399932861328,399.260009765625,157.0800018310547,594.1199951171875,149.60000610351562,243.80999755859375,62.599998474121094,522.8200073242188,446.0199890136719,138.80999755859375,26.100000381469727,389.7900085449219,308.29998779296875,93.83000183105469,112.9000015258789
2024-12-10,247.77000427246094,164.10000610351562,388.3900146484375,157.0,585.030029296875,149.22999572753906,242.86000061035156,62.90999984741211,529.010009765625,443.3299865722656,135.07000732421875,25.56999969482422,400.989990234375,312.3800048828125,94.55000305175781,112.66999816894531
2024-12-11,246.49000549316406,165.9600067138672,388.8699951171875,156.2100067138672,592.5599975585938,146.63999938964844,243.52999877929688,62.63999938964844,534.4500122070312,448.989990234375,139.30999755859375,25.229999542236328,424.7699890136719,313.7900085449219,94.95999908447266,111.91999816894531
2024-12-12,247.9600067138672,167.75,380.7799987792969,154.7100067138672,591.6099853515625,146.24000549316406,241.52999877929688,63.84000015258789,532.4099731445312,449.55999755859375,137.33999633789062,25.3700008392334,418.1000061035156,314.2300109863281,94.08999633789062,111.81999969482422
2024-12-13,248.1300048828125,169.64999389648438,380.510009765625,153.8699951171875,585.47998046875,146.6199951171875,239.94000244140625,63.119998931884766,529.0,447.2699890136719,134.25,25.579999923706055,436.2300109863281,314.739990234375,94.25,110.83999633789062
2024-12-16,251.0399932861328,173.1699981689453,378.9200134277344,149.36000061035156,586.3300170898438,143.85000610351562,239.5800018310547,62.54999923706055,530.3099975585938,451.5899963378906,132.0,25.25,463.0199890136719,315.8900146484375,94.87000274658203,108.47000122070312
2024-12-17,253.47999572753906,173.02999877929688,375.79998779296875,148.11000061035156,574.6799926757812,146.41000366210938,238.36000061035156,63.400001525878906,531.010009765625,454.4599914550781,130.38999938964844,26.43000030517578,479.8599853515625,318.29998779296875,95.41999816894531,108.01000213623047
2024-12-18,248.0500030517578,172.6199951171875,363.8900146484375,144.0800018310547,550.25,144.75,230.3699951171875,62.849998474121094,519.9600219726562,437.3900146484375,128.91000366210938,25.889999389648438,440.1300048828125,309.7799987792969,93.55000305175781,106.41999816894531
2024-12-19,249.7899932861328,177.0399932861328,360.3699951171875,141.14999389648438,553.989990234375,143.5800018310547,232.9600067138672,62.45000076293945,523.280029296875,437.0299987792969,130.67999267578125,25.770000457763672,436.1700134277344,314.8800048828125,93.4000015258789,105.51000213623047
2024-12-20,254.49000549316406,177.35000610351562,366.0400085449219,142.85000610351562,566.0999755859375,144.47000122070312,237.60000610351562,62.54999923706055,528.030029296875,436.6000061035156,134.6999969482422,26.360000610351562,421.05999755859375,317.7099914550781,92.23999786376953,105.87000274658203
2024-12-23,255.27000427246094,177.69000244140625,365.3900146484375,142.97000122070312,570.780029296875,145.27000427246094,238.38999938964844,62.380001068115234,528.9600219726562,435.25,139.6699981689453,26.709999084472656,430.6000061035156,317.2200012207031,90.3499984741211,106.30000305175781
2024-12-24,258.20001220703125,179.33999633789062,367.57000732421875,143.83999633789062,582.7899780273438,145.85000610351562,242.30999755859375,62.84000015258789,535.7100219726562,439.3299865722656,140.22000122070312,26.739999771118164,462.2799987792969,320.6499938964844,92.68000030517578,106.4000015258789
2024-12-26,259.0199890136719,180.3800048828125,367.1199951171875,143.97999572753906,581.22998046875,145.5800018310547,243.13999938964844,62.56999969482422,536.1500244140625,438.1099853515625,139.92999267578125,26.559999465942383,454.1300048828125,320.9100036621094,92.79000091552734,106.48999786376953
2024-12-27,255.58999633789062,180.72000122070312,364.8599853515625,144.0,576.1799926757812,145.0500030517578,241.1699981689453,62.45000076293945,532.2000122070312,430.5299987792969,137.00999450683594,26.6200008392334,431.6600036621094,318.6600036621094,91.66000366210938,106.4800033569336
2024-12-30,252.1999969482422,176.5500030517578,363.010009765625,143.07000732421875,573.5499877929688,143.33999633789062,239.32000732421875,62.029998779296875,525.5499877929688,424.8299865722656,137.49000549316406,26.420000076293945,417.4100036621094,315.30999755859375,90.56999969482422,105.76000213623047
2024-12-31,250.4199981689453,177.0,362.760009765625,144.83999633789062,572.6199951171875,144.6199951171875,239.7100067138672,62.2599983215332,526.5700073242188,421.5,134.2899932861328,26.530000686645508,403.8399963378906,316.0400085449219,90.3499984741211,107.56999969482422
2025-01-02,243.85000610351562,171.8699951171875,359.7699890136719,146.7100067138672,574.969970703125,144.02000427246094,240.0,61.84000015258789,522.4000244140625,418.5799865722656,138.30999755859375,26.610000610351562,379.2799987792969,314.3999938964844,90.0,107.30999755859375
2025-01-03,243.36000061035156,169.89999389648438,363.7900085449219,147.85000610351562,580.1300048828125,144.19000244140625,243.27999877929688,61.75,521.3599853515625,423.3500061035156,144.47000122070312,26.59000015258789,410.44000244140625,314.9100036621094,90.77999877929688,107.86000061035156
2025-01-06,245.0,170.77999877929688,364.20001220703125,147.25999450683594,583.3900146484375,143.66000366210938,240.85000610351562,60.810001373291016,511.92999267578125,427.8500061035156,149.42999267578125,26.889999389648438,411.04998779296875,313.0400085449219,91.43000030517578,107.73999786376953
2025-01-07,242.2100067138672,172.50999450683594,363.0,149.58999633789062,580.1199951171875,146.22999572753906,243.1699981689453,60.84000015258789,511.3999938964844,422.3699951171875,140.13999938964844,27.1299991607666,394.3599853515625,311.6700134277344,90.80999755859375,108.75
2025-01-08,242.6999969482422,171.75999450683594,361.07000732421875,150.3000030517578,580.02001953125,142.27000427246094,243.1300048828125,61.709999084472656,516.4000244140625,424.55999755859375,140.11000061035156,26.860000610351562,394.94000244140625,312.6000061035156,91.80000305175781,106.93000030517578
2025-01-10,236.85000610351562,172.0,351.0,153.13999938964844,560.0,142.05999755859375,239.8699951171875,61.06999969482422,504.6700134277344,418.95001220703125,135.91000366210938,26.719999313354492,394.739990234375,307.7099914550781,93.0,106.54000091552734
2025-01-13,234.39999389648438,170.57000732421875,362.5,155.35000610351562,562.9500122070312,144.47000122070312,244.2100067138672,61.650001525878906,504.9100036621094,417.19000244140625,133.22999572753906,26.799999237060547,403.30999755859375,306.9200134277344,91.52999877929688,109.29000091552734
2025-01-14,233.27999877929688,167.02000427246094,371.57000732421875,156.89999389648438,571.530029296875,144.75,247.47000122070312,62.040000915527344,509.0199890136719,415.6700134277344,131.75999450683594,26.40999984741211,396.3599853515625,309.0899963378906,90.79000091552734,109.72000122070312
2025-01-15,237.8699951171875,166.1999969482422,374.8900146484375,158.3300018310547,605.9199829101562,144.97000122070312,252.35000610351562,61.77000045776367,522.3499755859375,426.30999755859375,136.24000549316406,26.219999313354492,428.2200012207031,316.2799987792969,91.33999633789062,111.51000213623047
2025-01-16,228.25999450683594,168.92999267578125,380.54998779296875,159.3800048828125,612.989990234375,147.77000427246094,254.27000427246094,62.25,523.1400146484375,424.5799865722656,133.57000732421875,26.489999771118164,413.82000732421875,317.25,91.30000305175781,111.31999969482422
2025-01-17,229.97999572753906,171.08999633789062,386.0199890136719,161.47000122070312,625.9400024414062,147.02999877929688,259.1600036621094,62.709999084472656,524.7000122070312,429.0299987792969,137.7100067138672,26.299999237060547,426.5,319.6199951171875,91.94000244140625,112.31999969482422
2025-01-21,222.63999938964844,175.55999755859375,398.3599853515625,158.24000549316406,634.739990234375,148.14999389648438,263.0299987792969,62.41999816894531,528.0599975585938,428.5,140.8300018310547,26.639999389648438,424.07000732421875,323.6300048828125,93.08000183105469,111.47000122070312
2025-01-22,223.8300018310547,174.8000030517578,397.6099853515625,156.41000366210938,632.72998046875,145.27000427246094,262.8399963378906,61.779998779296875,527.1799926757812,446.20001220703125,147.07000732421875,26.010000228881836,415.1099853515625,323.55999755859375,93.2300033569336,109.52999877929688
2025-01-23,223.66000366210938,178.5,406.3999938964844,156.00999450683594,639.5,146.63999938964844,265.95001220703125,61.529998779296875,534.219970703125,446.7099914550781,147.22000122070312,26.440000534057617,412.3800048828125,328.2099914550781,93.80999755859375,110.1500015258789
2025-01-24,222.77999877929688,176.05999755859375,407.6300048828125,155.64999389648438,636.9000244140625,146.82000732421875,264.8399963378906,61.91999816894531,533.489990234375,444.05999755859375,142.6199951171875,26.09000015258789,406.5799865722656,330.20001220703125,94.76000213623047,108.66000366210938
2025-01-27,229.86000061035156,175.16000366210938,394.9800109863281,157.22999572753906,633.280029296875,152.88999938964844,265.8500061035156,63.869998931884766,547.6400146484375,434.55999755859375,118.41999816894531,26.860000610351562,397.1499938964844,334.5400085449219,97.4000015258789,110.16999816894531
2025-01-28,238.25999450683594,177.77999877929688,390.2900085449219,156.2100067138672,637.7999877929688,150.3800048828125,267.1400146484375,62.36000061035156,547.3599853515625,447.20001220703125,128.99000549316406,26.75,398.0899963378906,334.4800109863281,97.29000091552734,108.04000091552734
2025-01-29,239.36000061035156,173.66000366210938,393.2300109863281,155.69000244140625,637.3800048828125,151.14999389648438,266.5799865722656,62.83000183105469,548.7999877929688,442.3299865722656,123.69999694824219,26.6200008392334,389.1000061035156,335.8800048828125,97.5,108.66999816894531
2025-01-30,237.58999633789062,179.52999877929688,374.9800109863281,156.32000732421875,645.7000122070312,152.8699951171875,268.2300109863281,64.05000305175781,566.010009765625,414.989990234375,124.6500015258789,26.90999984741211,400.2799987792969,343.04998779296875,98.6500015258789,109.56999969482422
2025-01-31,236.0,176.52000427246094,371.44000244140625,149.19000244140625,640.4000244140625,152.14999389648438,267.29998779296875,63.47999954223633,555.4299926757812,415.05999755859375,120.06999969482422,26.520000457763672,404.6000061035156,341.79998779296875,98.16000366210938,106.83000183105469
2025-02-03,228.00999450683594,175.8699951171875,361.54998779296875,149.33999633789062,632.3699951171875,151.8699951171875,266.80999755859375,63.349998474121094,563.9500122070312,410.9200134277344,116.66000366210938,26.200000762939453,383.67999267578125,345.82000732421875,99.54000091552734,107.08999633789062
2025-02-04,232.8000030517578,176.22999572753906,361.95001220703125,153.22000122070312,634.1799926757812,153.49000549316406,267.94000244140625,62.66999816894531,559.1099853515625,412.3699951171875,118.6500015258789,25.8700008392334,392.2099914550781,345.1499938964844,100.7699966430664,109.95999908447266
2025-02-05,232.47000122070312,181.83999633789062,358.8500061035156,152.99000549316406,645.4500122070312,154.69000244140625,270.42999267578125,63.119998931884766,566.2899780273438,413.2900085449219,124.83000183105469,26.440000534057617,378.1700134277344,349.44000244140625,102.45999908447266,109.87999725341797
2025-02-06,233.22000122070312,184.8000030517578,365.45001220703125,151.89999389648438,658.219970703125,153.50999450683594,276.8999938964844,63.36000061035156,567.1599731445312,415.82000732421875,128.67999267578125,25.829999923706055,374.32000732421875,347.4800109863281,102.8499984741211,108.43000030517578
2025-02-07,227.6300048828125,181.49000549316406,363.8800048828125,152.6199951171875,655.9000244140625,153.1199951171875,275.79998779296875,63.84000015258789,562.75,409.75,129.83999633789062,25.739999771118164,361.6199951171875,348.0199890136719,101.1500015258789,108.88999938964844
2025-02-10,227.64999389648438,180.5500030517578,363.2200012207031,155.77000427246094,650.530029296875,154.24000549316406,271.0400085449219,64.55000305175781,565.489990234375,412.2200012207031,133.57000732421875,25.8700008392334,350.7300109863281,351.2300109863281,102.91999816894531,110.97000122070312
2025-02-11,232.6199951171875,180.44000244140625,362.2300109863281,157.44000244140625,647.239990234375,156.1300048828125,274.989990234375,67.5999984741211,564.7000122070312,411.44000244140625,132.8000030517578,25.530000686645508,328.5,350.7200012207031,102.47000122070312,111.66999816894531
2025-02-12,236.8699951171875,186.25,352.0400085449219,154.89999389648438,649.0,155.25999450683594,275.45001220703125,68.70999908447266,564.5999755859375,409.0400085449219,131.13999938964844,25.469999313354492,336.510009765625,351.489990234375,103.61000061035156,107.3499984741211
2025-02-13,241.52999877929688,185.44000244140625,353.70001220703125,155.8800048828125,648.9500122070312,157.25,276.32000732421875,69.5,566.3099975585938,410.5400085449219,135.2899932861328,25.639999389648438,355.94000244140625,355.6300048828125,105.05000305175781,108.12999725341797
2025-02-14,244.60000610351562,184.4199981689453,353.32000732421875,155.33999633789062,660.5499877929688,156.14999389648438,276.5899963378906,68.87000274658203,564.760009765625,408.42999267578125,138.85000610351562,25.530000686645508,355.8399963378906,353.80999755859375,104.04000091552734,108.23999786376953
2025-02-18,244.47000122070312,184.97000122070312,354.0,156.16000366210938,672.1900024414062,154.99000549316406,279.95001220703125,69.05000305175781,568.6099853515625,409.6400146484375,139.39999389648438,25.559999465942383,354.1099853515625,356.7300109863281,103.77999877929688,110.13999938964844
2025-02-19,244.8699951171875,186.14999389648438,353.0,157.22999572753906,668.1500244140625,157.88999938964844,279.25,70.06999969482422,568.5,414.7699890136719,139.22999572753906,25.889999389648438,360.55999755859375,355.2300109863281,104.0,110.30000305175781
2025-02-20,245.8300018310547,180.8800048828125,349.1499938964844,158.7899932861328,642.260009765625,159.67999267578125,266.79998779296875,70.04000091552734,563.280029296875,416.1300048828125,140.11000061035156,25.899999618530273,354.3999938964844,350.489990234375,97.20999908447266,112.0
2025-02-21,245.5500030517578,177.14999389648438,340.0400085449219,156.9199981689453,625.5999755859375,162.3000030517578,264.239990234375,71.3499984741211,557.510009765625,408.2099914550781,134.42999267578125,26.299999237060547,337.79998779296875,348.5299987792969,94.77999877929688,110.69000244140625
2025-02-24,247.10000610351562,179.91000366210938,338.9200134277344,157.88999938964844,626.1400146484375,163.74000549316406,261.3399963378906,70.58999633789062,559.0,404.0,130.27999877929688,26.649999618530273,330.5299987792969,349.8599853515625,93.66999816894531,111.2699966430664
2025-02-25,247.0399932861328,178.27000427246094,342.3599853515625,156.4199981689453,614.9099731445312,166.08999633789062,257.3999938964844,71.48999786376953,564.030029296875,397.8999938964844,126.62999725341797,26.739999771118164,302.79998779296875,352.0899963378906,97.69000244140625,109.7300033569336
2025-02-26,240.36000061035156,173.0399932861328,342.5799865722656,155.13999938964844,617.77001953125,163.0800018310547,258.7900085449219,70.80000305175781,561.27001953125,399.7300109863281,131.27999877929688,26.420000076293945,290.79998779296875,350.6300048828125,96.19999694824219,109.45999908447266
2025-02-27,237.3000030517578,173.8300018310547,340.0,156.6699981689453,608.0,163.72999572753906,259.04998779296875,70.87000274658203,564.8200073242188,392.5299987792969,120.1500015258789,26.100000381469727,281.95001220703125,355.739990234375,96.79000091552734,110.1500015258789
2025-02-28,241.83999633789062,174.6300048828125,343.95001220703125,158.6199951171875,622.2899780273438,165.02000427246094,264.6499938964844,71.20999908447266,576.3099975585938,396.989990234375,124.91999816894531,26.43000030517578,292.9800109863281,362.7099914550781,98.61000061035156,111.33000183105469
2025-03-03,238.02999877929688,170.05999755859375,332.0400085449219,153.08999633789062,605.260009765625,167.27999877929688,260.6199951171875,72.31999969482422,574.9199829101562,388.489990234375,114.05999755859375,26.25,284.6499938964844,361.82000732421875,97.58999633789062,107.76000213623047
2025-03-04,235.92999267578125,158.89999389648438,326.75,152.0,581.1400146484375,165.4199981689453,250.25,70.19000244140625,555.0700073242188,388.6099853515625,115.98999786376953,25.75,272.0400085449219,352.2300109863281,94.97000122070312,107.54000091552734
2025-03-05,235.74000549316406,163.16000366210938,338.489990234375,150.80999755859375,593.0700073242188,165.1199951171875,251.52999877929688,70.08000183105469,558.2999877929688,401.0199890136719,117.30000305175781,25.940000534057617,279.1000061035156,352.67999267578125,95.9800033569336,105.44000244140625
2025-03-06,235.3300018310547,158.42999267578125,341.010009765625,152.9499969482422,567.6699829101562,165.8300018310547,246.5399932861328,70.45999908447266,549.8200073242188,396.8900146484375,110.56999969482422,26.239999771118164,263.45001220703125,344.1600036621094,94.63999938964844,107.62000274658203
2025-03-07,239.07000732421875,154.17999267578125,350.29998779296875,156.33999633789062,559.6699829101562,166.69000244140625,242.27999877929688,71.43000030517578,546.77001953125,393.30999755859375,112.69000244140625,26.729999542236328,262.6700134277344,345.32000732421875,91.72000122070312,109.0199966430664
2025-03-10,227.47999572753906,148.14999389648438,345.2099914550781,157.57000732421875,531.6599731445312,167.6999969482422,232.22000122070312,71.44999694824219,537.1199951171875,380.1600036621094,106.9800033569336,26.639999389648438,222.14999389648438,341.4800109863281,87.81999969482422,111.80000305175781
2025-03-11,220.83999633789062,154.05999755859375,339.7699890136719,154.0800018310547,531.4299926757812,165.86000061035156,229.13999938964844,71.04000091552734,525.7999877929688,380.45001220703125,108.76000213623047,25.989999771118164,230.5800018310547,332.1400146484375,87.44000244140625,109.16000366210938
2025-03-12,216.97999572753906,158.8000030517578,338.1300048828125,152.6699981689453,535.7100219726562,162.85000610351562,227.89999389648438,69.94000244140625,524.6400146484375,383.2699890136719,115.73999786376953,25.709999084472656,248.08999633789062,332.8399963378906,85.19999694824219,109.12999725341797
2025-03-13,209.67999267578125,159.32000732421875,333.30999755859375,153.61000061035156,524.8099975585938,162.99000549316406,225.19000244140625,69.62000274658203,519.8300170898438,378.7699890136719,115.58000183105469,25.600000381469727,240.67999267578125,328.54998779296875,84.5,108.66999816894531
2025-03-14,213.49000549316406,161.80999755859375,339.6400146484375,157.02000427246094,541.4099731445312,162.80999755859375,232.44000244140625,69.16000366210938,527.6400146484375,388.55999755859375,121.66999816894531,25.719999313354492,249.97999572753906,331.79998779296875,85.3499984741211,111.9000015258789
2025-03-17,214.0,161.85000610351562,342.6400146484375,158.72000122070312,551.3400268554688,162.83999633789062,233.92999267578125,70.12000274658203,531.989990234375,388.70001220703125,119.52999877929688,26.049999237060547,238.00999450683594,334.54998779296875,87.45999908447266,113.76000213623047
2025-03-18,212.69000244140625,161.57000732421875,336.7099914550781,160.80999755859375,551.780029296875,164.25,234.97000122070312,69.37999725341797,530.1900024414062,383.5199890136719,115.43000030517578,26.309999465942383,225.30999755859375,334.7699890136719,85.58999633789062,113.63999938964844
2025-03-19,215.24000549316406,172.6199951171875,338.6199951171875,164.0500030517578,557.3400268554688,162.99000549316406,239.11000061035156,69.27999877929688,536.0900268554688,387.82000732421875,117.5199966430664,26.209999084472656,235.86000061035156,339.8699951171875,86.33000183105469,115.41000366210938
2025-03-20,214.10000610351562,172.8300018310547,336.25,164.77000427246094,562.6799926757812,163.02000427246094,239.00999450683594,69.70999908447266,536.3800048828125,386.8399963378906,118.52999877929688,26.190000534057617,236.25999450683594,339.5,85.80999755859375,115.9000015258789
2025-03-21,218.27000427246094,178.11000061035156,335.7799987792969,164.75,565.1400146484375,163.6300048828125,241.6300048828125,68.66999816894531,535.6900024414062,391.260009765625,117.69999694824219,26.280000686645508,248.7100067138672,335.6600036621094,85.9800033569336,115.5
2025-03-24,220.72999572753906,180.89999389648438,341.6700134277344,165.02000427246094,580.0999755859375,163.2899932861328,248.05999755859375,68.94999694824219,543.6699829101562,393.0799865722656,121.41000366210938,26.139999389648438,278.3900146484375,343.8699951171875,87.48999786376953,115.80000305175781
2025-03-25,223.75,182.58999633789062,342.6199951171875,165.94000244140625,585.9400024414062,161.02000427246094,251.1300048828125,68.80999755859375,545.1599731445312,395.1600036621094,120.69000244140625,25.549999237060547,288.1400146484375,344.6199951171875,84.76000213623047,116.58999633789062
2025-03-26,221.52999877929688,178.5500030517578,341.1099853515625,167.97000122070312,573.9199829101562,161.72000122070312,251.02999877929688,70.0199966430664,549.0700073242188,389.9700012207031,113.76000213623047,25.209999084472656,272.05999755859375,344.17999267578125,85.20999908447266,118.2699966430664
2025-03-27,223.85000610351562,179.11000061035156,339.29998779296875,166.64999389648438,558.9199829101562,163.1300048828125,248.1199951171875,70.73999786376953,557.5700073242188,390.5799865722656,111.43000030517578,25.010000228881836,273.1300048828125,349.8599853515625,85.62999725341797,117.88999938964844
2025-03-28,217.89999389648438,173.30999755859375,329.69000244140625,166.08999633789062,543.1199951171875,163.7100067138672,242.85000610351562,70.37000274658203,540.6099853515625,378.79998779296875,109.66999816894531,25.209999084472656,263.54998779296875,342.8500061035156,85.1500015258789,117.7300033569336
2025-03-31,222.1300048828125,170.5500030517578,329.79998779296875,167.2899932861328,546.2899780273438,165.83999633789062,245.3000030517578,71.62000274658203,548.1199951171875,375.3900146484375,108.37999725341797,25.34000015258789,259.1600036621094,350.4599914550781,87.79000091552734,118.93000030517578
2025-04-01,223.19000244140625,168.1699981689453,330.57000732421875,168.50999450683594,548.4500122070312,153.25,243.66000366210938,71.87000274658203,548.510009765625,382.19000244140625,110.1500015258789,24.540000915527344,268.4599914550781,346.3500061035156,88.83000183105469,119.04000091552734
2025-04-02,223.88999938964844,168.55999755859375,334.6600036621094,166.47000122070312,563.0999755859375,155.36000061035156,245.82000732421875,71.33000183105469,547.3800048828125,382.1400146484375,110.41999816894531,24.700000762939453,282.760009765625,346.3299865722656,89.76000213623047,118.66999816894531
2025-04-03,203.19000244140625,150.91000366210938,305.760009765625,156.1199951171875,511.2300109863281,159.82000732421875,228.69000244140625,73.18000030517578,530.5499877929688,373.1099853515625,101.80000305175781,24.290000915527344,267.2799987792969,339.3900146484375,87.26000213623047,112.43000030517578
2025-04-04,188.3800048828125,136.58999633789062,288.0799865722656,143.27999877929688,470.80999755859375,153.24000549316406,210.27999877929688,69.93000030517578,489.7699890136719,359.8399963378906,94.30999755859375,22.969999313354492,239.42999267578125,313.1300048828125,83.19000244140625,104.33999633789062
2025-04-07,181.4600067138672,138.86000061035156,280.05999755859375,140.14999389648438,465.510009765625,150.6199951171875,214.44000244140625,68.37000274658203,485.5199890136719,357.8599853515625,97.63999938964844,22.6299991607666,233.2899932861328,312.32000732421875,83.83000183105469,102.94000244140625
2025-04-08,172.4199981689453,139.38999938964844,273.94000244140625,136.92999267578125,462.2200012207031,150.0,216.8699951171875,68.41999816894531,479.9200134277344,354.55999755859375,96.30000305175781,21.84000015258789,221.86000061035156,308.2699890136719,81.79000091552734,100.7699966430664
2025-04-09,198.85000610351562,160.82000732421875,301.010009765625,146.02999877929688,516.8699951171875,150.97000122070312,234.33999633789062,69.94999694824219,515.4299926757812,390.489990234375,114.33000183105469,22.489999771118164,272.20001220703125,332.42999267578125,89.5999984741211,105.80000305175781
2025-04-10,190.4199981689453,155.52000427246094,289.1600036621094,134.97999572753906,489.79998779296875,148.69000244140625,227.11000061035156,70.76000213623047,499.3399963378906,381.3500061035156,107.56999969482422,21.59000015258789,252.39999389648438,324.6099853515625,90.61000061035156,99.93000030517578
2025-04-11,198.14999389648438,156.83999633789062,293.45001220703125,135.6300048828125,494.44000244140625,151.72999572753906,236.1999969482422,71.43000030517578,509.75,388.45001220703125,110.93000030517578,21.90999984741211,252.30999755859375,333.3999938964844,92.80000305175781,103.13999938964844
2025-04-14,202.52000427246094,159.27999877929688,298.1199951171875,135.32000732421875,503.9800109863281,154.36000061035156,234.72000122070312,72.44999694824219,512.4600219726562,387.80999755859375,110.70999908447266,22.1200008392334,252.35000610351562,335.17999267578125,94.7300033569336,103.38999938964844
2025-04-15,202.13999938964844,155.52000427246094,293.42999267578125,134.5399932861328,507.8900146484375,153.6199951171875,233.1300048828125,71.86000061035156,517.3800048828125,385.7300109863281,112.19999694824219,22.440000534057617,254.11000061035156,335.80999755859375,93.97000122070312,103.0999984741211
2025-04-16,194.27000427246094,156.47000122070312,290.1400146484375,135.36000061035156,499.04998779296875,153.91000366210938,229.61000061035156,71.68000030517578,513.4299926757812,371.6099853515625,104.48999786376953,22.040000915527344,241.5500030517578,331.3299865722656,91.19000244140625,104.19000244140625
2025-04-17,196.97999572753906,161.89999389648438,294.25,137.8699951171875,509.489990234375,157.47000122070312,231.9600067138672,73.0,517.3300170898438,367.7799987792969,101.48999786376953,22.139999389648438,241.3699951171875,329.6099853515625,93.22000122070312,106.91999816894531
2025-04-21,193.16000366210938,159.33999633789062,284.739990234375,133.72999572753906,501.3599853515625,156.9199981689453,228.99000549316406,72.7699966430664,509.32000732421875,359.1199951171875,96.91000366210938,22.040000915527344,227.5,320.1000061035156,92.41000366210938,105.3499984741211
2025-04-22,199.74000549316406,162.52000427246094,291.1700134277344,137.3000030517578,519.989990234375,157.75,235.58999633789062,73.9000015258789,527.3300170898438,366.82000732421875,98.88999938964844,22.530000686645508,237.97000122070312,331.3999938964844,94.8499984741211,108.30000305175781
2025-04-23,204.60000610351562,172.3699951171875,295.7699890136719,136.67999267578125,529.3099975585938,155.3800048828125,240.8800048828125,73.30000305175781,530.010009765625,374.3900146484375,102.70999908447266,22.389999389648438,250.74000549316406,334.3699951171875,94.95999908447266,107.37000274658203
2025-04-24,208.3699951171875,176.25999450683594,306.8599853515625,139.07000732421875,545.3699951171875,154.92999267578125,244.63999938964844,72.5199966430664,535.4600219726562,387.29998779296875,106.43000030517578,22.780000686645508,259.510009765625,335.7099914550781,95.83999633789062,108.62999725341797
2025-04-25,209.27999877929688,177.9499969482422,306.45001220703125,138.72999572753906,544.8599853515625,154.5800018310547,243.5500030517578,71.91000366210938,533.47998046875,391.8500061035156,111.01000213623047,22.920000076293945,284.95001220703125,335.1700134277344,95.08999633789062,108.56999969482422
2025-04-28,210.13999938964844,182.3000030517578,307.05999755859375,140.10000610351562,546.4000244140625,155.35000610351562,243.22000122070312,71.79000091552734,534.489990234375,391.1600036621094,108.7300033569336,23.049999237060547,285.8800048828125,337.510009765625,95.22000122070312,108.62999725341797
2025-04-29,211.2100067138672,182.0,307.3999938964844,139.3000030517578,548.9199829101562,155.91000366210938,244.6199951171875,72.3499984741211,539.6799926757812,394.0400085449219,109.0199966430664,23.790000915527344,292.0299987792969,341.5199890136719,96.04000091552734,108.36000061035156
2025-04-30,212.5,183.24000549316406,309.2699890136719,136.05999755859375,547.5499877929688,156.30999755859375,244.6199951171875,72.55000305175781,548.0599975585938,395.260009765625,108.91999816894531,24.40999984741211,282.1600036621094,345.5,97.25,105.62999725341797
2025-05-01,213.32000732421875,182.88999938964844,313.9599914550781,136.25999450683594,553.8300170898438,154.4600067138672,246.88999938964844,71.29000091552734,546.6300048828125,425.3999938964844,111.61000061035156,23.93000030517578,280.5199890136719,342.45001220703125,97.41000366210938,105.77999877929688
2025-05-02,205.35000610351562,185.4600067138672,323.67999267578125,138.5,566.0999755859375,156.1199951171875,252.50999450683594,71.6500015258789,559.3900146484375,435.2799987792969,114.5,24.200000762939453,287.2099914550781,347.6000061035156,98.75,106.20999908447266
2025-05-05,198.88999938964844,186.4600067138672,323.1099853515625,135.5,559.5599975585938,155.0,252.55999755859375,71.69999694824219,561.1199951171875,436.1700134277344,113.81999969482422,23.8700008392334,280.260009765625,348.6400146484375,99.33000183105469,103.2699966430664
2025-05-06,198.50999450683594,185.9600067138672,320.8900146484375,135.60000610351562,549.3599853515625,154.47000122070312,249.25,71.72000122070312,558.989990234375,433.30999755859375,113.54000091552734,22.8799991607666,275.3500061035156,347.70001220703125,98.55000305175781,104.70999908447266
2025-05-07,196.25,185.55999755859375,320.2900085449219,135.7899932861328,551.9199829101562,157.3000030517578,249.38999938964844,72.4000015258789,566.3300170898438,433.3500061035156,117.05999755859375,22.790000915527344,276.2200012207031,349.8500061035156,98.83000183105469,104.61000061035156
2025-05-08,197.49000549316406,191.6999969482422,324.25,137.0399932861328,565.7000122070312,155.66000366210938,253.47000122070312,71.16999816894531,567.1199951171875,438.1700134277344,117.37000274658203,22.969999313354492,284.82000732421875,351.2699890136719,97.43000030517578,106.06999969482422
2025-05-09,198.52999877929688,194.85000610351562,325.6199951171875,138.49000549316406,567.0999755859375,154.22000122070312,253.0800018310547,70.5199966430664,568.6400146484375,438.7300109863281,116.6500015258789,22.280000686645508,298.260009765625,352.5400085449219,96.72000122070312,107.30999755859375
2025-05-12,210.7899932861328,198.52999877929688,342.54998779296875,141.6199951171875,591.3400268554688,154.13999938964844,260.04998779296875,69.52999877929688,578.27001953125,449.260009765625,123.0,23.09000015258789,318.3800048828125,355.8500061035156,96.75,109.16000366210938
2025-05-13,212.92999267578125,203.4199981689453,352.5400085449219,142.35000610351562,603.8099975585938,148.44000244140625,263.010009765625,68.95999908447266,576.5900268554688,449.1400146484375,129.92999267578125,22.8700008392334,334.07000732421875,356.1400146484375,95.87999725341797,109.45999908447266
2025-05-14,212.3300018310547,204.72000122070312,349.6600036621094,141.6699981689453,611.5999755859375,146.36000061035156,265.6400146484375,69.16000366210938,573.280029296875,452.94000244140625,135.33999633789062,22.020000457763672,347.67999267578125,356.4599914550781,96.83000183105469,108.4800033569336
2025-05-15,211.4499969482422,206.24000549316406,349.80999755859375,142.25999450683594,615.9000244140625,149.61000061035156,267.489990234375,71.61000061035156,582.2000122070312,453.1300048828125,134.8300018310547,22.600000381469727,342.82000732421875,362.29998779296875,96.3499984741211,108.58000183105469
2025-05-16,211.25999450683594,205.82000732421875,353.5799865722656,142.10000610351562,619.030029296875,151.3300018310547,267.55999755859375,72.0,583.280029296875,454.2699890136719,135.39999389648438,22.829999923706055,349.9800109863281,365.1199951171875,98.23999786376953,108.19000244140625
2025-05-19,208.77999877929688,205.25,352.57000732421875,138.49000549316406,612.2999877929688,152.49000549316406,264.8800048828125,71.93000030517578,586.4099731445312,458.8699951171875,135.57000732421875,23.0,342.0899963378906,367.8999938964844,98.12000274658203,106.47000122070312
2025-05-20,206.86000061035156,207.6699981689453,349.489990234375,137.27000427246094,606.52001953125,153.66000366210938,265.67999267578125,71.69000244140625,581.1099853515625,458.1700134277344,134.3800048828125,23.520000457763672,343.82000732421875,366.8399963378906,97.80000305175781,104.94999694824219
2025-05-21,202.08999633789062,203.2100067138672,342.510009765625,135.55999755859375,593.4600219726562,153.17999267578125,261.0400085449219,71.8499984741211,569.5399780273438,452.57000732421875,131.8000030517578,23.040000915527344,334.6199951171875,358.29998779296875,96.43000030517578,103.66000366210938
2025-05-22,201.36000061035156,203.41000366210938,345.19000244140625,135.2899932861328,598.22998046875,152.61000061035156,260.6700134277344,71.13999938964844,570.1400146484375,454.8599853515625,132.8300018310547,23.040000915527344,341.0400085449219,357.9700012207031,95.93000030517578,102.97000122070312
2025-05-23,195.27000427246094,202.36000061035156,343.3900146484375,136.5399932861328,598.5399780273438,152.94000244140625,260.7099914550781,71.7699966430664,563.5800170898438,450.17999267578125,131.2899932861328,23.31999969482422,339.3399963378906,353.5400085449219,96.33999633789062,103.02999877929688
2025-05-27,200.2100067138672,201.02999877929688,351.510009765625,137.8300018310547,615.72998046875,153.25,265.2900085449219,71.77999877929688,574.5499877929688,460.69000244140625,135.5,23.610000610351562,362.8900146484375,359.29998779296875,97.58000183105469,103.5199966430664
2025-05-28,200.4199981689453,201.5,349.489990234375,136.02000427246094,608.4400024414062,152.42999267578125,263.489990234375,71.1500015258789,575.9199829101562,457.3599853515625,134.80999755859375,23.18000030517578,356.8999938964844,359.7300109863281,97.23999786376953,102.11000061035156
2025-05-29,199.9499969482422,208.17999267578125,351.7900085449219,137.91000366210938,604.8599853515625,153.5800018310547,264.3699951171875,71.48999786376953,577.780029296875,458.67999267578125,139.19000244140625,23.450000762939453,358.42999267578125,362.3999938964844,97.0999984741211,102.69000244140625
2025-05-30,200.85000610351562,207.32000732421875,348.0299987792969,136.6999969482422,600.4500122070312,155.2100067138672,264.0,72.0999984741211,585.5999755859375,460.3599853515625,135.1300048828125,23.489999771118164,346.4599914550781,365.19000244140625,98.72000122070312,102.30000305175781
2025-06-02,201.6999969482422,211.47000122070312,344.6700134277344,137.83999633789062,598.719970703125,155.39999389648438,264.6600036621094,72.0,581.219970703125,461.9700012207031,137.3800048828125,23.459999084472656,342.69000244140625,365.32000732421875,99.7699966430664,103.05000305175781
2025-06-03,203.27000427246094,213.42999267578125,349.3999938964844,139.5500030517578,603.8300170898438,154.4199981689453,266.2699890136719,71.16000366210938,581.969970703125,462.9700012207031,141.22000122070312,23.350000381469727,344.2699890136719,365.8599853515625,99.9800033569336,103.80000305175781
2025-06-04,202.82000732421875,211.97999572753906,349.3299865722656,137.3699951171875,599.2100219726562,153.22000122070312,264.2200012207031,71.37000274658203,584.1300048828125,463.8699951171875,141.9199981689453,23.389999389648438,332.04998779296875,368.0,99.3499984741211,102.30000305175781
2025-06-05,200.6300048828125,209.02000427246094,348.9599914550781,136.89999389648438,605.8800048828125,153.66000366210938,261.95001220703125,70.91000366210938,585.4400024414062,467.67999267578125,139.99000549316406,23.1200008392334,284.70001220703125,366.7699890136719,97.95999908447266,101.83000183105469
2025-06-06,203.9199981689453,210.8000030517578,353.3500061035156,140.2100067138672,614.0,155.02999877929688,265.7300109863281,71.3499984741211,590.1199951171875,470.3800048828125,141.72000122070312,23.350000381469727,295.1400146484375,370.2200012207031,97.47000122070312,104.2699966430664
2025-06-09,201.4499969482422,217.50999450683594,358.07000732421875,140.75999450683594,613.52001953125,155.22999572753906,266.739990234375,71.7699966430664,584.3300170898438,472.75,142.6300048828125,23.969999313354492,308.5799865722656,366.6600036621094,97.44999694824219,104.97000122070312
2025-06-10,202.6699981689453,215.72999572753906,358.57000732421875,143.35000610351562,614.8699951171875,156.4499969482422,268.6000061035156,72.3499984741211,589.5399780273438,470.9200134277344,143.9600067138672,24.299999237060547,326.0899963378906,370.70001220703125,97.31999969482422,107.22000122070312
2025-06-11,198.77999877929688,214.0,363.1400146484375,144.77999877929688,624.1699829101562,155.25999450683594,268.1499938964844,72.06999969482422,590.739990234375,472.6199951171875,142.8300018310547,24.479999542236328,326.42999267578125,373.30999755859375,95.80000305175781,109.30999755859375
2025-06-12,199.1999969482422,203.75,360.9599914550781,144.97000122070312,625.1099853515625,156.66000366210938,268.239990234375,72.23999786376953,589.280029296875,478.8699951171875,145.0,24.84000015258789,319.1099853515625,371.3999938964844,94.83000183105469,109.7300033569336
2025-06-13,196.4499969482422,200.32000732421875,357.04998779296875,145.91000366210938,613.5399780273438,157.10000610351562,264.95001220703125,71.0199966430664,562.030029296875,474.9599914550781,141.97000122070312,24.540000915527344,325.30999755859375,352.8500061035156,94.44000244140625,112.12000274658203
2025-06-16,198.4199981689453,201.6999969482422,362.44000244140625,146.02999877929688,627.8499755859375,155.22000122070312,270.3599853515625,70.5199966430664,568.6699829101562,479.1400146484375,144.69000244140625,24.399999618530273,329.1300048828125,355.4800109863281,94.29000091552734,112.4800033569336
2025-06-17,195.63999938964844,200.25999450683594,357.67999267578125,148.85000610351562,624.6400146484375,152.3800048828125,269.5199890136719,69.62000274658203,569.4500122070312,478.0400085449219,144.1199951171875,24.0,316.3500061035156,357.8399963378906,94.25,114.0
2025-06-18,196.5800018310547,197.67999267578125,359.79998779296875,148.19000244140625,635.239990234375,150.72999572753906,273.9599914550781,69.20999908447266,538.72998046875,480.239990234375,145.47999572753906,23.8799991607666,322.04998779296875,340.3800048828125,95.08999633789062,113.19000244140625
2025-06-20,201.0,198.75,360.5199890136719,149.5500030517578,640.7999877929688,149.7899932861328,275.0,68.83999633789062,532.969970703125,477.3999938964844,143.85000610351562,23.969999313354492,322.1600036621094,338.57000732421875,96.12000274658203,114.69999694824219
2025-06-23,201.5,201.30999755859375,366.2300109863281,146.86000061035156,646.8800048828125,151.32000732421875,278.2699890136719,69.73999786376953,542.3499755859375,486.0,144.1699981689453,24.030000686645508,348.67999267578125,343.75,97.87000274658203,111.73999786376953
2025-06-24,200.3000030517578,200.94000244140625,373.0199890136719,143.5500030517578,662.1099853515625,152.19000244140625,281.260009765625,70.20999908447266,557.530029296875,490.1099853515625,147.89999389648438,24.309999465942383,340.4700012207031,351.6300048828125,98.0,108.33999633789062
2025-06-25,201.55999755859375,198.89999389648438,371.5799865722656,143.22999572753906,669.8699951171875,152.27999877929688,284.05999755859375,69.62999725341797,549.7000122070312,492.2699890136719,154.30999755859375,24.260000228881836,327.54998779296875,345.260009765625,97.26000213623047,108.37000274658203
2025-06-26,201.0,202.5800018310547,381.8800048828125,144.44000244140625,687.1599731445312,152.00999450683594,288.75,69.47000122070312,545.8099975585938,497.45001220703125,155.02000427246094,24.239999771118164,325.7799987792969,346.0299987792969,96.0199966430664,109.98999786376953
2025-06-27,201.0800018310547,214.5500030517578,384.7099914550781,143.7899932861328,690.8099975585938,152.41000366210938,287.1099853515625,70.33000183105469,550.3200073242188,495.94000244140625,157.75,24.190000534057617,323.6300048828125,348.6099853515625,97.2699966430664,109.37999725341797
2025-06-30,205.1699981689453,209.52999877929688,388.2099914550781,143.19000244140625,707.75,152.75,289.9100036621094,70.75,561.9400024414062,497.4100036621094,157.99000549316406,24.239999771118164,317.6600036621094,355.04998779296875,97.77999877929688,107.80000305175781
2025-07-01,207.82000732421875,209.7899932861328,390.9200134277344,145.57000732421875,706.4600219726562,155.9199981689453,290.4100036621094,71.66999816894531,564.6099853515625,492.04998779296875,153.3000030517578,25.040000915527344,300.7099914550781,355.4700012207031,98.23999786376953,109.23999786376953
2025-07-02,212.44000244140625,212.02999877929688,398.42999267578125,147.97999572753906,715.8900146484375,155.55999755859375,292.0,70.91000366210938,561.52001953125,491.0899963378906,157.25,25.31999969482422,315.6499938964844,354.2200012207031,97.61000061035156,111.05000305175781
2025-07-03,213.5500030517578,215.9199981689453,397.8599853515625,148.3699951171875,723.6799926757812,156.00999450683594,296.0,71.3499984741211,569.239990234375,498.8399963378906,159.33999633789062,25.3799991607666,315.3500061035156,358.8599853515625,98.36000061035156,112.19999694824219
2025-07-07,209.9499969482422,218.6300048828125,391.510009765625,147.39999389648438,710.9299926757812,155.27000427246094,291.9700012207031,71.01000213623047,565.1199951171875,497.7200012207031,158.24000549316406,25.239999771118164,293.94000244140625,356.6400146484375,99.3499984741211,111.11000061035156
2025-07-08,210.00999450683594,218.52000427246094,394.2900085449219,153.24000549316406,697.280029296875,155.7899932861328,282.7799987792969,70.23999786376953,562.4400024414062,496.6199951171875,160.0,25.6200008392334,297.80999755859375,354.54998779296875,97.08999633789062,114.19000244140625
2025-07-09,211.13999938964844,226.60000610351562,402.17999267578125,153.02000427246094,696.5599975585938,156.27999877929688,283.1600036621094,69.4800033569336,565.1099853515625,503.510009765625,162.8800048828125,25.559999465942383,295.8800048828125,357.760009765625,96.80999755859375,113.80000305175781
2025-07-10,212.41000366210938,226.08999633789062,408.3299865722656,154.1699981689453,709.1199951171875,157.69000244140625,288.19000244140625,69.7699966430664,563.52001953125,501.4800109863281,164.10000610351562,25.780000686645508,309.8699951171875,355.8800048828125,94.86000061035156,114.93000030517578
2025-07-11,211.16000366210938,226.83999633789062,405.9200134277344,155.30999755859375,704.9500122070312,156.89999389648438,286.8599853515625,69.87000274658203,550.1799926757812,503.32000732421875,164.9199981689453,25.649999618530273,313.510009765625,347.92999267578125,94.4000015258789,115.43000030517578
2025-07-14,208.6199951171875,230.50999450683594,405.7699890136719,151.64999389648438,713.2999877929688,156.82000732421875,288.70001220703125,69.47000122070312,553.02001953125,503.0199890136719,164.07000732421875,25.350000381469727,316.8999938964844,350.5,95.77999877929688,113.91999816894531
2025-07-15,209.11000061035156,230.0,404.6400146484375,150.69000244140625,702.510009765625,155.1699981689453,286.54998779296875,69.36000061035156,550.3599853515625,505.82000732421875,170.6999969482422,24.610000610351562,310.7799987792969,347.0199890136719,95.38999938964844,112.91000366210938
2025-07-16,210.16000366210938,229.89999389648438,412.8800048828125,149.9199981689453,708.8200073242188,164.77999877929688,285.82000732421875,69.2699966430664,555.52001953125,505.6199951171875,171.3699951171875,24.610000610351562,321.6700134277344,349.8999938964844,95.1500015258789,112.2300033569336
2025-07-17,210.02000427246094,231.0,418.07000732421875,151.3800048828125,705.8400268554688,162.97999572753906,289.8999938964844,70.58999633789062,555.6099853515625,511.70001220703125,173.0,24.579999923706055,319.4100036621094,349.80999755859375,95.08999633789062,111.66000366210938
2025-07-18,211.17999267578125,229.33999633789062,413.7099914550781,150.0399932861328,708.260009765625,163.6999969482422,291.2699890136719,69.8499984741211,552.6599731445312,510.04998779296875,172.41000366210938,24.469999313354492,329.6499938964844,349.04998779296875,95.05000305175781,107.7699966430664
2025-07-21,212.47999572753906,229.32000732421875,410.07000732421875,149.67999267578125,706.0,164.36000061035156,290.9700012207031,70.06999969482422,554.6500244140625,510.05999755859375,171.3800048828125,24.260000228881836,328.489990234375,350.94000244140625,95.66999816894531,108.05000305175781
2025-07-22,214.39999389648438,228.47999572753906,417.19000244140625,150.0399932861328,700.4099731445312,167.92999267578125,291.42999267578125,69.66000366210938,558.760009765625,505.2699890136719,167.02999877929688,25.139999389648438,332.1099853515625,351.8599853515625,95.8499984741211,108.54000091552734
2025-07-23,214.14999389648438,233.8800048828125,427.5899963378906,153.1199951171875,717.52001953125,169.10000610351562,296.760009765625,69.16000366210938,562.0900268554688,505.8699951171875,170.77999877929688,25.360000610351562,332.55999755859375,355.2900085449219,95.68000030517578,109.93000030517578
2025-07-24,213.75999450683594,231.27000427246094,429.5199890136719,155.8300018310547,719.1799926757812,169.55999755859375,296.54998779296875,69.0999984741211,563.5,510.8800048828125,173.74000549316406,25.350000381469727,305.29998779296875,353.9700012207031,96.5999984741211,110.79000091552734
2025-07-25,213.8800048828125,233.05999755859375,433.75,154.83999633789062,728.97998046875,168.3000030517578,298.6199951171875,69.16999816894531,568.219970703125,513.7100219726562,173.5,24.790000915527344,316.05999755859375,357.0400085449219,97.47000122070312,110.4000015258789
2025-07-28,214.0500030517578,236.41000366210938,432.94000244140625,156.27999877929688,723.6500244140625,166.22000122070312,298.2799987792969,68.08999633789062,568.280029296875,512.5,176.75,24.309999465942383,325.5899963378906,355.4700012207031,97.61000061035156,111.44000244140625
2025-07-29,211.27000427246094,226.0800018310547,430.04998779296875,157.02999877929688,731.97998046875,168.11000061035156,297.0400085449219,69.37999725341797,563.3200073242188,512.5700073242188,175.50999450683594,24.299999237060547,321.20001220703125,351.2900085449219,98.33000183105469,112.87999725341797
2025-07-30,209.0500030517578,225.83999633789062,434.1199951171875,153.55999755859375,730.75,167.25999450683594,299.6300048828125,68.75,559.1099853515625,513.239990234375,179.27000427246094,23.809999465942383,319.0400085449219,350.9100036621094,97.58999633789062,111.9000015258789
2025-07-31,207.57000732421875,221.83999633789062,438.0199890136719,151.63999938964844,723.5900268554688,164.74000549316406,296.239990234375,67.88999938964844,566.469970703125,533.5,177.8699951171875,23.290000915527344,308.2699890136719,345.4700012207031,97.9800033569336,111.63999938964844
2025-08-01,202.3800048828125,221.89999389648438,428.69000244140625,151.39999389648438,709.5700073242188,167.3300018310547,289.3699951171875,68.86000061035156,559.8900146484375,524.1099853515625,173.72000122070312,23.489999771118164,302.6300048828125,339.3500061035156,98.48999786376953,109.63999938964844
2025-08-04,203.35000610351562,222.33999633789062,433.70001220703125,151.0399932861328,726.030029296875,171.0399932861328,294.260009765625,68.95999908447266,569.8099975585938,535.6400146484375,180.0,23.530000686645508,309.260009765625,342.1499938964844,99.58999633789062,107.37000274658203
2025-08-05,202.9199981689453,224.86000061035156,434.2300109863281,153.0399932861328,720.9099731445312,170.74000549316406,291.3699951171875,69.05000305175781,566.0399780273438,527.75,178.25999450683594,24.75,308.7200012207031,337.42999267578125,99.30999755859375,107.23999786376953
2025-08-06,213.25,225.0399932861328,427.7200012207031,152.77999877929688,724.739990234375,170.58999633789062,291.3500061035156,69.51000213623047,569.1300048828125,524.9400024414062,179.4199981689453,23.93000030517578,319.9100036621094,339.739990234375,103.36000061035156,106.51000213623047
2025-08-07,220.02999877929688,227.3300018310547,417.1199951171875,153.16000366210938,719.739990234375,171.52999877929688,286.94000244140625,70.43000030517578,561.219970703125,520.8400268554688,180.77000427246094,24.229999542236328,322.2699890136719,332.0899963378906,103.12000274658203,105.94999694824219
2025-08-08,229.35000610351562,229.1199951171875,416.5199890136719,155.00999450683594,721.27001953125,173.3300018310547,288.760009765625,70.33999633789062,574.3200073242188,522.0399780273438,182.6999969482422,24.579999923706055,329.6499938964844,336.7799987792969,103.7300033569336,106.80000305175781
2025-08-11,227.17999267578125,225.9600067138672,408.5400085449219,153.4499969482422,719.239990234375,173.82000732421875,289.55999755859375,70.75,573.5900268554688,521.77001953125,182.05999755859375,24.579999923706055,339.0299987792969,335.8999938964844,103.93000030517578,105.83000183105469
2025-08-12,229.64999389648438,232.61000061035156,412.7099914550781,154.44000244140625,743.3800048828125,172.77999877929688,292.8500061035156,70.70999908447266,574.1799926757812,529.239990234375,183.16000366210938,24.649999618530273,340.8399963378906,336.739990234375,103.62000274658203,106.12999725341797
2025-08-13,233.3300018310547,233.3699951171875,413.70001220703125,155.8699951171875,744.6900024414062,174.4199981689453,290.5299987792969,70.45999908447266,577.9000244140625,520.5800170898438,181.58999633789062,25.15999984741211,339.3800048828125,342.54998779296875,100.98999786376953,107.5999984741211
2025-08-14,232.77999877929688,233.19000244140625,417.5,155.16000366210938,747.2000122070312,174.72000122070312,294.1600036621094,69.55000305175781,583.760009765625,522.47998046875,182.02000427246094,25.110000610351562,335.5799865722656,345.489990234375,100.8499984741211,107.37999725341797
2025-08-15,231.58999633789062,235.25999450683594,407.7900085449219,156.5500030517578,730.719970703125,176.63999938964844,290.489990234375,69.91999816894531,581.7000122070312,520.1699829101562,180.4499969482422,25.139999389648438,330.55999755859375,344.4700012207031,100.0,106.48999786376953
2025-08-18,230.88999938964844,232.41000366210938,412.6400146484375,155.32000732421875,730.9600219726562,176.25,291.5299987792969,69.12999725341797,584.1400146484375,517.0999755859375,182.00999450683594,25.06999969482422,335.1600036621094,342.739990234375,100.69999694824219,106.72000122070312
2025-08-19,230.55999755859375,225.0,416.0899963378906,152.0,721.3800048828125,177.8000030517578,290.6600036621094,70.12999725341797,585.510009765625,509.7699890136719,175.63999938964844,25.31999969482422,329.30999755859375,342.45001220703125,101.29000091552734,107.41999816894531
2025-08-20,226.00999450683594,225.6199951171875,420.5899963378906,153.22000122070312,720.6799926757812,178.83999633789062,292.239990234375,70.69999694824219,592.6799926757812,505.7200012207031,175.39999389648438,25.3799991607666,323.8999938964844,343.92999267578125,102.56999969482422,108.52999877929688
2025-08-21,224.89999389648438,224.4600067138672,417.8900146484375,155.5500030517578,715.9500122070312,178.92999267578125,291.4700012207031,70.66000366210938,591.9199829101562,504.239990234375,174.97999572753906,25.739999771118164,320.1099853515625,343.69000244140625,97.95999908447266,109.2300033569336
2025-08-22,227.75999450683594,230.1199951171875,435.6700134277344,158.17999267578125,741.8900146484375,179.2899932861328,296.239990234375,70.12999725341797,598.9600219726562,507.2300109863281,177.99000549316406,25.8799991607666,340.010009765625,350.0400085449219,96.83000183105469,111.27999877929688
2025-08-25,227.16000366210938,226.8699951171875,432.29998779296875,158.1999969482422,738.7899780273438,178.41000366210938,294.8999938964844,68.93000030517578,593.2100219726562,504.260009765625,179.80999755859375,25.139999389648438,346.6000061035156,348.82000732421875,96.06999969482422,111.73999786376953
2025-08-26,229.30999755859375,234.8300018310547,431.260009765625,157.36000061035156,748.9500122070312,176.49000549316406,298.57000732421875,68.7300033569336,591.6099853515625,502.0400085449219,181.77000427246094,24.920000076293945,351.6700134277344,351.17999267578125,96.05000305175781,111.48999786376953
2025-08-27,230.49000549316406,235.6199951171875,432.6700134277344,159.24000549316406,749.6699829101562,176.7899932861328,299.2799987792969,68.83000183105469,590.6599731445312,506.739990234375,181.60000610351562,25.06999969482422,349.6000061035156,350.3500061035156,96.08000183105469,112.75
2025-08-28,232.55999755859375,236.16000366210938,434.9100036621094,159.32000732421875,751.219970703125,175.4499969482422,301.07000732421875,68.36000061035156,590.47998046875,509.6400146484375,180.1699981689453,24.600000381469727,345.9800109863281,349.8599853515625,96.11000061035156,113.3499984741211
2025-08-29,232.13999938964844,234.67999267578125,419.0400085449219,160.60000610351562,745.25,177.1699981689453,301.4200134277344,68.98999786376953,595.2899780273438,506.69000244140625,174.17999267578125,24.760000228881836,333.8699951171875,351.7799987792969,96.9800033569336,114.29000091552734
2025-09-02,229.72000122070312,237.3800048828125,416.04998779296875,161.8300018310547,730.8499755859375,178.05999755859375,299.70001220703125,69.05999755859375,591.8699951171875,505.1199951171875,170.77999877929688,24.979999542236328,329.3599853515625,350.07000732421875,97.8499984741211,114.69000244140625
2025-09-03,238.47000122070312,232.3800048828125,415.1199951171875,158.05999755859375,730.5599975585938,178.0,299.510009765625,68.98999786376953,593.280029296875,505.3500061035156,170.6199951171875,24.790000915527344,334.0899963378906,350.8699951171875,99.44000244140625,111.91000366210938
2025-09-04,239.77999877929688,230.75,420.2200012207031,157.69000244140625,748.9000244140625,178.75999450683594,303.82000732421875,68.25,595.6400146484375,507.9700012207031,171.66000366210938,24.540000915527344,338.5299987792969,350.989990234375,100.93000030517578,112.4000015258789
2025-09-05,239.69000244140625,229.61000061035156,423.0799865722656,153.66000366210938,738.2100219726562,178.42999267578125,294.3800048828125,67.95999908447266,584.219970703125,495.0,167.02000427246094,24.8799991607666,350.8399963378906,343.2200012207031,100.51000213623047,109.2300033569336
2025-09-08,237.8800048828125,230.9499969482422,422.7799987792969,154.0,741.8499755859375,178.1300048828125,292.9100036621094,67.43000030517578,586.5999755859375,498.20001220703125,168.30999755859375,24.549999237060547,346.3999938964844,342.29998779296875,102.27999877929688,109.8499984741211
2025-09-09,234.35000610351562,229.52000427246094,418.0899963378906,154.85000610351562,763.9199829101562,176.9600067138672,297.8500061035156,67.86000061035156,584.0,498.4100036621094,170.75999450683594,24.709999084472656,346.9700012207031,343.989990234375,102.29000091552734,110.6500015258789
2025-09-10,226.7899932861328,227.52000427246094,422.9100036621094,157.7899932861328,769.5800170898438,175.7899932861328,300.5400085449219,67.81999969482422,579.3800048828125,500.3699951171875,177.3300018310547,24.56999969482422,347.7900085449219,338.1199951171875,100.41000366210938,112.5
2025-09-11,230.02999877929688,219.99000549316406,431.3800048828125,158.25,784.72998046875,178.5,305.55999755859375,67.62000274658203,588.72998046875,501.010009765625,177.1699981689453,24.860000610351562,368.80999755859375,343.489990234375,102.6500015258789,112.13999938964844
2025-09-12,234.07000732421875,215.94000244140625,431.5199890136719,157.11000061035156,780.0599975585938,178.05999755859375,306.9100036621094,67.01000213623047,580.4099731445312,509.8999938964844,177.82000732421875,23.8700008392334,395.94000244140625,339.42999267578125,103.48999786376953,112.16000366210938
2025-09-15,236.6999969482422,215.75,435.94000244140625,157.30999755859375,786.760009765625,177.39999389648438,308.8999938964844,66.20999908447266,582.9600219726562,515.3599853515625,177.75,23.969999313354492,410.0400085449219,339.04998779296875,103.69000244140625,112.3499984741211
2025-09-16,238.14999389648438,215.02000427246094,440.6700134277344,159.5399932861328,785.530029296875,176.4600067138672,309.19000244140625,66.23999786376953,586.4199829101562,509.0400085449219,174.8800048828125,23.899999618530273,421.6199951171875,340.0299987792969,103.41999816894531,114.68000030517578
2025-09-17,238.99000549316406,214.6300048828125,450.6600036621094,160.08999633789062,794.219970703125,177.1999969482422,311.75,67.04000091552734,598.6300048828125,510.0199890136719,170.2899932861328,24.049999237060547,425.8599853515625,346.20001220703125,104.2699966430664,115.29000091552734
2025-09-18,237.8800048828125,215.66000366210938,466.9599914550781,158.83999633789062,804.3099975585938,174.16000366210938,313.2300109863281,66.45999908447266,586.0499877929688,508.45001220703125,176.24000549316406,24.149999618530273,416.8500061035156,338.17999267578125,103.5999984741211,113.93000030517578
2025-09-19,245.5,215.64999389648438,466.5400085449219,156.2100067138672,805.0,176.19000244140625,314.7799987792969,66.43000030517578,584.1599731445312,517.9299926757812,176.6699981689453,24.030000686645508,426.07000732421875,341.6099853515625,102.33000183105469,112.81999969482422
2025-09-22,256.0799865722656,212.08999633789062,472.1000061035156,156.0500030517578,805.5599975585938,174.2100067138672,312.44000244140625,66.20999908447266,584.489990234375,514.4500122070312,183.61000061035156,24.040000915527344,434.2099914550781,344.3599853515625,102.81999969482422,112.0199966430664
2025-09-23,254.42999267578125,216.33999633789062,471.260009765625,157.4199981689453,806.3200073242188,176.5800018310547,312.739990234375,66.70999908447266,569.969970703125,509.2300109863281,178.42999267578125,24.1299991607666,425.8500061035156,338.70001220703125,102.5199966430664,113.94999694824219
2025-09-24,252.30999755859375,215.10000610351562,469.7900085449219,159.17999267578125,792.4299926757812,176.69000244140625,313.4200134277344,66.44999694824219,568.8099975585938,510.1499938964844,176.97000122070312,24.09000015258789,442.7900085449219,338.67999267578125,102.7300033569336,114.55999755859375
2025-09-25,256.8699951171875,213.52999877929688,463.7200012207031,160.72000122070312,794.760009765625,177.72999572753906,313.45001220703125,65.9800033569336,567.2999877929688,507.0299987792969,177.69000244140625,23.600000381469727,423.3900146484375,334.92999267578125,103.05000305175781,115.58999633789062
2025-09-26,255.4600067138672,221.25999450683594,465.760009765625,160.16000366210938,802.510009765625,179.7100067138672,316.05999755859375,65.66999816894531,565.1300048828125,511.4599914550781,178.19000244140625,23.760000228881836,440.3999938964844,337.3699951171875,103.16000366210938,117.22000122070312
2025-09-29,254.42999267578125,217.0800018310547,471.6099853515625,156.10000610351562,804.1199951171875,181.6199951171875,315.69000244140625,66.04000091552734,568.1400146484375,514.5999755859375,181.85000610351562,23.850000381469727,443.2099914550781,340.1600036621094,103.08000183105469,114.22000122070312
2025-09-30,254.6300048828125,215.8300018310547,477.1499938964844,155.2899932861328,796.3499755859375,185.4199981689453,315.42999267578125,66.31999969482422,568.8099975585938,517.9500122070312,186.5800018310547,25.479999542236328,444.7200012207031,341.3800048828125,103.05999755859375,112.75
2025-10-01,255.4499969482422,215.1999969482422,480.82000732421875,154.5800018310547,785.510009765625,186.0500030517578,310.7099914550781,66.77999877929688,573.77001953125,519.7100219726562,187.24000549316406,27.209999084472656,459.4599914550781,347.8299865722656,101.95999908447266,111.98999786376953
2025-10-02,257.1300048828125,217.42999267578125,490.57000732421875,153.3699951171875,779.3800048828125,185.97999572753906,307.54998779296875,66.0999984741211,577.3300170898438,515.739990234375,188.88999938964844,27.079999923706055,436.0,345.95001220703125,101.69999694824219,111.29000091552734
2025-10-03,258.0199890136719,216.3000030517578,497.8500061035156,153.5500030517578,789.97998046875,188.63999938964844,310.0299987792969,66.6500015258789,580.4500122070312,517.3499755859375,187.6199951171875,27.3700008392334,429.8299865722656,349.8399963378906,102.06999969482422,113.26000213623047
2025-10-06,256.69000244140625,219.72999572753906,495.3800048828125,154.02000427246094,796.780029296875,188.16000366210938,309.17999267578125,66.0999984741211,578.8099975585938,528.5700073242188,185.5399932861328,26.43000030517578,453.25,349.2799987792969,102.69999694824219,114.19999694824219
2025-10-07,256.4800109863281,221.82000732421875,486.7099914550781,154.91000366210938,789.6500244140625,188.88999938964844,307.69000244140625,66.79000091552734,579.8400268554688,523.97998046875,185.0399932861328,26.270000457763672,433.0899963378906,352.4200134277344,103.23999786376953,114.26000213623047
2025-10-08,258.05999755859375,225.32000732421875,502.1199951171875,153.74000549316406,776.510009765625,189.69000244140625,304.0299987792969,66.12000274658203,576.4400024414062,524.8499755859375,189.11000061035156,25.68000030517578,438.69000244140625,351.3599853515625,102.9000015258789,114.0199966430664
2025-10-09,254.0399932861328,216.0,500.3599853515625,151.63999938964844,779.9600219726562,191.0800018310547,305.5299987792969,66.37000274658203,564.5499877929688,522.4000244140625,192.57000732421875,25.239999771118164,435.5400085449219,347.0400085449219,101.7699966430664,112.91000366210938
2025-10-10,245.27000427246094,210.72999572753906,491.29998779296875,148.89999389648438,764.3599853515625,190.72000122070312,300.8900146484375,67.04000091552734,557.47998046875,510.9599914550781,183.16000366210938,24.780000686645508,413.489990234375,343.6499938964844,101.83999633789062,110.7300033569336
2025-10-13,247.66000366210938,215.55999755859375,504.760009765625,151.94000244140625,786.780029296875,190.89999389648438,307.9700012207031,66.80000305175781,559.239990234375,514.0499877929688,188.32000732421875,24.729999542236328,435.8999938964844,343.29998779296875,102.12000274658203,112.23999786376953
2025-10-14,247.77000427246094,214.3000030517578,527.469970703125,152.38999938964844,770.760009765625,190.85000610351562,302.0799865722656,67.51000213623047,567.9199829101562,513.5700073242188,180.02999877929688,24.520000457763672,429.239990234375,348.3800048828125,107.20999908447266,112.29000091552734
2025-10-15,249.33999633789062,214.0,534.0499877929688,152.11000061035156,767.9299926757812,191.1699981689453,305.69000244140625,67.08000183105469,562.8099975585938,513.4299926757812,179.8300018310547,24.389999389648438,435.1499938964844,345.69000244140625,109.02999877929688,111.61000061035156
2025-10-16,247.4499969482422,211.88999938964844,540.9600219726562,151.7100067138672,758.0900268554688,192.1199951171875,298.5400085449219,67.58999633789062,549.8800048828125,511.6099853515625,181.80999755859375,24.229999542236328,428.75,335.3999938964844,106.47000122070312,110.63999938964844
2025-10-17,252.2899932861328,212.94000244140625,527.0800170898438,153.0800018310547,750.77001953125,193.22000122070312,297.55999755859375,68.44000244140625,560.969970703125,513.5800170898438,183.22000122070312,24.510000228881836,439.30999755859375,341.8900146484375,107.7300033569336,112.23999786376953
2025-10-20,262.239990234375,216.82000732421875,531.1799926757812,154.47999572753906,763.3200073242188,193.72000122070312,302.3599853515625,68.44000244140625,566.3599853515625,516.7899780273438,182.63999938964844,24.690000534057617,447.42999267578125,344.4100036621094,107.05000305175781,112.69999694824219
2025-10-21,262.7699890136719,217.25999450683594,524.6500244140625,153.7899932861328,758.97998046875,191.8800048828125,297.0899963378906,71.22000122070312,572.030029296875,517.6599731445312,181.16000366210938,24.850000381469727,442.6000061035156,347.2099914550781,106.22000122070312,112.70999908447266
2025-10-22,258.45001220703125,216.58999633789062,513.9099731445312,155.57000732421875,744.5999755859375,192.94000244140625,294.1099853515625,70.80999755859375,571.3599853515625,520.5399780273438,180.27999877929688,24.719999313354492,438.9700012207031,345.3599853515625,107.13999938964844,114.70999908447266
2025-10-23,259.5799865722656,217.77000427246094,520.5,156.55999755859375,750.780029296875,192.47000122070312,294.5400085449219,69.94000244140625,573.77001953125,520.5599975585938,182.16000366210938,24.670000076293945,448.9800109863281,345.9599914550781,106.86000061035156,115.9800033569336
2025-10-24,262.82000732421875,221.35000610351562,522.72998046875,155.55999755859375,783.8800048828125,190.39999389648438,300.44000244140625,69.70999908447266,573.6699829101562,523.6099853515625,186.25999450683594,24.760000228881836,433.7200012207031,347.3800048828125,106.16999816894531,115.38999938964844
2025-10-27,268.80999755859375,223.0,527.0700073242188,155.27999877929688,789.989990234375,190.3000030517578,304.1499938964844,70.05999755859375,572.3599853515625,531.52001953125,191.49000549316406,24.770000457763672,452.4200134277344,347.82000732421875,104.47000122070312,115.94000244140625
2025-10-28,269.0,223.3300018310547,524.469970703125,154.1300048828125,792.0900268554688,186.92999267578125,305.3599853515625,70.16000366210938,565.9299926757812,542.0700073242188,201.02999877929688,24.5,460.54998779296875,346.8999938964844,103.16999816894531,115.02999877929688
2025-10-29,269.70001220703125,213.5800018310547,585.489990234375,155.10000610351562,783.0599975585938,186.60000610351562,305.510009765625,68.3499984741211,554.5800170898438,541.5499877929688,207.0399932861328,24.290000915527344,461.510009765625,341.2799987792969,102.45999908447266,116.44999694824219
2025-10-30,271.3999938964844,200.0800018310547,583.1500244140625,153.52000427246094,790.1599731445312,189.0500030517578,309.44000244140625,68.9800033569336,553.6799926757812,525.760009765625,202.88999938964844,24.290000915527344,440.1000061035156,345.0299987792969,102.2300033569336,114.69000244140625
2025-10-31,270.3699951171875,201.02000427246094,577.260009765625,157.72000122070312,789.3699951171875,188.8699951171875,311.1199951171875,68.9000015258789,551.989990234375,517.8099975585938,202.49000549316406,24.649999618530273,456.55999755859375,340.739990234375,101.18000030517578,114.36000061035156
2025-11-03,269.04998779296875,204.5500030517578,570.5900268554688,154.0399932861328,785.52001953125,186.25999450683594,309.3500061035156,67.97000122070312,544.0700073242188,517.030029296875,206.8800048828125,24.65999984741211,468.3699951171875,336.8999938964844,101.58999633789062,113.76000213623047
2025-11-04,270.0400085449219,198.0500030517578,547.5800170898438,153.38999938964844,790.8300170898438,186.86000061035156,309.25,68.66000366210938,552.75,514.3300170898438,198.69000244140625,24.299999237060547,444.260009765625,340.29998779296875,102.2699966430664,114.13999938964844
2025-11-05,270.1400146484375,197.6199951171875,569.1500244140625,152.66000366210938,793.0900268554688,186.0,311.67999267578125,68.51000213623047,553.3099975585938,507.1600036621094,195.2100067138672,24.610000610351562,462.07000732421875,340.0400085449219,101.47000122070312,113.68000030517578
2025-11-06,269.7699890136719,196.5,569.780029296875,152.94000244140625,787.5800170898438,186.97000122070312,313.4200134277344,69.05999755859375,553.280029296875,497.1000061035156,188.0800018310547,24.850000381469727,445.9100036621094,336.9599914550781,101.68000030517578,114.5
2025-11-07,268.4700012207031,194.61000061035156,563.0999755859375,155.02000427246094,786.3400268554688,186.57000732421875,314.2099914550781,70.55000305175781,551.969970703125,496.82000732421875,188.14999389648438,24.43000030517578,429.5199890136719,336.0199890136719,102.58999633789062,117.22000122070312
2025-11-10,269.42999267578125,194.80999755859375,570.8499755859375,155.64999389648438,797.2000122070312,188.41000366210938,316.8900146484375,70.5199966430664,552.9600219726562,506.0,199.0500030517578,24.389999389648438,445.2300109863281,334.8500061035156,102.41999816894531,118.22000122070312
2025-11-11,275.25,195.2100067138672,567.9299926757812,156.24000549316406,810.3099975585938,193.8300018310547,315.6199951171875,71.61000061035156,558.3499755859375,508.67999267578125,193.16000366210938,25.510000228881836,439.6199951171875,338.9200134277344,103.44000244140625,119.77999877929688
2025-11-12,273.4700012207031,195.5,573.02001953125,153.32000732421875,838.969970703125,194.38999938964844,320.4100036621094,71.51000213623047,561.22998046875,511.1400146484375,193.8000030517578,25.8700008392334,430.6000061035156,338.8800048828125,103.44000244140625,118.12000274658203
2025-11-13,272.95001220703125,194.5800018310547,553.5499877929688,155.5800018310547,805.5,195.25,309.4800109863281,71.06999969482422,555.5700073242188,503.2900085449219,186.86000061035156,25.790000915527344,401.989990234375,336.0799865722656,102.54000091552734,118.79000091552734
2025-11-14,272.4100036621094,194.52000427246094,554.030029296875,157.6199951171875,790.9099731445312,195.92999267578125,303.6099853515625,71.16000366210938,545.72998046875,510.17999267578125,190.1699981689453,25.059999465942383,404.3500061035156,330.0199890136719,102.4800033569336,119.29000091552734
2025-11-17,267.4599914550781,191.80999755859375,552.0499877929688,154.82000732421875,775.5599975585938,199.5800018310547,300.3699951171875,70.68000030517578,536.8499755859375,507.489990234375,186.60000610351562,25.079999923706055,408.9200134277344,325.75,102.94999694824219,117.68000030517578
2025-11-18,267.44000244140625,189.6300048828125,546.8800048828125,153.6199951171875,776.2999877929688,200.0,299.4100036621094,71.22000122070312,527.5800170898438,493.7900085449219,181.36000061035156,25.450000762939453,401.25,321.17999267578125,101.38999938964844,119.02999877929688
2025-11-19,268.55999755859375,185.6999969482422,553.1099853515625,151.6999969482422,785.989990234375,202.50999450683594,303.2699890136719,71.11000061035156,530.3599853515625,487.1199951171875,186.52000427246094,24.8799991607666,403.989990234375,324.1199951171875,100.61000061035156,117.3499984741211
2025-11-20,266.25,179.3800048828125,546.1300048828125,150.30999755859375,773.7000122070312,203.07000732421875,298.3800048828125,71.20999908447266,527.8800048828125,478.42999267578125,180.63999938964844,24.399999618530273,395.2300109863281,323.7699890136719,107.11000061035156,117.0199966430664
2025-11-21,271.489990234375,179.6999969482422,550.4299926757812,149.97999572753906,774.030029296875,203.89999389648438,298.0199890136719,72.94999694824219,540.4000244140625,472.1199951171875,178.8800048828125,25.040000915527344,391.0899963378906,327.9800109863281,105.31999969482422,117.08000183105469
2025-11-24,275.9200134277344,179.1199951171875,559.5999755859375,149.75,790.7100219726562,206.0500030517578,298.0,72.58999633789062,537.8499755859375,474.0,182.5500030517578,25.219999313354492,417.7799987792969,329.29998779296875,104.05999755859375,115.97000122070312
2025-11-25,276.9700012207031,182.44000244140625,566.6099853515625,148.52999877929688,802.3200073242188,206.6699981689453,303.0,72.61000061035156,546.469970703125,476.989990234375,177.82000732421875,25.719999313354492,419.3999938964844,334.5299987792969,107.0,114.51000213623047
2025-11-26,277.54998779296875,186.9199981689453,573.72998046875,149.50999450683594,816.010009765625,207.55999755859375,307.6400146484375,72.87999725341797,544.9299926757812,485.5,180.25999450683594,25.709999084472656,426.5799865722656,333.7900085449219,109.0999984741211,114.7699966430664
2025-11-28,278.8500061035156,189.0,575.760009765625,151.1300048828125,826.0399780273438,206.9199981689453,313.0799865722656,73.12000274658203,550.530029296875,492.010009765625,177.0,25.739999771118164,430.1700134277344,334.44000244140625,110.51000213623047,115.91999816894531
2025-12-01,283.1000061035156,186.4600067138672,568.0599975585938,152.5399932861328,810.8599853515625,205.33999633789062,308.9200134277344,71.94999694824219,543.969970703125,486.739990234375,179.9199981689453,25.270000457763672,430.1400146484375,330.3900146484375,111.52999877929688,116.62999725341797
2025-12-02,286.19000244140625,205.3800048828125,582.469970703125,150.25,815.2100219726562,205.4199981689453,307.8800048828125,70.66999816894531,545.9099731445312,490.0,181.4600067138672,25.149999618530273,429.239990234375,329.6199951171875,112.41000366210938,115.37999725341797
2025-12-03,284.1499938964844,202.5399932861328,591.489990234375,151.58999633789062,836.5700073242188,205.3300018310547,312.1300048828125,70.80999755859375,553.72998046875,477.7300109863281,179.58999633789062,25.56999969482422,446.739990234375,329.6099853515625,114.41000366210938,117.80000305175781
2025-12-04,280.70001220703125,201.8699951171875,599.1500244140625,152.25999450683594,837.8300170898438,202.47999572753906,316.1000061035156,70.44999694824219,542.3099975585938,480.8399963378906,183.3800048828125,25.700000762939453,454.5299987792969,327.1000061035156,114.83999633789062,117.13999938964844
2025-12-05,278.7799987792969,201.88999938964844,603.1699829101562,150.0,854.5599975585938,201.92999267578125,315.0400085449219,70.0,545.52001953125,483.1600036621094,182.41000366210938,26.030000686645508,455.0,331.239990234375,115.11000061035156,116.54000091552734
2025-12-08,277.8900146484375,206.27000427246094,596.5,148.7100067138672,866.6900024414062,201.6199951171875,315.2099914550781,70.25,540.4400024414062,491.0199890136719,185.5500030517578,25.770000457763672,439.5799865722656,326.8399963378906,113.55999755859375,115.9800033569336
2025-12-09,277.17999267578125,200.3699951171875,594.3599853515625,148.49000549316406,876.5800170898438,199.9600067138672,300.510009765625,70.08999633789062,537.5499877929688,492.0199890136719,184.97000122070312,25.329999923706055,445.1700134277344,326.5,115.05999755859375,118.25
2025-12-10,278.7799987792969,198.72000122070312,615.3499755859375,151.41000366210938,889.239990234375,206.5399932861328,310.1099853515625,70.20999908447266,538.8599853515625,478.55999755859375,183.77999877929688,25.780000686645508,451.45001220703125,325.7300109863281,113.18000030517578,119.54000091552734
2025-12-11,278.0299987792969,200.7100067138672,625.6099853515625,150.72000122070312,911.030029296875,210.00999450683594,317.3800048828125,69.11000061035156,563.3699951171875,483.4700012207031,180.92999267578125,25.799999237060547,446.8900146484375,345.6300048828125,115.5199966430664,119.54000091552734
2025-12-12,278.2799987792969,204.3800048828125,597.8900146484375,149.99000549316406,887.9600219726562,211.5800018310547,318.5199890136719,70.5199966430664,571.9299926757812,478.5299987792969,175.02000427246094,25.850000381469727,458.9599914550781,347.8299865722656,116.69999694824219,118.81999969482422
2025-12-15,274.1099853515625,205.5,589.760009765625,149.8000030517578,889.5900268554688,214.1699981689453,320.0199890136719,70.97000122070312,569.1300048828125,474.82000732421875,176.2899932861328,26.43000030517578,475.30999755859375,346.8900146484375,116.79000091552734,117.76000213623047
2025-12-16,274.6099853515625,206.7100067138672,588.9299926757812,146.75,879.1500244140625,209.3000030517578,315.54998779296875,70.37000274658203,566.02001953125,476.3900146484375,177.72000122070312,25.530000686645508,489.8800048828125,345.1099853515625,115.41999816894531,114.68000030517578
2025-12-17,271.8399963378906,206.3300018310547,561.8900146484375,149.52000427246094,872.3300170898438,210.3300018310547,314.9800109863281,70.66999816894531,565.469970703125,476.1199951171875,170.94000244140625,25.040000915527344,467.260009765625,344.4100036621094,115.66000366210938,117.41000366210938
2025-12-18,272.19000244140625,208.27000427246094,565.8300170898438,147.69000244140625,876.2999877929688,208.30999755859375,313.0,70.36000061035156,566.2100219726562,483.9800109863281,174.13999938964844,25.040000915527344,483.3699951171875,346.010009765625,114.83000183105469,116.54000091552734
2025-12-19,273.6700134277344,214.0800018310547,576.219970703125,147.75,893.47998046875,206.3699951171875,317.2099914550781,70.05999755859375,572.22998046875,485.9200134277344,180.99000549316406,25.190000534057617,481.20001220703125,349.25,114.36000061035156,116.69000244140625
2025-12-22,270.9700012207031,216.83999633789062,582.4099731445312,149.8000030517578,899.0,207.32000732421875,323.0899963378906,70.20999908447266,575.7000122070312,484.9200134277344,183.69000244140625,25.209999084472656,488.7300109863281,352.0899963378906,112.5999984741211,118.1500015258789
2025-12-23,272.3599853515625,216.85000610351562,582.4199829101562,150.50999450683594,901.7100219726562,205.77999877929688,325.92999267578125,69.87000274658203,576.3499755859375,486.8500061035156,189.2100067138672,24.8799991607666,485.55999755859375,353.3800048828125,110.9000015258789,119.41999816894531
2025-12-24,273.80999755859375,218.16000366210938,583.760009765625,150.5,910.780029296875,207.77999877929688,329.1700134277344,70.11000061035156,579.4500122070312,488.0199890136719,188.61000061035156,25.030000686645508,485.3999938964844,355.1400146484375,111.61000061035156,119.22000122070312
2025-12-26,273.3999938964844,216.44000244140625,583.0,150.02000427246094,907.0399780273438,207.6300048828125,327.9100036621094,69.87000274658203,579.5999755859375,487.7099914550781,190.52999877929688,25.09000015258789,475.19000244140625,355.0,111.73999786376953,119.11000061035156
2025-12-29,273.760009765625,217.25,578.6099853515625,150.99000549316406,892.1799926757812,207.55999755859375,323.75,70.16000366210938,577.9000244140625,487.1000061035156,188.22000122070312,25.0,459.6400146484375,354.6099853515625,112.52999877929688,120.52999877929688
2025-12-30,273.0799865722656,218.5,577.3900146484375,152.30999755859375,884.4199829101562,206.91000366210938,323.4200134277344,70.06999969482422,577.4199829101562,487.4800109863281,187.5399932861328,24.989999771118164,454.42999267578125,353.6199951171875,111.91999816894531,120.98999786376953
2025-12-31,271.8599853515625,217.1199951171875,572.8699951171875,152.41000366210938,879.0,206.9499969482422,322.2200012207031,69.91000366210938,570.8800048828125,483.6199951171875,186.5,24.899999618530273,449.7200012207031,350.7099914550781,111.41000366210938,120.33999633789062
2026-01-02,271.010009765625,227.77000427246094,598.4099731445312,155.89999389648438,914.3400268554688,207.35000610351562,325.4800109863281,69.12000274658203,563.1300048828125,472.94000244140625,188.85000610351562,25.18000030517578,438.07000732421875,346.4800109863281,112.76000213623047,122.6500015258789
2026-01-05,267.260009765625,228.1300048828125,616.0999755859375,163.85000610351562,948.4400024414062,204.30999755859375,334.0400085449219,67.94000244140625,568.5700073242188,472.8500061035156,188.1199951171875,25.170000076293945,451.6700134277344,353.79998779296875,112.70999908447266,125.36000061035156
2026-01-06,262.3599853515625,229.83999633789062,623.0900268554688,156.5399932861328,955.469970703125,204.7899932861328,334.6099853515625,67.83999633789062,580.3400268554688,478.510009765625,187.24000549316406,25.43000030517578,432.9599914550781,357.55999755859375,114.33999633789062,121.05000305175781
2026-01-07,260.3299865722656,228.1199951171875,596.52001953125,155.1999969482422,941.02001953125,207.49000549316406,326.989990234375,67.54000091552734,579.9199829101562,483.4700012207031,189.11000061035156,25.280000686645508,431.4100036621094,355.8800048828125,112.72000122070312,118.48999786376953
2026-01-08,259.0400085449219,227.3800048828125,608.1300048828125,159.25,934.8300170898438,205.75,329.7900085449219,69.37000274658203,580.0700073242188,478.1099853515625,185.0399932861328,25.290000915527344,435.79998779296875,352.2300109863281,113.06999969482422,122.91000366210938
2026-01-09,259.3699951171875,234.52999877929688,617.6199951171875,162.11000061035156,938.97998046875,204.38999938964844,329.19000244140625,70.51000213623047,575.5399780273438,479.2799987792969,184.86000061035156,25.479999542236328,445.010009765625,349.7699890136719,114.52999877929688,124.61000061035156
2026-01-12,260.25,239.80999755859375,629.77001953125,162.33999633789062,949.5499877929688,209.72000122070312,324.489990234375,70.5,566.280029296875,477.17999267578125,184.94000244140625,25.270000457763672,448.9599914550781,343.20001220703125,117.97000122070312,124.02999877929688
2026-01-13,261.04998779296875,244.5500030517578,636.530029296875,163.8699951171875,938.1500244140625,213.64999389648438,310.8999938964844,71.23999786376953,544.989990234375,470.6700134277344,185.80999755859375,25.149999618530273,447.20001220703125,327.8800048828125,120.36000061035156,126.54000091552734
2026-01-14,259.9599914550781,242.61000061035156,638.75,167.24000549316406,932.6699829101562,218.5500030517578,307.8699951171875,71.44000244140625,546.8200073242188,459.3800048828125,183.13999938964844,25.579999923706055,439.20001220703125,329.1700134277344,120.04000091552734,130.1999969482422
2026-01-15,258.2099914550781,247.74000549316406,647.1799926757812,166.16000366210938,975.8599853515625,219.57000732421875,309.260009765625,70.4800033569336,542.6500244140625,456.6600036621094,187.0500030517578,25.889999389648438,438.57000732421875,327.75,119.19999694824219,129.1300048828125
2026-01-16,255.52999877929688,247.67999267578125,646.8900146484375,166.25999450683594,962.0,218.66000366210938,312.4700012207031,70.44000244140625,539.489990234375,459.8599853515625,186.22999572753906,25.649999618530273,437.5,328.29998779296875,119.69999694824219,129.88999938964844
2026-01-20,246.6999969482422,249.0,629.0,165.3000030517578,943.3699951171875,218.2100067138672,302.739990234375,71.75,531.739990234375,454.5199890136719,178.07000732421875,25.520000457763672,419.25,325.82000732421875,118.70999908447266,130.4600067138672
2026-01-21,247.64999389648438,250.07000732421875,645.3800048828125,166.72999572753906,953.010009765625,218.00999450683594,302.0400085449219,72.01000213623047,527.5700073242188,444.1099853515625,183.32000732421875,25.889999389648438,431.44000244140625,325.2799987792969,119.36000061035156,133.61000061035156
2026-01-22,248.35000610351562,251.41000366210938,648.4099731445312,166.66000366210938,954.6500244140625,218.49000549316406,303.6300048828125,71.87000274658203,532.8599853515625,451.1400146484375,184.83999633789062,26.100000381469727,449.3599853515625,326.3599853515625,117.83000183105469,133.63999938964844
2026-01-23,248.0399932861328,252.14999389648438,626.6199951171875,166.72000122070312,918.8800048828125,220.13999938964844,297.7200012207031,72.87999725341797,524.739990234375,465.95001220703125,187.6699981689453,25.649999618530273,449.05999755859375,326.17999267578125,117.7300033569336,134.97000122070312
2026-01-26,255.41000366210938,248.42999267578125,635.9199829101562,167.5,931.8599853515625,221.49000549316406,301.0400085449219,72.55999755859375,527.3599853515625,470.2799987792969,186.47000122070312,25.8799991607666,435.20001220703125,328.489990234375,117.63999938964844,134.83999633789062
2026-01-27,258.2699890136719,244.55999755859375,638.9099731445312,169.0500030517578,929.719970703125,224.44000244140625,300.30999755859375,73.55000305175781,520.4099731445312,480.5799865722656,188.52000427246094,26.5,430.8999938964844,325.260009765625,116.94000244140625,136.8300018310547
2026-01-28,256.44000244140625,241.58999633789062,643.280029296875,169.92999267578125,936.8099975585938,227.72000122070312,300.7699890136719,73.05999755859375,521.3699951171875,481.6300048828125,191.52000427246094,25.860000610351562,431.4599914550781,326.9800109863281,116.56999969482422,137.5800018310547
2026-01-29,258.2799987792969,234.0399932861328,665.239990234375,171.19000244140625,940.1199951171875,227.2899932861328,306.4200134277344,73.43000030517578,543.72998046875,433.5,192.50999450683594,26.100000381469727,416.55999755859375,331.79998779296875,117.41000366210938,140.50999450683594
2026-01-30,259.4800109863281,233.72000122070312,657.3599853515625,176.89999389648438,935.4099731445312,227.25,305.8900146484375,74.80999755859375,538.7899780273438,430.2900085449219,191.1300048828125,26.440000534057617,430.4100036621094,321.8299865722656,119.13999938964844,141.39999389648438
2026-02-02,270.010009765625,233.02000427246094,690.9099731445312,174.02999877929688,946.3300170898438,230.75,308.1400146484375,75.33000183105469,555.3699951171875,423.3699951171875,185.61000061035156,26.65999984741211,421.80999755859375,333.8399963378906,124.05999755859375,138.39999389648438
2026-02-03,269.4800109863281,233.14999389648438,702.8900146484375,178.0399932861328,938.989990234375,233.10000610351562,314.8500061035156,76.88999938964844,550.719970703125,411.2099914550781,180.33999633789062,25.770000457763672,421.9599914550781,328.92999267578125,127.70999908447266,143.72999572753906
2026-02-04,276.489990234375,235.9499969482422,691.8200073242188,181.22999572753906,913.2999877929688,234.47000122070312,317.2699890136719,77.3499984741211,553.52001953125,414.19000244140625,174.19000244140625,26.780000686645508,406.010009765625,329.95001220703125,128.0,147.58999633789062
2026-02-05,275.9100036621094,236.9499969482422,678.3099975585938,179.22999572753906,890.4099731445312,237.7899932861328,310.1600036621094,78.51000213623047,551.8900146484375,393.6700134277344,171.8800048828125,26.489999771118164,397.2099914550781,329.1300048828125,126.94000244140625,146.0800018310547
2026-02-06,278.1199951171875,243.02999877929688,726.2000122070312,180.86000061035156,928.75,239.99000549316406,322.3999938964844,79.02999877929688,548.739990234375,401.1400146484375,185.41000366210938,27.219999313354492,411.1099853515625,331.5799865722656,131.17999267578125,149.0500030517578
2026-02-09,274.6199951171875,244.7100067138672,742.1199951171875,182.60000610351562,943.6199951171875,238.63999938964844,322.1000061035156,77.97000122070312,535.3300170898438,413.6000061035156,190.0399932861328,27.049999237060547,417.32000732421875,325.5799865722656,129.02000427246094,151.2100067138672
2026-02-10,273.67999267578125,242.58999633789062,742.3699951171875,182.25999450683594,948.989990234375,238.35000610351562,318.2799987792969,76.80999755859375,540.3900146484375,413.2699890136719,188.5399932861328,27.610000610351562,425.2099914550781,328.1700134277344,126.69999694824219,151.58999633789062
2026-02-11,275.5,236.25999450683594,775.0,185.82000732421875,944.5900268554688,240.86000061035156,310.82000732421875,78.5999984741211,537.4600219726562,404.3699951171875,190.0500030517578,27.729999542236328,428.2699890136719,329.239990234375,128.77000427246094,155.55999755859375
2026-02-12,261.7300109863281,239.35000610351562,758.2899780273438,182.39999389648438,904.5499877929688,244.5500030517578,302.6400146484375,79.0,527.4600219726562,401.8399963378906,186.94000244140625,27.469999313354492,417.07000732421875,324.17999267578125,133.63999938964844,149.92999267578125
2026-02-13,255.77999877929688,242.9600067138672,774.2000122070312,183.74000549316406,905.1400146484375,243.4499969482422,302.54998779296875,78.68000030517578,518.3599853515625,401.32000732421875,182.80999755859375,27.579999923706055,417.44000244140625,314.0799865722656,133.88999938964844,148.4499969482422
2026-02-17,263.8800048828125,244.0399932861328,764.760009765625,180.5500030517578,916.0399780273438,243.3300018310547,307.1300048828125,79.55999755859375,521.9299926757812,396.8599853515625,184.97000122070312,27.3700008392334,410.6300048828125,319.5,128.85000610351562,146.19000244140625
2026-02-18,264.3500061035156,238.92999267578125,751.969970703125,183.8699951171875,933.72998046875,244.99000549316406,308.7799987792969,79.48999786376953,527.97998046875,399.6000061035156,187.97999572753906,27.3700008392334,411.32000732421875,320.29998779296875,126.62000274658203,150.67999267578125
2026-02-19,260.5799865722656,233.7100067138672,760.530029296875,184.77999877929688,916.6500244140625,246.91000366210938,308.04998779296875,78.91000366210938,520.260009765625,398.4599914550781,187.89999389648438,26.860000610351562,411.7099914550781,318.92999267578125,124.87000274658203,150.97000122070312
2026-02-20,264.5799865722656,232.02999877929688,759.739990234375,183.92999267578125,922.239990234375,242.49000549316406,310.7900085449219,79.83999633789062,526.4099731445312,397.2300109863281,189.82000732421875,26.649999618530273,411.82000732421875,320.95001220703125,122.98999786376953,147.27999877929688
2026-02-23,266.17999267578125,230.44000244140625,756.469970703125,184.91000366210938,892.3099975585938,245.83999633789062,297.6700134277344,80.55999755859375,496.0299987792969,384.4700012207031,191.5500030517578,27.059999465942383,399.8299865722656,306.5199890136719,125.80999755859375,150.75999450683594
2026-02-24,272.1400146484375,233.38999938964844,768.22998046875,185.33999633789062,902.27001953125,246.27999877929688,297.29998779296875,80.72000122070312,498.0,389.0,192.85000610351562,27.139999389648438,409.3800048828125,307.2200012207031,126.75,149.25999450683594
2026-02-25,274.2300109863281,230.36000061035156,766.6099853515625,184.22000122070312,921.3800048828125,245.1699981689453,303.29998779296875,80.47000122070312,509.3900146484375,400.6000061035156,195.55999755859375,27.09000015258789,417.3999938964844,312.989990234375,125.75,149.05999755859375
2026-02-26,272.95001220703125,229.41000366210938,752.9299926757812,184.16000366210938,929.0,243.47000122070312,306.1300048828125,80.5,514.77001953125,401.7200012207031,184.88999938964844,27.100000381469727,408.5799865722656,316.70001220703125,124.41999816894531,148.5399932861328
2026-02-27,264.17999267578125,227.52999877929688,742.8300170898438,186.75999450683594,859.5700073242188,248.42999267578125,300.29998779296875,81.55999755859375,517.2100219726562,392.739990234375,177.19000244140625,27.649999618530273,402.510009765625,320.1400146484375,127.94999694824219,152.5
2026-03-02,264.7200012207031,229.74000549316406,752.3200073242188,189.60000610351562,861.7000122070312,248.55999755859375,297.55999755859375,80.22000122070312,521.0,398.54998779296875,182.47999572753906,27.260000228881836,403.32000732421875,320.510009765625,127.0999984741211,154.22000122070312
2026-03-03,263.75,224.1199951171875,722.1799926757812,188.77000427246094,862.5800170898438,246.75,300.260009765625,79.33999633789062,524.3200073242188,403.92999267578125,180.0500030517578,26.579999923706055,392.42999267578125,320.8299865722656,127.91000366210938,151.8300018310547
2026-03-04,262.5199890136719,227.30999755859375,731.969970703125,186.02999877929688,867.25,245.3000030517578,299.3900146484375,78.0999984741211,522.9199829101562,405.20001220703125,183.0399932861328,26.6200008392334,405.94000244140625,320.4700012207031,127.80999755859375,149.82000732421875
2026-03-05,260.2900085449219,222.05999755859375,706.0800170898438,189.89999389648438,835.4600219726562,239.6300048828125,293.54998779296875,77.02999877929688,524.6599731445312,410.67999267578125,183.33999633789062,26.610000610351562,405.54998779296875,319.79998779296875,123.30999755859375,150.75999450683594
2026-03-06,257.4599914550781,231.11000061035156,680.9000244140625,189.94000244140625,821.4199829101562,240.39999389648438,289.4800109863281,77.04000091552734,522.3400268554688,408.9599914550781,177.82000732421875,27.049999237060547,396.7300109863281,317.3599853515625,123.80000305175781,151.2100067138672
2026-03-09,259.8800048828125,225.0,704.8200073242188,189.44000244140625,832.030029296875,242.58999633789062,289.9200134277344,77.80000305175781,517.719970703125,409.4100036621094,182.64999389648438,26.809999465942383,398.67999267578125,315.9700012207031,124.33999633789062,150.44000244140625
2026-03-10,260.8299865722656,217.75999450683594,716.6799926757812,186.2899932861328,833.8099975585938,243.7100067138672,288.7300109863281,77.87999725341797,514.719970703125,405.760009765625,184.77000427246094,27.15999984741211,399.239990234375,314.42999267578125,125.12000274658203,148.1300048828125
2026-03-11,260.80999755859375,214.10000610351562,707.5900268554688,191.7899932861328,823.760009765625,242.99000549316406,287.5199890136719,77.62999725341797,504.0,404.8800048828125,186.02999877929688,27.299999237060547,407.82000732421875,308.9599914550781,123.48999786376953,151.5800018310547
2026-03-12,255.75999450683594,204.75999450683594,700.6900024414062,196.97000122070312,787.52001953125,242.0399932861328,282.8900146484375,77.61000061035156,497.30999755859375,401.8599853515625,183.13999938964844,26.860000610351562,395.010009765625,306.5,125.33000183105469,153.52999877929688
2026-03-13,250.1199951171875,209.88999938964844,693.989990234375,196.82000732421875,782.2100219726562,241.52000427246094,283.44000244140625,77.33999633789062,497.989990234375,395.54998779296875,180.25,26.579999923706055,391.20001220703125,307.1400146484375,126.5199966430664,156.1199951171875
2026-03-16,252.82000732421875,213.47000122070312,699.780029296875,196.83999633789062,794.77001953125,243.19000244140625,286.1600036621094,77.81999969482422,508.5,399.95001220703125,183.22000122070312,26.610000610351562,395.55999755859375,310.1099853515625,125.98999786376953,157.22999572753906
2026-03-17,254.22999572753906,210.82000732421875,702.0,197.97000122070312,807.0399780273438,238.11000061035156,286.8900146484375,77.58000183105469,506.5799865722656,399.4100036621094,181.92999267578125,27.450000762939453,399.2699890136719,308.4599914550781,125.08000183105469,158.80999755859375
2026-03-18,249.94000244140625,205.99000549316406,693.6199951171875,198.61000061035156,805.47998046875,237.27999877929688,287.739990234375,75.97000122070312,488.4700012207031,391.7900085449219,180.39999389648438,27.31999969482422,392.7799987792969,299.0199890136719,121.9800033569336,157.58999633789062
2026-03-19,248.9600067138672,201.17999267578125,688.6500244140625,201.44000244140625,809.5,237.60000610351562,287.9700012207031,75.55000305175781,491.1400146484375,389.0199890136719,178.55999755859375,27.40999984741211,380.29998779296875,299.7099914550781,121.08999633789062,158.16000366210938
2026-03-20,247.99000549316406,195.1199951171875,680.8800048828125,201.72999572753906,813.530029296875,235.3699951171875,286.55999755859375,74.75,496.32000732421875,381.8699951171875,172.6999969482422,26.969999313354492,367.9599914550781,301.6199951171875,119.0199966430664,159.6699981689453
2026-03-23,251.49000549316406,198.41000366210938,701.7000122070312,205.2100067138672,831.27001953125,235.4199981689453,289.9100036621094,75.11000061035156,500.3800048828125,383.0,175.63999938964844,26.770000457763672,380.8500061035156,304.44000244140625,120.72000122070312,161.1300048828125
2026-03-24,251.63999938964844,196.4199981689453,716.6300048828125,206.7899932861328,835.719970703125,235.27000427246094,292.3999938964844,74.66999816894531,498.92999267578125,372.739990234375,175.1999969482422,26.959999084472656,383.0299987792969,303.760009765625,122.05000305175781,165.3800048828125
2026-03-25,252.6199951171875,199.61000061035156,719.0399780273438,205.14999389648438,841.8400268554688,239.92999267578125,295.4200134277344,75.25,502.760009765625,371.0400085449219,178.67999267578125,27.280000686645508,385.95001220703125,304.9100036621094,123.05999755859375,163.25999450683594
2026-03-26,252.88999938964844,194.36000061035156,703.1900024414062,207.7899932861328,822.6400146484375,239.24000549316406,291.6600036621094,74.69000244140625,500.75,365.9700012207031,171.24000549316406,27.56999969482422,372.1099853515625,305.5299987792969,122.18000030517578,165.42999267578125
2026-03-27,248.8000030517578,190.52000427246094,695.4000244140625,211.14999389648438,802.8900146484375,240.4499969482422,282.8399963378906,75.70999908447266,484.239990234375,356.7699890136719,167.52000427246094,27.040000915527344,361.8299865722656,295.5199890136719,122.88999938964844,170.99000549316406
2026-03-30,246.6300048828125,189.2100067138672,667.4299926757812,210.7100067138672,807.5999755859375,242.49000549316406,283.7699890136719,76.2699966430664,494.0,358.9599914550781,165.1699981689453,27.770000457763672,355.2799987792969,299.5400085449219,123.5,171.47000122070312
2026-03-31,253.7899932861328,199.02999877929688,708.4600219726562,206.89999389648438,845.989990234375,244.44000244140625,294.1600036621094,76.05000305175781,499.6600036621094,370.1700134277344,174.39999389648438,28.079999923706055,371.75,302.239990234375,124.27999877929688,169.66000366210938
2026-04-01,255.6300048828125,207.32000732421875,730.3200073242188,197.41000366210938,860.2100219726562,244.1199951171875,295.3800048828125,76.08000183105469,491.6499938964844,369.3699951171875,175.75,28.549999237060547,381.260009765625,298.510009765625,124.73999786376953,160.77999877929688
2026-04-02,255.9199981689453,208.22000122070312,717.219970703125,198.97000122070312,863.0399780273438,243.0399932861328,294.6000061035156,76.72000122070312,493.44000244140625,373.4599914550781,177.38999938964844,28.31999969482422,360.5899963378906,300.79998779296875,125.79000091552734,160.69000244140625
2026-04-06,258.8599853515625,212.3000030517578,721.239990234375,198.86000061035156,866.0499877929688,240.97000122070312,295.45001220703125,77.22000122070312,501.5,372.8800048828125,177.63999938964844,27.829999923706055,352.82000732421875,303.3299865722656,126.79000091552734,163.3699951171875
2026-04-07,253.5,210.0,724.4400024414062,201.5399932861328,864.1500244140625,238.41000366210938,297.3999938964844,75.91000366210938,498.2799987792969,372.2900085449219,178.10000610351562,27.100000381469727,346.6499938964844,302.54998779296875,122.48999786376953,163.91000366210938
2026-04-08,258.8999938964844,217.8000030517578,771.5800170898438,192.88999938964844,905.75,241.3000030517578,307.9700012207031,77.29000091552734,507.1199951171875,374.3299865722656,182.0800018310547,27.469999313354492,343.25,308.9599914550781,127.26000213623047,156.22000122070312
2026-04-09,260.489990234375,220.05999755859375,787.0700073242188,190.36000061035156,903.719970703125,241.30999755859375,310.3299865722656,78.18000030517578,503.57000732421875,373.07000732421875,183.91000366210938,27.219999313354492,345.6199951171875,308.2900085449219,129.1300048828125,155.0399932861328
2026-04-10,260.4800109863281,217.6300048828125,790.6599731445312,188.5500030517578,907.7999877929688,238.4600067138672,309.8699951171875,77.47000122070312,498.6600036621094,370.8699951171875,188.6300048828125,26.920000076293945,348.95001220703125,304.3599853515625,126.7699966430664,152.50999450683594
2026-04-13,259.20001220703125,222.13999938964844,791.72998046875,191.77999877929688,890.7899780273438,237.9600067138672,313.67999267578125,76.41000366210938,508.5799865722656,384.3699951171875,189.30999755859375,27.34000015258789,352.4200134277344,309.3900146484375,124.56999969482422,152.63999938964844
2026-04-14,258.8299865722656,223.77000427246094,794.25,187.02000427246094,909.6300048828125,240.10000610351562,311.1199951171875,75.9000015258789,513.1599731445312,393.1099853515625,196.50999450683594,27.110000610351562,364.20001220703125,311.3699951171875,125.05000305175781,149.24000549316406
2026-04-15,266.42999267578125,223.92999267578125,770.1699829101562,184.91000366210938,899.489990234375,238.6699981689453,305.92999267578125,75.30999755859375,519.9600219726562,411.2200012207031,198.8699951171875,27.190000534057617,391.95001220703125,315.9100036621094,124.76000213623047,149.00999450683594
2026-04-16,263.3999938964844,218.8800048828125,772.6599731445312,188.14999389648438,900.0,234.5399932861328,309.95001220703125,75.18000030517578,518.5399780273438,420.260009765625,198.35000610351562,27.219999313354492,388.8999938964844,315.1000061035156,124.81999969482422,151.97999572753906
2026-04-17,270.2300109863281,223.3800048828125,794.6500244140625,183.99000549316406,925.9500122070312,234.17999267578125,310.2900085449219,75.73999786376953,521.2999877929688,422.7900085449219,201.67999267578125,27.559999465942383,400.6199951171875,317.0199890136719,127.5,146.44000244140625
2026-04-20,273.04998779296875,225.0800018310547,798.4000244140625,183.25,941.739990234375,230.69000244140625,316.989990234375,75.4800033569336,516.6500244140625,418.07000732421875,202.05999755859375,27.520000457763672,392.5,313.94000244140625,127.91999816894531,147.67999267578125
2026-04-21,266.1700134277344,219.16000366210938,800.4500122070312,185.97999572753906,926.5499877929688,226.16000366210938,313.0,74.69999694824219,511.3500061035156,424.1600036621094,199.8800048828125,27.309999465942383,386.4200134277344,309.94000244140625,129.60000610351562,148.36000061035156
2026-04-22,273.1700134277344,231.27999877929688,808.8699951171875,186.32000732421875,934.8400268554688,226.10000610351562,313.0199890136719,74.62999725341797,510.1600036621094,432.9200134277344,202.5,26.799999237060547,387.510009765625,311.2900085449219,129.97999572753906,149.5
2026-04-23,273.42999267578125,234.14999389648438,835.239990234375,187.60000610351562,931.2999877929688,230.64999389648438,311.69000244140625,76.27999877929688,502.3800048828125,415.75,199.63999938964844,26.670000076293945,373.7200012207031,308.8800048828125,132.02999877929688,150.52999877929688
2026-04-24,271.05999755859375,232.44000244140625,830.7899780273438,185.2100067138672,926.9099731445312,227.5,308.2799987792969,76.62999725341797,504.1700134277344,424.6199951171875,208.27000427246094,27.0,376.29998779296875,309.4200134277344,129.9199981689453,148.91000366210938
2026-04-27,267.6099853515625,231.3300018310547,828.7899780273438,184.77999877929688,937.8099975585938,225.33999633789062,311.6300048828125,75.44000244140625,506.42999267578125,424.82000732421875,216.61000061035156,26.790000915527344,378.6700134277344,309.6499938964844,127.58999633789062,148.19000244140625
2026-04-28,270.7099914550781,230.72000122070312,817.8699951171875,188.36000061035156,926.5499877929688,227.7899932861328,311.45001220703125,78.3499984741211,507.6199951171875,429.25,213.1699981689453,26.479999542236328,376.0199890136719,309.29998779296875,127.58999633789062,150.55999755859375
2026-04-29,270.1700134277344,224.11000061035156,810.0499877929688,192.22000122070312,905.5999755859375,227.35000610351562,309.25,78.87000274658203,525.22998046875,424.4599914550781,209.25,26.260000228881836,372.79998779296875,334.8599853515625,128.00999450683594,154.6699981689453
2026-04-30,271.3500061035156,229.02999877929688,890.1099853515625,193.30999755859375,923.77001953125,229.85000610351562,313.2300109863281,78.76000213623047,502.9200134277344,407.7799987792969,199.57000732421875,26.700000762939453,381.6300048828125,329.8399963378906,131.92999267578125,154.3300018310547
2026-05-01,280.1400146484375,227.3800048828125,889.6699829101562,190.6300048828125,923.7100219726562,227.19000244140625,312.4700012207031,78.58000183105469,495.4599914550781,414.44000244140625,198.4499969482422,26.329999923706055,390.82000732421875,328.0299987792969,131.60000610351562,152.75
2026-05-04,276.8299865722656,221.3000030517578,874.780029296875,192.27999877929688,903.27001953125,224.1999969482422,307.6499938964844,78.19000244140625,504.739990234375,413.6199951171875,198.47999572753906,26.299999237060547,392.510009765625,326.8500061035156,130.3300018310547,153.69000244140625
2026-05-05,284.17999267578125,224.3800048828125,904.5900268554688,192.63999938964844,918.8900146484375,225.5500030517578,309.3999938964844,78.4800033569336,497.0799865722656,411.3800048828125,196.5,26.450000762939453,389.3699951171875,322.0299987792969,130.7899932861328,154.8800048828125
2026-05-06,287.510009765625,229.92999267578125,926.9299926757812,185.16000366210938,937.3499755859375,224.6199951171875,314.8999938964844,79.2300033569336,491.8900146484375,413.9599914550781,207.8300018310547,26.530000686645508,398.7300109863281,318.79998779296875,130.0800018310547,148.69000244140625
2026-05-07,287.44000244140625,231.02999877929688,895.6900024414062,182.5,925.8699951171875,222.50999450683594,306.2699890136719,78.43000030517578,500.94000244140625,420.7699890136719,211.5,26.479999542236328,411.7900085449219,321.2799987792969,130.1999969482422,146.5800018310547
2026-05-08,293.32000732421875,237.36000061035156,897.4500122070312,181.6199951171875,936.47998046875,221.32000732421875,302.1000061035156,78.41999816894531,495.4800109863281,415.1199951171875,215.1999969482422,25.68000030517578,428.3500061035156,318.7900085449219,130.42999267578125,144.57000732421875
2026-05-11,292.67999267578125,238.2100067138672,926.7899780273438,184.74000549316406,944.8599853515625,221.42999267578125,300.0,78.66000366210938,497.80999755859375,412.6600036621094,219.44000244140625,25.809999465942383,445.0,323.8599853515625,127.58999633789062,149.67999267578125
2026-05-12,294.79998779296875,236.8699951171875,912.1400146484375,185.9499969482422,945.9000244140625,224.25999450683594,304.8800048828125,80.02999877929688,499.80999755859375,407.7699890136719,220.77999877929688,25.8700008392334,433.45001220703125,326.4200134277344,130.35000610351562,150.6300048828125
2026-05-13,298.8699951171875,240.60000610351562,902.2999877929688,186.0,955.4199829101562,230.4199981689453,300.25,80.26000213623047,490.6400146484375,405.2099914550781,225.8300018310547,25.959999084472656,445.2699890136719,320.30999755859375,131.47000122070312,151.57000732421875
2026-05-14,298.2099914550781,229.2100067138672,920.219970703125,186.63999938964844,968.9600219726562,230.8000030517578,299.9100036621094,80.44999694824219,489.94000244140625,409.42999267578125,235.74000549316406,25.75,443.29998779296875,322.5199890136719,132.4600067138672,152.77999877929688
2026-05-15,300.2300109863281,220.49000549316406,888.3099975585938,191.10000610351562,948.469970703125,226.7100067138672,297.80999755859375,80.81999969482422,494.20001220703125,421.9200134277344,225.32000732421875,25.329999923706055,422.239990234375,325.75,131.4499969482422,157.9199981689453
2026-05-18,297.8399963378906,220.61000061035156,863.9500122070312,196.1199951171875,946.3599853515625,228.9199981689453,300.7300109863281,81.19999694824219,505.7900085449219,423.5400085449219,222.32000732421875,25.329999923706055,409.989990234375,332.6400146484375,133.33999633789062,160.49000549316406
2026-05-19,298.9700012207031,215.00999450683594,860.1500244140625,197.25,928.739990234375,230.0,295.70001220703125,81.91999816894531,499.70001220703125,417.4200134277344,220.61000061035156,25.65999984741211,404.1099853515625,329.9100036621094,134.1999969482422,162.5500030517578
2026-05-20,302.25,222.1999969482422,872.5599975585938,191.3300018310547,982.1199951171875,229.32000732421875,301.9800109863281,81.55000305175781,498.0400085449219,421.05999755859375,223.47000122070312,25.790000915527344,417.260009765625,330.75,130.85000610351562,156.27999877929688
2026-05-21,304.989990234375,219.61000061035156,865.9500122070312,191.00999450683594,988.1699829101562,231.72999572753906,303.0,81.16999816894531,499.6199951171875,419.0899963378906,219.50999450683594,25.950000762939453,417.8500061035156,331.1199951171875,121.33999633789062,155.2899932861328
2026-05-22,308.82000732421875,219.02000427246094,879.8900146484375,191.42999267578125,996.72998046875,234.33999633789062,306.3800048828125,81.4800033569336,498.5400085449219,418.57000732421875,215.3300018310547,25.899999618530273,426.010009765625,328.8800048828125,120.2699966430664,154.9199981689453
2026-05-26,308.3299865722656,218.89999389648438,908.5499877929688,184.7100067138672,994.52001953125,230.17999267578125,306.739990234375,80.45999908447266,493.010009765625,416.0299987792969,214.86000061035156,25.850000381469727,433.5899963378906,326.4800109863281,118.56999969482422,149.80999755859375
2026-05-27,310.8500061035156,224.3000030517578,909.9299926757812,182.39999389648438,996.469970703125,231.2899932861328,299.2799987792969,81.62000274658203,495.0400085449219,412.6700134277344,212.60000610351562,26.209999084472656,440.3599853515625,327.6099853515625,118.54000091552734,147.89999389648438
2026-05-28,312.510009765625,228.77999877929688,887.6699829101562,183.02999877929688,1008.3699951171875,230.8000030517578,296.7300109863281,80.41000366210938,493.75,426.989990234375,214.25,26.139999389648438,442.1000061035156,324.95001220703125,118.9000015258789,146.9600067138672
2026-05-29,312.05999755859375,231.14999389648438,875.8699951171875,182.4600067138672,1025.56005859375,225.3300018310547,299.30999755859375,79.01000213623047,493.9800109863281,450.239990234375,211.13999938964844,26.18000030517578,435.7900085449219,326.3599853515625,115.75,145.25999450683594
2026-06-01,306.30999755859375,224.3000030517578,865.3599853515625,185.8300018310547,1048.5799560546875,223.50999450683594,296.5799865722656,78.63999938964844,495.25,460.5199890136719,224.36000061035156,25.6299991607666,415.8800048828125,322.7699890136719,114.5999984741211,149.3800048828125
2026-06-02,315.20001220703125,217.6999969482422,909.8099975585938,187.5500030517578,1064.5799560546875,222.88999938964844,300.9599914550781,78.41000366210938,477.67999267578125,441.30999755859375,222.82000732421875,25.549999237060547,423.739990234375,317.32000732421875,113.05999755859375,149.55999755859375
2026-06-03,310.260009765625,210.5800018310547,926.1799926757812,189.7100067138672,1041.02001953125,223.24000549316406,300.8500061035156,78.76000213623047,471.54998779296875,427.3399963378906,214.75,25.34000015258789,423.70001220703125,312.3999938964844,116.88999938964844,152.52999877929688
2026-06-04,311.2300109863281,217.4199981689453,940.47998046875,188.35000610351562,1092.6099853515625,228.1699981689453,310.8900146484375,76.81999969482422,481.760009765625,428.04998779296875,218.66000366210938,25.690000534057617,418.45001220703125,320.17999267578125,117.73999786376953,152.0399932861328
2026-06-05,307.3399963378906,215.4499969482422,904.280029296875,187.30999755859375,1038.6800537109375,232.77000427246094,312.3699951171875,79.4800033569336,491.0799865722656,416.6700134277344,205.10000610351562,26.040000915527344,391.0,323.57000732421875,118.87999725341797,149.9199981689453
2026-06-08,301.5400085449219,215.9199981689453,915.6400146484375,189.24000549316406,1045.0,232.16000366210938,311.1099853515625,79.54000091552734,485.6700134277344,411.739990234375,208.63999938964844,25.6200008392334,408.95001220703125,319.6700134277344,119.83000183105469,151.75
2026-06-09,290.54998779296875,214.50999450683594,914.7000122070312,186.75999450683594,1032.010009765625,237.0,312.70001220703125,81.33999633789062,495.239990234375,403.4100036621094,208.19000244140625,25.700000762939453,396.67999267578125,325.04998779296875,118.87999725341797,148.91000366210938
2026-06-10,291.5799865722656,209.0,856.1599731445312,189.8000030517578,1001.2899780273438,238.49000549316406,309.1400146484375,83.58999633789062,489.0799865722656,397.3599853515625,200.4199981689453,25.600000381469727,381.5899963378906,322.9599914550781,120.58999633789062,150.6199951171875
2026-06-11,295.6300048828125,221.6300048828125,897.6300048828125,185.82000732421875,1035.6400146484375,238.3300018310547,313.489990234375,82.52999877929688,486.510009765625,390.3399963378906,204.8699951171875,26.170000076293945,399.1499938964844,319.04998779296875,120.5,146.60000610351562
2026-06-12,291.1300048828125,219.0500030517578,910.5700073242188,187.22000122070312,1062.75,240.8699951171875,320.7200012207031,82.62000274658203,489.9800109863281,390.739990234375,205.19000244140625,26.209999084472656,406.42999267578125,322.3900146484375,121.04000091552734,147.00999450683594
2026-06-15,296.4200134277344,228.9499969482422,933.9299926757812,180.39999389648438,1076.1700439453125,235.66000366210938,319.3999938964844,80.91000366210938,490.6400146484375,399.760009765625,212.4499969482422,26.0,411.1499938964844,323.82000732421875,120.81999969482422,140.9199981689453
2026-06-16,299.239990234375,227.49000549316406,945.4600219726562,180.11000061035156,1090.6700439453125,235.17999267578125,331.1400146484375,80.27999877929688,501.3299865722656,393.8299865722656,207.41000366210938,26.040000915527344,404.6600036621094,333.1199951171875,121.02999877929688,141.86000061035156
2026-06-17,295.95001220703125,225.6300048828125,955.9199829101562,177.5800018310547,1099.1400146484375,234.1999969482422,333.4599914550781,79.93000030517578,492.989990234375,378.9100036621094,204.64999389648438,25.920000076293945,396.3800048828125,330.3800048828125,118.12999725341797,140.74000549316406
2026-06-18,298.010009765625,222.72000122070312,985.8200073242188,173.6300048828125,1096.56005859375,228.38999938964844,325.2200012207031,79.38999938964844,489.7900085449219,379.3999938964844,210.69000244140625,25.209999084472656,400.489990234375,327.239990234375,117.18000030517578,137.80999755859375
2026-06-22,297.010009765625,220.8300018310547,1022.280029296875,175.05999755859375,1106.3699951171875,231.2899932861328,331.4800109863281,79.52999877929688,484.0899963378906,367.3399963378906,208.64999389648438,25.079999923706055,405.04998779296875,326.6000061035156,117.18000030517578,138.47000122070312
2026-06-23,294.29998779296875,216.7100067138672,984.239990234375,175.97999572753906,1094.43994140625,239.0800018310547,334.1400146484375,80.30999755859375,488.07000732421875,373.94000244140625,200.0399932861328,24.719999313354492,381.6099853515625,328.4800109863281,119.41999816894531,139.72999572753906
2026-06-24,293.0799865722656,220.25,994.4500122070312,171.4499969482422,1076.9100341796875,241.0,333.45001220703125,80.5999984741211,494.4100036621094,365.4599914550781,199.0,24.040000915527344,375.5299987792969,332.2300109863281,119.0,136.89999389648438
2026-06-25,275.1499938964844,218.1199951171875,1057.010009765625,172.24000549316406,1065.0899658203125,244.8800048828125,335.1199951171875,80.41999816894531,488.9200134277344,352.8299865722656,195.74000549316406,23.670000076293945,375.1199951171875,330.5199890136719,115.77999877929688,137.5500030517578
2026-06-26,283.7799987792969,217.25,997.469970703125,171.05999755859375,1019.6099853515625,254.66000366210938,329.04998779296875,82.62999725341797,499.0199890136719,372.9700012207031,192.52999877929688,24.290000915527344,379.7099914550781,336.2300109863281,115.69000244140625,136.5399932861328
2026-06-29,281.739990234375,214.69000244140625,1033.18994140625,168.47000122070312,1020.2100219726562,258.510009765625,329.3900146484375,82.6500015258789,509.6400146484375,368.57000732421875,194.97000122070312,24.3700008392334,411.8399963378906,341.6499938964844,114.5999984741211,136.05999755859375
2026-06-30,289.3599853515625,216.47000122070312,1064.9000244140625,165.75999450683594,1011.3699951171875,253.97000122070312,327.3299865722656,81.2699966430664,513.5999755859375,373.0199890136719,200.08999633789062,24.079999923706055,420.6000061035156,343.0899963378906,113.26000213623047,136.72000122070312
2026-07-01,294.3800048828125,218.5800018310547,991.4099731445312,165.69000244140625,1019.6099853515625,253.97999572753906,334.07000732421875,81.29000091552734,522.4400024414062,384.2799987792969,197.5800018310547,23.8799991607666,425.29998779296875,351.0799865722656,108.81999969482422,136.27999877929688
2026-07-02,308.6300048828125,226.49000549316406,963.530029296875,169.1999969482422,1021.0,263.0400085449219,334.4700012207031,84.13999938964844,539.3900146484375,390.489990234375,194.8300018310547,24.31999969482422,393.45001220703125,362.1300048828125,111.83999633789062,137.08999633789062
2026-07-06,312.6600036621094,234.5399932861328,969.9199829101562,168.10000610351562,1055.2900390625,259.3299865722656,337.7200012207031,82.95999908447266,533.0999755859375,386.739990234375,195.5500030517578,23.719999313354492,419.7699890136719,357.25,110.6500015258789,136.44000244140625
2026-07-07,310.6600036621094,231.67999267578125,940.1199951171875,174.00999450683594,1042.97998046875,267.239990234375,339.2200012207031,84.05000305175781,531.6199951171875,388.8399963378906,196.92999267578125,24.06999969482422,402.8999938964844,352.20001220703125,111.54000091552734,141.69000244140625
2026-07-08,313.3900146484375,224.9499969482422,948.0800170898438,175.97000122070312,1029.6400146484375,263.3999938964844,330.6199951171875,83.4000015258789,519.8599853515625,383.3399963378906,204.1199951171875,24.049999237060547,394.05999755859375,347.5299987792969,113.0999984741211,141.1300048828125
2026-07-09,316.2200012207031,223.11000061035156,938.3900146484375,174.0500030517578,1055.969970703125,259.1000061035156,335.4700012207031,82.62999725341797,523.2000122070312,384.3599853515625,202.77999877929688,24.25,406.54998779296875,348.20001220703125,112.20999908447266,137.4600067138672
2026-07-10,315.32000732421875,222.27999877929688,952.4099731445312,176.39999389648438,1055.1800537109375,256.9800109863281,336.4700012207031,83.48999786376953,526.739990234375,385.1000061035156,210.9600067138672,24.170000076293945,407.760009765625,348.9700012207031,113.9000015258789,138.8800048828125
2026-07-13,317.30999755859375,215.50999450683594,931.469970703125,182.1999969482422,1045.9100341796875,257.7699890136719,334.5299987792969,84.25,537.7000122070312,390.989990234375,203.52999877929688,24.479999542236328,394.760009765625,357.75,114.77999877929688,144.50999450683594
2026-07-14,314.8599853515625,217.11000061035156,933.3400268554688,181.75999450683594,1140.0,253.85000610351562,342.8900146484375,83.08000183105469,538.02001953125,384.92999267578125,211.8000030517578,24.25,396.17999267578125,356.0199890136719,113.69999694824219,145.08999633789062
2026-07-15,327.5,218.1199951171875,914.2999877929688,181.60000610351562,1152.0699462890625,247.02000427246094,346.9100036621094,82.44999694824219,535.2100219726562,395.6300048828125,212.5,24.81999969482422,394.4599914550781,355.1400146484375,112.52999877929688,144.50999450683594
2026-07-16,333.260009765625,214.33999633789062,877.1699829101562,183.86000061035156,1095.4599609375,249.97000122070312,343.1499938964844,84.91999816894531,551.5399780273438,401.1000061035156,207.39999389648438,25.139999389648438,391.05999755859375,365.1400146484375,114.94999694824219,145.9499969482422
2026-07-17,333.739990234375,214.02999877929688,880.280029296875,187.3800048828125,1065.219970703125,253.0399932861328,341.1000061035156,81.55999755859375,543.5999755859375,393.82000732421875,202.80999755859375,25.049999237060547,380.8399963378906,358.55999755859375,114.23999786376953,147.36000061035156
2026-07-20,326.5899963378906,209.47999572753906,864.2999877929688,189.7100067138672,1055.030029296875,248.82000732421875,338.8699951171875,82.12000274658203,547.4400024414062,402.2900085449219,203.27999877929688,24.75,369.57000732421875,360.57000732421875,112.19999694824219,148.36000061035156
2026-07-21,327.739990234375,204.8000030517578,889.969970703125,191.07000732421875,1085.56005859375,250.61000061035156,345.2300109863281,81.97000122070312,538.2999877929688,397.75,207.2899932861328,24.940000534057617,378.92999267578125,355.82000732421875,110.38999938964844,151.7100067138672
2026-07-22,325.8900146484375,208.64999389648438,889.3099975585938,192.97999572753906,1098.199951171875,255.6300048828125,348.2099914550781,82.19999694824219,531.97998046875,390.3399963378906,212.05999755859375,24.81999969482422,374.010009765625,353.4200134277344,109.33000183105469,154.4499969482422
2026-07-23,321.6600036621094,209.22999572753906,894.5399780273438,194.4199981689453,1074.719970703125,259.2699890136719,349.8999938964844,81.16999816894531,530.2899780273438,381.5799865722656,208.75999450683594,25.010000228881836,319.69000244140625,351.6000061035156,108.4000015258789,156.88999938964844
2026-07-24,333.0199890136719,209.52000427246094,888.72998046875,194.7899932861328,1061.22998046875,263.3999938964844,353.2099914550781,82.25,539.6599731445312,381.70001220703125,206.83999633789062,24.540000915527344,313.0299987792969,355.739990234375,109.47000122070312,156.94000244140625
2026-07-27,336.9100036621094,211.5,873.280029296875,190.0,1048.22998046875,265.95001220703125,356.20001220703125,84.06999969482422,551.7100219726562,389.1000061035156,196.50999450683594,24.670000076293945,309.2200012207031,362.5299987792969,111.73999786376953,154.77000427246094
2026-07-28,340.0799865722656,221.55999755859375,840.8499755859375,187.5800018310547,1033.3399658203125,266.7300109863281,357.30999755859375,88.2699966430664,562.75,393.3500061035156,197.00999450683594,25.25,307.44000244140625,366.5899963378906,113.0999984741211,153.0399932861328
2026-07-29,338.19000244140625,214.00999450683594,782.7100219726562,191.86000061035156,980.75,265.5299987792969,344.7099914550781,89.08000183105469,563.3200073242188,390.5400085449219,190.00999450683594,25.149999618530273,298.32000732421875,368.7300109863281,114.22000122070312,156.75
2026-07-30,333.42999267578125,220.89999389648438,809.1400146484375,192.30999755859375,1024.8599853515625,255.82000732421875,350.8500061035156,88.48999786376953,577.3499755859375,451.1000061035156,195.0399932861328,24.90999984741211,308.8500061035156,366.2699890136719,111.0999984741211,156.97000122070312
2026-07-31,308.9100036621094,216.13999938964844,814.8099975585938,196.8300018310547,1018.3800048828125,256.3500061035156,351.7900085449219,87.58999633789062,573.0999755859375,464.7200012207031,200.75,25.010000228881836,311.2099914550781,366.1300048828125,111.19999694824219,155.44000244140625
2026-08-03,303.4200134277344,233.49000549316406,830.030029296875,193.17999267578125,1027.06005859375,254.41000366210938,352.6400146484375,86.86000061035156,570.969970703125,487.6499938964844,206.63999938964844,25.030000686645508,322.0799865722656,365.6700134277344,110.70999908447266,155.05999755859375
2026-08-04,309.3800048828125,237.16000366210938,876.5399780273438,190.39999389648438,1052.97998046875,254.92999267578125,357.5199890136719,86.55999755859375,571.0999755859375,492.80999755859375,211.94000244140625,25.40999984741211,327.3500061035156,369.5899963378906,111.55000305175781,153.9600067138672
2026-08-05,311.0,240.19000244140625,871.0800170898438,186.41000366210938,1060.3800048828125,257.5899963378906,359.239990234375,86.83000183105469,570.47998046875,487.4599914550781,219.22000122070312,25.809999465942383,321.54998779296875,368.5400085449219,112.33999633789062,151.6300048828125
2026-08-06,312.4100036621094,232.19000244140625,856.9600219726562,189.22999572753906,1032.5799560546875,256.9800109863281,356.29998779296875,86.8499984741211,575.9500122070312,499.8599853515625,218.99000549316406,26.200000762939453,319.5299987792969,370.4700012207031,112.06999969482422,154.83999633789062
2026-08-07,313.3299865722656,234.4199981689453,842.1900024414062,186.55999755859375,1039.6099853515625,259.239990234375,357.5199890136719,87.05000305175781,562.9500122070312,499.989990234375,223.9600067138672,26.760000228881836,328.5799865722656,362.5,111.8499984741211,153.0399932861328
2026-08-10,308.260009765625,232.7899932861328,837.5800170898438,194.91000366210938,1034.510009765625,261.80999755859375,359.7900085449219,86.87000274658203,563.1699829101562,506.05999755859375,217.5500030517578,27.049999237060547,330.8800048828125,361.32000732421875,112.66000366210938,159.7899932861328
2026-08-11,304.9100036621094,233.24000549316406,843.3699951171875,196.66000366210938,1034.4100341796875,259.79998779296875,362.0400085449219,86.4800033569336,561.4400024414062,503.80999755859375,217.5,26.6200008392334,332.80999755859375,362.82000732421875,113.26000213623047,159.8000030517578
2026-08-12,302.25,231.1999969482422,855.5999755859375,196.60000610351562,1037.2099609375,260.8599853515625,365.17999267578125,86.70999908447266,559.72998046875,492.42999267578125,224.08999633789062,26.309999465942383,327.510009765625,359.4200134277344,116.01000213623047,159.75
2026-08-13,305.260009765625,230.3300018310547,854.5999755859375,197.6999969482422,1042.6300048828125,262.0799865722656,363.1099853515625,87.41999816894531,567.0399780273438,496.8800048828125,225.3000030517578,26.799999237060547,339.9599914550781,365.45001220703125,115.72000122070312,158.61000061035156
2026-08-14,305.92999267578125,231.6699981689453,856.5700073242188,200.0,1039.4200439453125,260.3500061035156,362.8399963378906,87.70999908447266,569.2899780273438,495.3999938964844,225.16000366210938,26.790000915527344,342.2699890136719,364.1499938964844,115.2699966430664,160.10000610351562
2026-08-17,305.5899963378906,225.9499969482422,881.6500244140625,202.6999969482422,1051.31005859375,262.3699951171875,360.9599914550781,86.9800033569336,562.260009765625,480.3500061035156,225.00999450683594,26.8700008392334,339.29998779296875,358.8399963378906,114.33000183105469,161.4600067138672
2026-08-18,310.0299987792969,223.05999755859375,840.8699951171875,205.74000549316406,1040.469970703125,271.1099853515625,363.25,88.81999969482422,574.3099975585938,481.6300048828125,219.74000549316406,27.25,336.8699951171875,364.25,115.19999694824219,165.55999755859375
2026-08-19,316.8299865722656,222.1999969482422,816.1500244140625,205.75999450683594,1021.6500244140625,273.4100036621094,357.260009765625,90.3499984741211,573.719970703125,484.30999755859375,217.55999755859375,28.239999771118164,351.1199951171875,365.5400085449219,114.30000305175781,164.77000427246094
2026-08-20,311.29998779296875,215.10000610351562,815.3900146484375,205.77000427246094,1001.9500122070312,267.3699951171875,351.54998779296875,90.5,573.8499755859375,481.1499938964844,216.85000610351562,27.790000915527344,345.1300048828125,365.7300109863281,103.83999633789062,166.14999389648438
2026-08-21,309.3500061035156,214.1999969482422,827.9000244140625,205.27000427246094,1039.280029296875,270.239990234375,351.5799865722656,91.0999984741211,580.6300048828125,483.239990234375,214.72000122070312,28.06999969482422,362.8599853515625,371.0400085449219,103.69999694824219,165.11000061035156
2026-08-24,310.3399963378906,210.4600067138672,811.02001953125,203.08999633789062,1036.280029296875,273.0400085449219,356.3900146484375,91.98999786376953,599.8599853515625,487.30999755859375,208.47999572753906,27.969999313354492,348.95001220703125,382.4100036621094,106.48999786376953,164.0500030517578
2026-08-25,309.8999938964844,211.0800018310547,811.2899780273438,199.88999938964844,1058.8800048828125,273.1400146484375,356.69000244140625,91.63999938964844,599.3699951171875,491.7099914550781,213.0500030517578,28.56999969482422,350.25,384.1400146484375,105.37999725341797,160.63999938964844
2026-08-26,313.45001220703125,212.08999633789062,821.9299926757812,200.2100067138672,1040.4599609375,270.0,356.5,90.08000183105469,598.469970703125,496.3699951171875,209.66000366210938,28.299999237060547,345.82000732421875,383.8999938964844,104.33999633789062,158.19000244140625
2026-08-27,314.5799865722656,209.88999938964844,817.0,199.77000427246094,1040.8699951171875,265.7699890136719,354.2200012207031,89.05999755859375,591.72998046875,505.05999755859375,227.97999572753906,28.020000457763672,354.80999755859375,379.6600036621094,102.62999725341797,156.44000244140625
2026-08-28,319.70001220703125,209.82000732421875,800.25,201.86000061035156,1033.989990234375,268.0400085449219,357.6199951171875,89.66000366210938,595.2999877929688,513.530029296875,217.5500030517578,27.959999084472656,348.75,381.6000061035156,103.08999633789062,156.7100067138672
2026-08-31,316.8500061035156,207.77999877929688,797.469970703125,206.13999938964844,1025.9000244140625,265.8500061035156,356.0199890136719,88.66999816894531,589.3099975585938,507.2900085449219,220.77999877929688,28.459999084472656,367.95001220703125,379.3699951171875,104.87000274658203,160.9499969482422
